# File generated by ImageToStl.com - Free Image and 3D model conversion tools

mtllib material.mtl

# Object_4_0
o obj1
v 0.095016 2.25352001 6.260427
v 0.095016 1.75802088 6.260427
v -0.37033001 1.75802088 6.260427
v -0.37033001 2.25352001 6.260427
v 0.095016 2.25352001 7.39335918
v -0.37033001 2.25352001 7.39335918
v 0.095016 1.75802088 7.39335918
v -0.37033001 1.75802088 7.39335918
v 0.095016 1.75802088 6.260427
v 0.095016 1.75802088 7.39335918
v -0.37033001 1.75802088 7.39335918
v -0.37033001 1.75802088 6.260427
v 0.095016 1.75802088 7.39335918
v 0.095016 1.75802088 6.260427
v 1.08183205 1.75802088 6.26042604
v 0.61648601 1.75802088 6.26042604
v 0.61648601 2.25352001 6.26042604
v 1.08183205 2.25352001 6.26042604
v 0.61648601 2.25352001 7.39335918
v 1.08183205 2.25352001 7.39335918
v 0.61648601 1.75802088 7.39335918
v 1.08183205 1.75802088 7.39335918
v 1.08183205 1.75802088 7.39335918
v 0.61648601 1.75802088 7.39335918
v 0.61648601 1.75802088 6.26042604
v 1.08183205 1.75802088 6.26042604
v 1.08183205 1.75802088 7.39335918
v 1.08183205 1.75802088 6.26042604
v 0.095016 1.63439989 6.260427
v 0.095016 1.13890076 6.260427
v -0.37033001 1.13890076 6.260427
v -0.37033001 1.63439989 6.260427
v 0.095016 1.63439989 7.39335918
v -0.37033001 1.63439989 7.39335918
v 0.095016 1.13890076 7.39335918
v -0.37033001 1.13890076 7.39335918
v 0.095016 1.13890076 6.260427
v 0.095016 1.13890076 7.39335918
v -0.37033001 1.13890076 7.39335918
v -0.37033001 1.13890076 6.260427
v 0.095016 1.13890076 7.39335918
v 0.095016 1.13890076 6.260427
v 1.08183205 1.13890076 6.26042604
v 0.61648601 1.13890076 6.26042604
v 0.61648601 1.63439989 6.26042604
v 1.08183205 1.63439989 6.26042604
v 0.61648601 1.63439989 7.39335918
v 1.08183205 1.63439989 7.39335918
v 0.61648601 1.13890076 7.39335918
v 1.08183205 1.13890076 7.39335918
v 1.08183205 1.13890076 7.39335918
v 0.61648601 1.13890076 7.39335918
v 0.61648601 1.13890076 6.26042604
v 1.08183205 1.13890076 6.26042604
v 1.08183205 1.13890076 7.39335918
v 1.08183205 1.13890076 6.26042604
v 0.095016 1.01124668 6.260427
v 0.095016 0.51574898 6.260427
v -0.37033001 0.51574898 6.260427
v -0.37033001 1.01124668 6.260427
v 0.095016 1.01124668 7.39335918
v -0.37033001 1.01124668 7.39335918
v 0.095016 0.51574898 7.39335918
v -0.37033001 0.51574898 7.39335918
v 0.095016 0.51574898 6.260427
v 0.095016 0.51574898 7.39335918
v -0.37033001 0.51574898 7.39335918
v -0.37033001 0.51574898 6.260427
v 0.095016 0.51574898 7.39335918
v 0.095016 0.51574898 6.260427
v 1.08183205 0.51574898 6.26042604
v 0.61648601 0.51574898 6.26042604
v 0.61648601 1.01124811 6.26042604
v 1.08183205 1.01124811 6.26042604
v 0.61648601 1.01124811 7.39335918
v 1.08183205 1.01124811 7.39335918
v 0.61648601 0.51574898 7.39335918
v 1.08183205 0.51574898 7.39335918
v 1.08183205 0.51574898 7.39335918
v 0.61648601 0.51574898 7.39335918
v 0.61648601 0.51574898 6.26042604
v 1.08183205 0.51574898 6.26042604
v 1.08183205 0.51574898 7.39335918
v 1.08183205 0.51574898 6.26042604
v -0.37033001 -3.64769512 6.260427
v 0.095016 -3.64769512 6.260427
v 0.095016 -4.14319409 6.260427
v -0.37033001 -4.14319409 6.260427
v 0.095016 -4.14319409 7.39335918
v -0.37033001 -4.14319409 7.39335918
v 0.095016 -3.64769512 7.39335918
v -0.37033001 -3.64769512 7.39335918
v -0.37033001 -3.64769512 7.39335918
v 0.095016 -3.64769512 7.39335918
v 0.095016 -3.64769512 6.260427
v -0.37033001 -3.64769512 6.260427
v 0.095016 -3.64769512 6.260427
v 0.095016 -3.64769512 7.39335918
v 0.61648601 -4.14319409 6.26042604
v 0.61648601 -3.64769512 6.26042604
v 1.08183205 -3.64769512 6.26042604
v 1.08183205 -4.14319409 6.26042604
v 0.61648601 -4.14319409 7.39335918
v 1.08183205 -4.14319409 7.39335918
v 0.61648601 -3.64769512 7.39335918
v 1.08183205 -3.64769512 7.39335918
v 0.61648601 -3.64769512 6.26042604
v 0.61648601 -3.64769512 7.39335918
v 1.08183205 -3.64769512 7.39335918
v 1.08183205 -3.64769512 6.26042604
v 1.08183205 -3.64769512 6.26042604
v 1.08183205 -3.64769512 7.39335918
v -0.37033001 -3.02857506 6.260427
v 0.095016 -3.02857506 6.260427
v 0.095016 -3.52407408 6.260427
v -0.37033001 -3.52407408 6.260427
v 0.095016 -3.52407408 7.39335918
v -0.37033001 -3.52407408 7.39335918
v 0.095016 -3.02857506 7.39335918
v -0.37033001 -3.02857506 7.39335918
v -0.37033001 -3.02857506 7.39335918
v 0.095016 -3.02857506 7.39335918
v 0.095016 -3.02857506 6.260427
v -0.37033001 -3.02857506 6.260427
v 0.095016 -3.02857506 6.260427
v 0.095016 -3.02857506 7.39335918
v 0.61648601 -3.52407408 6.26042604
v 0.61648601 -3.02857506 6.26042604
v 1.08183205 -3.02857506 6.26042604
v 1.08183205 -3.52407408 6.26042604
v 0.61648601 -3.52407408 7.39335918
v 1.08183205 -3.52407408 7.39335918
v 0.61648601 -3.02857506 7.39335918
v 1.08183205 -3.02857506 7.39335918
v 0.61648601 -3.02857506 6.26042604
v 0.61648601 -3.02857506 7.39335918
v 1.08183205 -3.02857506 7.39335918
v 1.08183205 -3.02857506 6.26042604
v 1.08183205 -3.02857506 6.26042604
v 1.08183205 -3.02857506 7.39335918
v -0.37033001 -2.40542305 6.260427
v 0.095016 -2.40542305 6.260427
v 0.095016 -2.90092111 6.260427
v -0.37033001 -2.90092111 6.260427
v 0.095016 -2.90092111 7.39335918
v -0.37033001 -2.90092111 7.39335918
v 0.095016 -2.40542305 7.39335918
v -0.37033001 -2.40542305 7.39335918
v -0.37033001 -2.40542305 7.39335918
v 0.095016 -2.40542305 7.39335918
v 0.095016 -2.40542305 6.260427
v -0.37033001 -2.40542305 6.260427
v 0.095016 -2.40542305 6.260427
v 0.095016 -2.40542305 7.39335918
v 0.61648601 -2.90092206 6.26042604
v 0.61648601 -2.40542305 6.26042604
v 1.08183205 -2.40542305 6.26042604
v 1.08183205 -2.90092206 6.26042604
v 0.61648601 -2.90092206 7.39335918
v 1.08183205 -2.90092206 7.39335918
v 0.61648601 -2.40542305 7.39335918
v 1.08183205 -2.40542305 7.39335918
v 0.61648601 -2.40542305 6.26042604
v 0.61648601 -2.40542305 7.39335918
v 1.08183205 -2.40542305 7.39335918
v 1.08183205 -2.40542305 6.26042604
v 1.08183205 -2.40542305 6.26042604
v 1.08183205 -2.40542305 7.39335918
v -0.37033001 1.75802088 -6.260427
v 0.095016 1.75802088 -6.260427
v 0.095016 2.25352001 -6.260427
v -0.37033001 2.25352001 -6.260427
v 0.095016 2.25352001 -7.39335918
v -0.37033001 2.25352001 -7.39335918
v 0.095016 1.75802088 -7.39335918
v -0.37033001 1.75802088 -7.39335918
v -0.37033001 1.75802088 -7.39335918
v 0.095016 1.75802088 -7.39335918
v 0.095016 1.75802088 -6.260427
v -0.37033001 1.75802088 -6.260427
v 0.095016 1.75802088 -6.260427
v 0.095016 1.75802088 -7.39335918
v 0.61648601 2.25352001 -6.26042604
v 0.61648601 1.75802088 -6.26042604
v 1.08183205 1.75802088 -6.26042604
v 1.08183205 2.25352001 -6.26042604
v 0.61648601 2.25352001 -7.39335918
v 1.08183205 2.25352001 -7.39335918
v 0.61648601 1.75802088 -7.39335918
v 1.08183205 1.75802088 -7.39335918
v 0.61648601 1.75802088 -6.26042604
v 0.61648601 1.75802088 -7.39335918
v 1.08183205 1.75802088 -7.39335918
v 1.08183205 1.75802088 -6.26042604
v 1.08183205 1.75802088 -6.26042604
v 1.08183205 1.75802088 -7.39335918
v -0.37033001 1.13890076 -6.260427
v 0.095016 1.13890076 -6.260427
v 0.095016 1.63439989 -6.260427
v -0.37033001 1.63439989 -6.260427
v 0.095016 1.63439989 -7.39335918
v -0.37033001 1.63439989 -7.39335918
v 0.095016 1.13890076 -7.39335918
v -0.37033001 1.13890076 -7.39335918
v -0.37033001 1.13890076 -7.39335918
v 0.095016 1.13890076 -7.39335918
v 0.095016 1.13890076 -6.260427
v -0.37033001 1.13890076 -6.260427
v 0.095016 1.13890076 -6.260427
v 0.095016 1.13890076 -7.39335918
v 0.61648601 1.63439989 -6.26042604
v 0.61648601 1.13890076 -6.26042604
v 1.08183205 1.13890076 -6.26042604
v 1.08183205 1.63439989 -6.26042604
v 0.61648601 1.63439989 -7.39335918
v 1.08183205 1.63439989 -7.39335918
v 0.61648601 1.13890076 -7.39335918
v 1.08183205 1.13890076 -7.39335918
v 0.61648601 1.13890076 -6.26042604
v 0.61648601 1.13890076 -7.39335918
v 1.08183205 1.13890076 -7.39335918
v 1.08183205 1.13890076 -6.26042604
v 1.08183205 1.13890076 -6.26042604
v 1.08183205 1.13890076 -7.39335918
v -0.37033001 0.51574898 -6.260427
v 0.095016 0.51574898 -6.260427
v 0.095016 1.01124668 -6.260427
v -0.37033001 1.01124668 -6.260427
v 0.095016 1.01124668 -7.39335918
v -0.37033001 1.01124668 -7.39335918
v 0.095016 0.51574898 -7.39335918
v -0.37033001 0.51574898 -7.39335918
v -0.37033001 0.51574898 -7.39335918
v 0.095016 0.51574898 -7.39335918
v 0.095016 0.51574898 -6.260427
v -0.37033001 0.51574898 -6.260427
v 0.095016 0.51574898 -6.260427
v 0.095016 0.51574898 -7.39335918
v 0.61648601 1.01124811 -6.26042604
v 0.61648601 0.51574898 -6.26042604
v 1.08183205 0.51574898 -6.26042604
v 1.08183205 1.01124811 -6.26042604
v 0.61648601 1.01124811 -7.39335918
v 1.08183205 1.01124811 -7.39335918
v 0.61648601 0.51574898 -7.39335918
v 1.08183205 0.51574898 -7.39335918
v 0.61648601 0.51574898 -6.26042604
v 0.61648601 0.51574898 -7.39335918
v 1.08183205 0.51574898 -7.39335918
v 1.08183205 0.51574898 -6.26042604
v 1.08183205 0.51574898 -6.26042604
v 1.08183205 0.51574898 -7.39335918
v 0.095016 -4.14319409 -6.260427
v 0.095016 -3.64769512 -6.260427
v -0.37033001 -3.64769512 -6.260427
v -0.37033001 -4.14319409 -6.260427
v 0.095016 -4.14319409 -7.39335918
v -0.37033001 -4.14319409 -7.39335918
v 0.095016 -3.64769512 -7.39335918
v -0.37033001 -3.64769512 -7.39335918
v 0.095016 -3.64769512 -6.260427
v 0.095016 -3.64769512 -7.39335918
v -0.37033001 -3.64769512 -7.39335918
v -0.37033001 -3.64769512 -6.260427
v 0.095016 -3.64769512 -7.39335918
v 0.095016 -3.64769512 -6.260427
v 1.08183205 -3.64769512 -6.26042604
v 0.61648601 -3.64769512 -6.26042604
v 0.61648601 -4.14319409 -6.26042604
v 1.08183205 -4.14319409 -6.26042604
v 0.61648601 -4.14319409 -7.39335918
v 1.08183205 -4.14319409 -7.39335918
v 0.61648601 -3.64769512 -7.39335918
v 1.08183205 -3.64769512 -7.39335918
v 1.08183205 -3.64769512 -7.39335918
v 0.61648601 -3.64769512 -7.39335918
v 0.61648601 -3.64769512 -6.26042604
v 1.08183205 -3.64769512 -6.26042604
v 1.08183205 -3.64769512 -7.39335918
v 1.08183205 -3.64769512 -6.26042604
v 0.095016 -3.52407408 -6.260427
v 0.095016 -3.02857506 -6.260427
v -0.37033001 -3.02857506 -6.260427
v -0.37033001 -3.52407408 -6.260427
v 0.095016 -3.52407408 -7.39335918
v -0.37033001 -3.52407408 -7.39335918
v 0.095016 -3.02857506 -7.39335918
v -0.37033001 -3.02857506 -7.39335918
v 0.095016 -3.02857506 -6.260427
v 0.095016 -3.02857506 -7.39335918
v -0.37033001 -3.02857506 -7.39335918
v -0.37033001 -3.02857506 -6.260427
v 0.095016 -3.02857506 -7.39335918
v 0.095016 -3.02857506 -6.260427
v 1.08183205 -3.02857506 -6.26042604
v 0.61648601 -3.02857506 -6.26042604
v 0.61648601 -3.52407408 -6.26042604
v 1.08183205 -3.52407408 -6.26042604
v 0.61648601 -3.52407408 -7.39335918
v 1.08183205 -3.52407408 -7.39335918
v 0.61648601 -3.02857506 -7.39335918
v 1.08183205 -3.02857506 -7.39335918
v 1.08183205 -3.02857506 -7.39335918
v 0.61648601 -3.02857506 -7.39335918
v 0.61648601 -3.02857506 -6.26042604
v 1.08183205 -3.02857506 -6.26042604
v 1.08183205 -3.02857506 -7.39335918
v 1.08183205 -3.02857506 -6.26042604
v 0.095016 -2.90092111 -6.260427
v 0.095016 -2.40542305 -6.260427
v -0.37033001 -2.40542305 -6.260427
v -0.37033001 -2.90092111 -6.260427
v 0.095016 -2.90092111 -7.39335918
v -0.37033001 -2.90092111 -7.39335918
v 0.095016 -2.40542305 -7.39335918
v -0.37033001 -2.40542305 -7.39335918
v 0.095016 -2.40542305 -6.260427
v 0.095016 -2.40542305 -7.39335918
v -0.37033001 -2.40542305 -7.39335918
v -0.37033001 -2.40542305 -6.260427
v 0.095016 -2.40542305 -7.39335918
v 0.095016 -2.40542305 -6.260427
v 1.08183205 -2.40542305 -6.26042604
v 0.61648601 -2.40542305 -6.26042604
v 0.61648601 -2.90092206 -6.26042604
v 1.08183205 -2.90092206 -6.26042604
v 0.61648601 -2.90092206 -7.39335918
v 1.08183205 -2.90092206 -7.39335918
v 0.61648601 -2.40542305 -7.39335918
v 1.08183205 -2.40542305 -7.39335918
v 1.08183205 -2.40542305 -7.39335918
v 0.61648601 -2.40542305 -7.39335918
v 0.61648601 -2.40542305 -6.26042604
v 1.08183205 -2.40542305 -6.26042604
v 1.08183205 -2.40542305 -7.39335918
v 1.08183205 -2.40542305 -6.26042604
v -0.185334 -0.07651997 8.16423893
v -0.185334 -1.83323407 8.1642437
v -0.10801 -1.83323503 8.16424942
v -0.10801 -0.07651997 8.16424274
v -0.185334 -1.83323503 8.04648399
v -0.185334 -0.07651997 8.04647827
v -0.10801 -0.07651997 8.04647255
v -0.10801 -1.83323503 8.04648209
v -0.10801 -1.83323503 8.04648209
v -0.10801 -0.07651997 8.04647255
v 0.95742702 -0.07651997 8.16423893
v 0.95742702 -1.83323407 8.1642437
v 1.03474998 -1.83323503 8.16424942
v 1.03474998 -0.07651997 8.16424274
v 0.95742702 -1.83323503 8.04648399
v 0.95742702 -0.07651997 8.04647827
v 1.03475106 -0.07651997 8.04647255
v 1.03474998 -1.83323503 8.04648209
v 0.95742702 -0.07651997 8.04647827
v 0.95742702 -1.83323503 8.04648399
v -6.85622597 -0.74166298 -0.203174
v -6.85622597 -0.94483709 -0.28733101
v -6.85622597 -0.94483709 -1E-06
v -6.85622597 -1.14801002 -0.203174
v -6.85622597 -1.2321682 0
v -6.85622597 -1.14801002 0.203173
v -6.85622597 -0.94483709 0.28733101
v -6.85622597 -0.74166298 0.203173
v -6.85622597 -0.65750599 0
v -2.86337709 -0.19770432 0
v -2.86337709 -0.41653419 0.52830201
v -2.56251502 -0.70894003 0.235897
v -2.56251502 -0.61122799 0
v -2.56251502 -0.94483709 0.33360901
v -2.86337709 -0.94483709 0.74713302
v -2.86337709 -0.41653419 -0.52830398
v -2.56251502 -0.70894003 -0.235898
v -2.56251502 -1.18073416 0.235897
v -2.86337709 -1.47313905 0.52830201
v -2.56251502 -1.2784462 0
v -2.86337709 -1.69197011 0
v -2.56251502 -1.18073416 -0.235898
v -2.56251502 -1.2784462 0
v -2.86337709 -1.69197011 0
v -2.86337709 -1.47313905 -0.52830398
v -2.56251502 -0.94483709 -0.33360901
v -2.86337709 -0.94483709 -0.74713302
v -5.63235283 -0.94483709 0.74713302
v -5.63235283 -0.41653419 0.52830201
v -5.63235283 -1.47313905 0.52830201
v -5.63235283 -1.69197011 0
v -5.63235283 -1.47313905 -0.52830398
v -5.63235283 -1.69197011 0
v -5.63235283 -0.94483709 -0.74713302
v -5.63235283 -0.41653419 -0.52830398
v -5.63235283 -0.19770432 0
v -2.56251502 -0.61122799 0
v -2.56251502 -0.70894003 0.235897
v -2.56251502 -0.94483709 0
v -2.56251502 -0.94483709 0.33360901
v -2.56251502 -1.18073416 0.235897
v -2.56251502 -1.2784462 0
v -2.56251502 -1.18073416 -0.235898
v -6.41667986 -0.74166298 -0.203174
v -6.41667986 -0.94483709 -0.28733101
v -6.85622597 -0.94483709 -0.28733101
v -6.41667986 -1.14801002 -0.203174
v -6.85622597 -1.14801002 -0.203174
v -6.41667986 -1.2321682 0
v -6.85622597 -1.2321682 0
v -6.85622597 -1.2321682 0
v -6.41667986 -1.2321682 0
v -6.41667986 -1.14801002 0.203173
v -6.85622597 -1.14801002 0.203173
v -6.41667986 -0.94483709 0.28733101
v -6.85622597 -0.94483709 0.28733101
v -6.41667986 -0.74166298 0.203173
v -6.85622597 -0.74166298 0.203173
v -6.41667986 -0.65750599 0
v -6.20388079 0.01460886 -1E-06
v -6.20387983 -0.26640606 -0.67843199
v -6.36039305 -0.33807802 -0.60676003
v -6.36039305 -0.08675003 -1E-06
v -6.360394 -0.94483709 -0.858087
v -6.20387983 -0.94483709 -0.95944601
v -6.360394 -1.55159616 -0.60676003
v -6.20387983 -1.62326717 -0.67843199
v -6.360394 -1.8029232 -1E-06
v -6.20387983 -1.90428209 -1E-06
v -6.360394 -1.55159616 0.606758
v -6.360394 -1.8029232 -1E-06
v -6.20387983 -1.90428209 -1E-06
v -6.20387983 -1.62326717 0.67843002
v -6.360394 -0.94483709 0.85808599
v -6.20387983 -0.94483709 0.95944601
v -6.36039305 -0.33807802 0.606758
v -6.20387983 -0.26640606 0.67843002
v -6.360394 -0.94483709 -0.858087
v -6.360394 -1.55159616 -0.60676003
v -6.360394 -1.8029232 -1E-06
v -6.360394 -1.8029232 -1E-06
v -6.360394 -1.55159616 0.606758
v -6.360394 -0.94483709 0.85808599
v -6.36039305 -0.33807802 0.606758
v -12.69350624 -0.19770432 0
v -12.69350624 -0.41653419 0.52830201
v -12.39264297 -0.70894003 0.235897
v -12.39264297 -0.61122799 0
v -12.39264297 -0.94483709 0.33360901
v -12.69350624 -0.94483709 0.74713302
v -12.69350624 -0.41653419 -0.52830398
v -12.39264297 -0.70894003 -0.235898
v -12.39264297 -1.18073416 0.235897
v -12.69350624 -1.47313905 0.52830201
v -12.39264297 -1.2784462 0
v -12.69350624 -1.69197011 0
v -12.39264297 -1.18073416 -0.235898
v -12.39264297 -1.2784462 0
v -12.69350624 -1.69197011 0
v -12.69350624 -1.47313905 -0.52830398
v -12.39264297 -0.94483709 -0.33360901
v -12.69350624 -0.94483709 -0.74713302
v -12.39264297 -0.94483709 0
v -12.39264297 -0.94483709 0.33360901
v -12.39264297 -1.18073416 0.235897
v -12.39264297 -1.2784462 0
v -12.39264297 -1.18073416 -0.235898
v -12.39264297 -0.94483709 -0.33360901
v -12.39264297 -0.70894003 -0.235898
v -13.70216846 -0.19770432 0
v -13.70216846 -0.41653419 -0.52830398
v -14.02943802 -0.63614106 -0.30869699
v -14.02943802 -0.50827408 -1E-06
v -14.02943802 -0.94483709 -0.43656299
v -13.70216846 -0.94483709 -0.74713302
v -14.02943802 -1.25353312 -0.30869699
v -13.70216846 -1.47313905 -0.52830398
v -14.02943802 -1.38139915 -1E-06
v -13.70216846 -1.69197011 0
v -14.02943802 -1.25353312 0.308696
v -14.02943802 -1.38139915 -1E-06
v -13.70216846 -1.69197011 0
v -13.70216846 -1.47313905 0.52830201
v -14.02943802 -0.94483709 0.436562
v -13.70216846 -0.94483709 0.74713302
v -14.02943802 -0.63614106 0.308696
v -13.70216846 -0.41653419 0.52830201
v -14.02943802 -0.63614106 -0.30869699
v -14.02943802 -0.94483709 -0.43656299
v -14.02943802 -0.94483709 -1E-06
v -14.02943802 -1.25353312 -0.30869699
v -14.02943802 -1.38139915 -1E-06
v -14.02943802 -1.25353312 0.308696
v -14.02943802 -0.94483709 0.436562
v 0.57586002 -0.41653419 -0.52830398
v 0.57586002 -0.94483709 -0.74713302
v 0.57586002 -0.94483709 0
v 0.57586002 -1.47314 -0.52830398
v 0.57586002 -1.69197011 0
v 0.57586002 -1.47314 0.52830201
v 0.57586002 -0.94483709 0.74713302
v 0.57586002 -0.41653419 0.52830201
v 0.57586002 -0.19770432 0
v 6.67245817 -0.94483709 -0.74713302
v 6.67245817 -0.41653419 -0.52830398
v 6.8843689 -0.53274918 -0.41208899
v 6.8843689 -0.94483709 -0.58278102
v 6.8843689 -0.36205721 0
v 6.67245817 -0.19770432 0
v 6.67245817 -1.47314 -0.52830398
v 6.8843689 -1.35692501 -0.41208899
v 6.67245817 -1.69197011 0
v 6.8843689 -1.52761698 0
v 6.67245817 -1.47314 0.52830201
v 6.67245817 -1.69197011 0
v 6.8843689 -1.52761698 0
v 6.8843689 -1.35692501 0.41208699
v 6.67245817 -0.94483709 0.74713302
v 6.8843689 -0.94483709 0.58278
v 6.67245817 -0.41653419 0.52830201
v 6.8843689 -0.53274918 0.41208699
v 7.44635105 -1.04025102 -0.208628
v 7.44635105 -0.89272809 -0.147522
v 7.44635105 -0.94483709 0
v 7.44635105 -1.18777204 -0.147522
v 7.44635105 -1.248878 0
v 7.44635105 -1.18777299 0.147521
v 7.44635105 -1.04025102 0.208627
v 7.44635105 -0.89272809 0.147521
v 7.44635105 -0.83162308 0
v 6.8843689 -0.94483709 -0.388282
v 6.8843689 -0.67028117 -0.27455699
v 6.8843689 -1.21939301 -0.27455699
v 6.8843689 -1.3331182 0
v 6.8843689 -1.21939301 0.27455601
v 6.8843689 -1.3331182 0
v 6.8843689 -0.94483709 0.38828099
v 6.8843689 -0.67028117 0.27455601
v 6.8843689 -0.55655599 0
v 7.23709679 -1.04025102 -0.208628
v 7.23709679 -0.89272809 -0.147522
v 7.23709679 -1.18777204 -0.147522
v 7.23709679 -1.248878 0
v 7.23709679 -1.18777299 0.147521
v 7.23709679 -1.248878 0
v 7.23709679 -1.04025102 0.208627
v 7.23709679 -0.89272809 0.147521
v 7.23709679 -0.83162308 0
v 7.44635105 -1.04025102 -0.208628
v 7.44635105 -0.89272809 -0.147522
v 7.44635105 -1.18777299 0.147521
v 7.44635105 -1.248878 0
v 7.44635105 -1.04025102 0.208627
v 7.44635105 -0.89272809 0.147521
v 7.44635105 -0.83162308 0
v 3.64569807 -0.34216809 0
v 3.64569807 -0.51868606 0.42615101
v 3.98380899 -0.51868606 0.42615101
v 3.98380899 -0.34216809 0
v 3.98380899 -0.94483709 0.602669
v 3.64569807 -0.94483709 0.602669
v 3.98380899 -1.37098813 0.42615101
v 3.64569807 -1.37098813 0.42615101
v 3.98380899 -1.54750609 0
v 3.64569807 -1.54750609 0
v 3.98380899 -1.37098813 -0.42615199
v 3.98380899 -1.54750609 0
v 3.64569807 -1.54750609 0
v 3.64569807 -1.37098813 -0.42615199
v 3.98380899 -0.94483709 -0.602669
v 3.64569807 -0.94483709 -0.602669
v 3.98380899 -0.51868606 -0.42615199
v 3.64569807 -0.51868606 -0.42615199
v 4.08620691 -0.41653419 -0.52830398
v 4.08620691 -0.94483709 -0.74713302
v 4.08620691 -1.47314 -0.52830398
v 4.08620691 -1.69197011 0
v 4.08620691 -1.69197011 0
v 4.08620691 -1.47314 0.52830201
v 4.08620691 -0.94483709 0.74713302
v 4.08620691 -0.41653419 0.52830201
v 4.08620691 -0.19770432 0
v 0.57586002 -0.94483709 0.74713302
v 3.54329801 -0.94483709 0.74713302
v 3.54329801 -0.41653419 0.52830201
v 0.57586002 -1.47314 0.52830201
v 3.54329801 -1.47314 0.52830201
v 0.57586002 -1.69197011 0
v 3.54329801 -1.69197011 0
v 0.57586002 -1.47314 -0.52830398
v 3.54329801 -1.47314 -0.52830398
v 3.54329801 -1.69197011 0
v 0.57586002 -1.69197011 0
v 0.57586002 -0.94483709 -0.74713302
v 3.54329801 -0.94483709 -0.74713302
v 0.57586002 -0.41653419 -0.52830398
v 3.54329801 -0.41653419 -0.52830398
v 3.54329801 -0.19770432 0
v 6.33932877 -1.84827113 0
v 6.19257212 -1.84827113 -0.35429999
v 6.03133011 -1.6351831 -0.193057
v 6.11129713 -1.6351831 0
v 5.83827305 -1.6351831 -0.27302399
v 5.83827305 -1.84827113 -0.50105703
v 5.64521503 -1.6351831 -0.193057
v 5.83827305 -1.6351831 -0.27302399
v 5.83827305 -1.84827113 -0.50105703
v 5.48397207 -1.84827113 -0.35429999
v 5.56524706 -1.6351831 0
v 5.33721399 -1.84827113 0
v 5.64521503 -1.6351831 0.193058
v 5.48397207 -1.84827113 0.35430101
v 5.83827305 -1.6351831 0.27302501
v 5.83827305 -1.84827113 0.50105703
v 6.03133011 -1.6351831 0.193058
v 6.19257212 -1.84827113 0.35430101
v 6.19904804 -2.98846209 0
v 6.09337902 -2.98846209 -0.25510699
v 6.19257212 -2.85886014 -0.35429999
v 6.33932877 -2.85886014 0
v 5.83827305 -2.85886014 -0.50105703
v 5.83827305 -2.98846209 -0.36077601
v 5.48397207 -2.85886014 -0.35429999
v 5.83827305 -2.85886014 -0.50105703
v 5.83827305 -2.98846209 -0.36077601
v 5.58316708 -2.98846209 -0.25510699
v 5.33721399 -2.85886014 0
v 5.47749615 -2.98846209 0
v 5.48397207 -2.85886014 0.35430101
v 5.58316708 -2.98846209 0.25510699
v 5.83827305 -2.85886014 0.50105703
v 5.83827305 -2.98846209 0.36077601
v 6.19257212 -2.85886014 0.35430101
v 6.09337902 -2.98846209 0.25510699
v 5.83827305 -2.98846209 0
v 5.58316708 -2.98846209 -0.25510699
v 5.83827305 -2.98846209 -0.36077601
v 5.47749615 -2.98846209 0
v 5.58316708 -2.98846209 0.25510699
v 5.83827305 -2.98846209 0.36077601
v 6.09337902 -2.98846209 0.25510699
v 6.19904804 -2.98846209 0
v -7.80435991 1.01175499 0
v -7.60774899 1.01175499 0.474646
v -7.33938503 1.24874496 0.206277
v -7.42482805 1.24874496 0
v -7.13310814 1.24874496 0.29172
v -7.13310814 1.01175499 0.67125201
v -7.60774899 1.01175499 -0.474648
v -7.33938503 1.24874496 -0.206278
v -6.92682695 1.24874496 0.206277
v -6.65845823 1.01175499 0.474646
v -6.84138489 1.24874496 0
v -6.46185398 1.01175499 0
v -6.92682695 1.24874496 -0.206278
v -6.65845823 1.01175499 -0.474648
v -7.13310814 1.24874496 -0.29172
v -7.13310814 1.01175499 -0.67125201
v -7.33938503 1.24874496 -0.206278
v -7.60774899 1.01175499 -0.474648
v -7.13310814 0.58242083 0.67125201
v -7.60774899 0.58242083 0.474646
v -6.65845823 0.58242083 0.474646
v -6.46185398 0.58242083 0
v -6.65845823 0.58242083 -0.474648
v -7.13310814 0.58242083 -0.67125201
v -7.60774899 0.58242083 -0.474648
v -7.80435991 0.58242083 0
v -7.60774899 0.58242083 -0.474648
v -7.341084 -0.46471214 -0.207978
v -7.341084 -0.07023525 -0.207978
v -7.13310814 -0.07023525 -0.29412499
v -7.13310814 -0.46471214 -0.29412499
v -6.92512798 -0.07023525 -0.207978
v -6.92512798 -0.46471214 -0.207978
v -6.83897877 -0.07023525 0
v -6.83897877 -0.46471214 0
v -6.92512798 -0.07023525 0.207977
v -6.92512798 -0.46471214 0.207977
v -7.13310814 -0.07023525 0.29412499
v -7.13310814 -0.46471214 0.29412499
v -7.341084 -0.07023525 0.207977
v -7.341084 -0.46471214 0.207977
v -7.42723322 -0.07023525 0
v -7.42723322 -0.46471214 0
v -7.341084 -0.07023525 -0.207978
v -7.341084 -0.46471214 -0.207978
v -7.7337532 0.13223171 0
v -7.55782509 0.13223171 -0.424721
v -7.512959 0.0089488 -0.379852
v -7.67029476 0.0089488 0
v -7.13310814 0.0089488 -0.53719097
v -7.512959 0.0089488 -0.379852
v -7.55782509 0.13223171 -0.424721
v -7.13310814 0.13223171 -0.60064501
v -6.75325298 0.0089488 -0.379852
v -6.70838594 0.13223171 -0.424721
v -6.59591484 0.0089488 0
v -6.53245878 0.13223171 0
v -6.75325298 0.0089488 0.37985101
v -6.70838594 0.13223171 0.42471999
v -7.13310814 0.0089488 0.53719097
v -7.13310814 0.13223171 0.60064501
v -7.512959 0.0089488 0.37985101
v -7.55782509 0.13223171 0.42471999
v -7.6241312 1.54093981 -1E-06
v -7.48031378 1.54093981 0.34720701
v -7.13310814 1.54093981 0.49102601
v -6.78589821 1.54093981 0.34720799
v -6.64207792 1.54093981 0
v -6.78589821 1.54093981 -0.34720901
v -7.13310814 1.54093981 -0.49102601
v -7.48031378 1.54093981 -0.34720799
v -7.48031378 1.54093981 -0.34720799
v -7.6241312 1.90232277 -1E-06
v -7.48031378 1.90232277 0.34720701
v -7.13310814 1.90232277 0.49102601
v -6.78589821 1.90232277 0.34720799
v -6.64207792 1.90232277 0
v -6.78589821 1.90232277 -0.34720901
v -7.13310814 1.90232277 -0.49102601
v -7.48031378 1.90232277 -0.34720799
v -7.48031378 1.90232277 -0.34720799
v -7.49399805 2.14073277 -1E-06
v -7.38829279 2.14073277 0.25518799
v -7.13310385 2.14073277 0.360892
v -6.87791586 2.14073277 0.255189
v -6.77221298 2.14073277 0
v -6.87791586 2.14073277 -0.25519001
v -7.13310385 2.14073277 -0.360892
v -7.38829279 2.14073277 -0.25519001
v -7.38829279 2.14073277 -0.25519001
v -7.13310385 4.10459614 0.139512
v -7.23175478 4.10459614 0.09865
v -7.33305979 3.98980236 0.199954
v -7.13310385 3.98980236 0.28277901
v -7.41588402 3.98980236 -1E-06
v -7.27261591 4.10459614 -1E-06
v -7.33305979 3.98980236 -0.199955
v -7.23175478 4.10459614 -0.09865
v -7.03445482 4.10459614 0.09865
v -6.93314886 3.98980236 0.199955
v -6.99359322 4.10459614 0
v -6.85032606 3.98980236 0
v -7.03445482 4.10459614 -0.09865
v -6.93314886 3.98980236 -0.199955
v -7.13310385 4.10459614 -0.139512
v -7.13310385 3.98980236 -0.28277901
v -7.23175478 4.10459614 -0.09865
v -7.33305979 3.98980236 -0.199955
v -7.23175478 4.10459614 0.09865
v -7.13310385 4.10459614 0
v -7.13310385 4.10459614 0.139512
v -7.03445482 4.10459614 0.09865
v -6.99359322 4.10459614 0
v -7.03445482 4.10459614 -0.09865
v -7.13310385 4.10459614 -0.139512
v -7.45493889 3.06526804 -1E-06
v -7.36067581 3.06526804 0.227571
v -7.13310385 3.06526804 0.32183501
v -6.90553188 3.06526804 0.22757199
v -6.81126785 3.06526804 0
v -6.90553188 3.06526804 -0.22757301
v -7.13310385 3.06526804 -0.32183501
v -7.36067581 3.06526804 -0.22757199
v -7.36067581 3.06526804 -0.22757199
v -7.97272778 -0.19770432 0
v -7.97272778 -0.41653419 0.52830201
v -7.67186689 -0.70894003 0.235897
v -7.67186499 -0.61122799 0
v -7.67186689 -0.94483709 0.33360901
v -7.97272682 -0.94483709 0.74713302
v -7.97272778 -0.41653419 -0.52830398
v -7.67186689 -0.70894003 -0.235898
v -7.67186689 -1.18073416 0.235897
v -7.97272778 -1.47313905 0.52830201
v -7.67186689 -1.2784462 0
v -7.97272778 -1.69197011 0
v -7.67186689 -1.18073416 -0.235898
v -7.67186689 -1.2784462 0
v -7.97272778 -1.69197011 0
v -7.97272778 -1.47313905 -0.52830398
v -7.67186689 -0.94483709 -0.33360901
v -7.97272682 -0.94483709 -0.74713302
v -11.36000824 -0.94483709 0.74713302
v -11.36000824 -0.41653419 0.52830201
v -11.36000824 -1.47313905 0.52830201
v -11.36000824 -1.69197011 0
v -11.36000824 -1.47313905 -0.52830398
v -11.36000824 -1.69197011 0
v -11.36000824 -0.94483709 -0.74713302
v -11.36000824 -0.41653419 -0.52830398
v -11.36000824 -0.19770432 0
v -7.67186499 -0.61122799 0
v -7.67186689 -0.70894003 0.235897
v -7.67186689 -0.94483709 0
v -7.67186689 -0.94483709 0.33360901
v -7.67186689 -1.18073416 0.235897
v -7.67186689 -1.2784462 0
v -7.67186689 -1.18073416 -0.235898
v -12.58388138 -0.74166298 -0.203174
v -12.14433479 -0.74166298 -0.203174
v -12.14433479 -0.94483709 -0.28733101
v -12.58388138 -0.94483709 -0.28733101
v -12.14433479 -1.14801002 -0.203174
v -12.58388138 -1.14801002 -0.203174
v -12.14433479 -1.2321682 0
v -12.58388138 -1.2321682 0
v -12.58388138 -1.2321682 0
v -12.14433479 -1.2321682 0
v -12.14433479 -1.14801002 0.203173
v -12.58388138 -1.14801002 0.203173
v -12.14433479 -0.94483709 0.28733101
v -12.58388138 -0.94483709 0.28733101
v -12.14433479 -0.74166298 0.203173
v -12.58388138 -0.74166298 0.203173
v -12.14433479 -0.65750599 0
v -12.58388138 -0.65750599 0
v -11.93153572 0.01460886 -1E-06
v -11.93153572 -0.26640606 -0.67843199
v -12.08804703 -0.33807802 -0.60676003
v -12.08804703 -0.08675003 -1E-06
v -12.08804703 -0.94483709 -0.858087
v -11.93153572 -0.94483709 -0.95944601
v -12.08804893 -1.55159616 -0.60676003
v -11.93153572 -1.62326717 -0.67843199
v -12.08804893 -1.8029232 -1E-06
v -11.93153572 -1.90428209 -1E-06
v -12.08804893 -1.55159616 0.606758
v -12.08804893 -1.8029232 -1E-06
v -11.93153572 -1.90428209 -1E-06
v -11.93153572 -1.62326717 0.67843002
v -12.08804703 -0.94483709 0.85808599
v -11.93153572 -0.94483709 0.95944601
v -12.08804703 -0.33807802 0.606758
v -11.93153572 -0.26640606 0.67843002
v -6.78687811 -1.14083314 -0.47161201
v -6.93053389 -1.45796204 -0.29147199
v -7.24593401 -1.45796204 -0.36346
v -7.29720402 -1.14083314 -0.58809102
v -7.29720402 -1.14083314 -0.58809102
v -7.24593401 -1.45796204 -0.36346
v -7.49886322 -1.45796204 -0.161755
v -7.70645285 -1.14083314 -0.26172501
v -7.49886322 -1.45796204 0.161755
v -7.70645285 -1.14083314 0.26172501
v -7.24593401 -1.45796204 0.36346
v -7.29720402 -1.14083314 0.58809102
v -6.93053389 -1.45796204 0.29147199
v -6.78687811 -1.14083314 0.47161201
v -6.79016781 -1.45796204 0
v -6.559762 -1.14083314 0
v -6.78687811 -0.74884105 -0.47161201
v -7.29720402 -0.74884105 -0.58809102
v -7.29720402 -0.74884105 -0.58809102
v -7.70645285 -0.74884105 -0.26172501
v -7.70645285 -0.74884105 0.26172501
v -7.29720402 -0.74884105 0.58809102
v -6.78687811 -0.74884105 0.47161201
v -6.559762 -0.74884105 0
v -6.93053389 -0.43171215 -0.29147199
v -7.24593401 -0.43171215 -0.36346
v -7.24593401 -0.43171215 -0.36346
v -7.49886322 -0.43171215 -0.161755
v -7.49886322 -0.43171215 0.161755
v -7.24593401 -0.43171215 0.36346
v -6.93053389 -0.43171215 0.29147199
v -6.79016781 -0.43171215 0
v -7.16297483 -1.57909417 0
v -7.16297483 -1.57909417 0
v -7.16297483 -1.57909417 0
v -7.16297483 -1.57909417 0
v -7.16297483 -1.57909417 0
v -7.16297483 -1.57909417 0
v -7.16297483 -1.57909417 0
v -7.16297483 -0.31058002 0
v -7.16297483 -0.31058002 0
v -7.16297483 -0.31058002 0
v -7.16297483 -0.31058002 0
v -7.16297483 -0.31058002 0
v -7.16297483 -0.31058002 0
v -7.16297483 -0.31058002 0
v -1.36085701 -0.94483709 0.305756
v -0.403557 -0.94483709 0.305756
v -0.403557 -0.72863507 0.21620201
v -1.36085701 -0.72863507 0.21620201
v -1.36085701 -1.16103911 0.21620201
v -0.403557 -1.16103911 0.21620201
v -1.36085701 -1.25059319 0
v -0.403557 -1.25059319 0
v -1.36085701 -1.16103911 -0.216203
v -0.403557 -1.16103911 -0.216203
v -0.403557 -1.25059319 0
v -1.36085701 -1.25059319 0
v -1.36085701 -0.94483709 -0.305756
v -0.403557 -0.94483709 -0.305756
v -1.36085701 -0.72863507 -0.216203
v -0.403557 -0.72863507 -0.216203
v -1.36085701 -0.639081 0
v -0.403557 -0.639081 0
v -1.60316205 -0.94483709 0.364241
v -1.39557695 -0.94483709 0.364241
v -1.39557695 -0.68727899 0.257557
v -1.60316205 -0.68727899 0.257557
v -1.60316205 -1.2023952 0.257557
v -1.39557695 -1.2023952 0.257557
v -1.60316205 -1.30907798 0
v -1.39557695 -1.30907798 0
v -1.60316205 -1.2023952 -0.25755799
v -1.39557695 -1.2023952 -0.25755799
v -1.39557695 -1.30907798 0
v -1.60316205 -1.30907798 0
v -1.60316205 -0.94483709 -0.36424199
v -1.39557695 -0.94483709 -0.36424199
v -1.60316205 -0.68727899 -0.25755799
v -1.39557695 -0.68727899 -0.25755799
v -1.60316205 -0.58059621 0
v -1.39557695 -0.58059621 0
v -1.644117 -1.14083314 -0.47161201
v -1.78777301 -1.45796204 -0.29147199
v -2.10317302 -1.45796204 -0.36346
v -2.15444398 -1.14083314 -0.58809102
v -2.15444398 -1.14083314 -0.58809102
v -2.10317302 -1.45796204 -0.36346
v -2.35610294 -1.45796204 -0.161755
v -2.56369209 -1.14083314 -0.26172501
v -2.35610294 -1.45796204 0.161755
v -2.56369209 -1.14083314 0.26172501
v -2.10317302 -1.45796204 0.36346
v -2.15444398 -1.14083314 0.58809102
v -1.78777301 -1.45796204 0.29147199
v -1.644117 -1.14083314 0.47161201
v -1.64740801 -1.45796204 0
v -1.41700101 -1.14083314 0
v -1.644117 -0.74884105 -0.47161201
v -2.15444398 -0.74884105 -0.58809102
v -2.15444398 -0.74884105 -0.58809102
v -2.56369209 -0.74884105 -0.26172501
v -2.56369209 -0.74884105 0.26172501
v -2.15444398 -0.74884105 0.58809102
v -1.644117 -0.74884105 0.47161201
v -1.41700101 -0.74884105 0
v -1.78777301 -0.43171215 -0.29147199
v -2.10317302 -0.43171215 -0.36346
v -2.10317302 -0.43171215 -0.36346
v -2.35610294 -0.43171215 -0.161755
v -2.35610294 -0.43171215 0.161755
v -2.10317302 -0.43171215 0.36346
v -1.78777301 -0.43171215 0.29147199
v -1.64740801 -0.43171215 0
v -2.02021599 -1.57909417 0
v -2.02021599 -1.57909417 0
v -2.02021599 -1.57909417 0
v -2.02021599 -1.57909417 0
v -2.02021599 -1.57909417 0
v -2.02021599 -1.57909417 0
v -2.02021599 -1.57909417 0
v -2.02021599 -0.31058002 0
v -2.02021599 -0.31058002 0
v -2.02021599 -0.31058002 0
v -2.02021599 -0.31058002 0
v -2.02021599 -0.31058002 0
v -2.02021599 -0.31058002 0
v -2.02021599 -0.31058002 0
v 5.49548101 -0.60204816 -0.62620002
v 5.35349512 -0.94483614 -0.62620002
v 5.83827114 -0.94483614 -0.62620002
v 5.49548101 -1.28762507 -0.62620002
v 5.83827114 -1.42961311 -0.62620002
v 6.18105793 -1.28762507 -0.62620002
v 6.32304716 -0.94483614 -0.62620002
v 6.18105888 -0.60204816 -0.62620002
v 5.83827114 -0.46006012 -0.62620002
v 5.11065912 -0.94483614 -3.91702509
v 5.323771 -0.43033719 -3.91702509
v 5.50382805 -0.61039305 -4.18040419
v 5.36529589 -0.94483614 -4.18040419
v 5.83827114 -0.47186303 -4.18040419
v 5.83827114 -0.21722412 -3.91702509
v 5.323771 -1.45933604 -3.91702509
v 5.50382805 -1.27927899 -4.18040419
v 6.17271423 -0.61039305 -4.18040419
v 6.3527689 -0.43033719 -3.91702509
v 5.83827114 -1.67244911 -3.91702509
v 5.83827114 -1.4178102 -4.18040419
v 6.3527689 -1.45933604 -3.91702509
v 5.83827114 -1.67244911 -3.91702509
v 5.83827114 -1.4178102 -4.18040419
v 6.17271423 -1.27927899 -4.18040419
v 6.56588411 -0.94483614 -3.91702509
v 6.31124401 -0.94483614 -4.18040419
v 5.323771 -0.43033719 -1.06238902
v 5.11065912 -0.94483614 -1.06238902
v 5.323771 -1.45933604 -1.06238902
v 5.83827114 -1.67244911 -1.06238902
v 5.83827114 -1.67244911 -1.06238902
v 6.3527689 -1.45933604 -1.06238902
v 6.56588411 -0.94483614 -1.06238902
v 6.3527689 -0.43033719 -1.06238902
v 5.83827114 -0.21722412 -1.06238902
v 5.36529589 -0.94483614 -4.18040419
v 5.50382805 -0.61039305 -4.18040419
v 5.83827114 -0.94483614 -4.18040514
v 5.50382805 -1.27927899 -4.18040419
v 5.83827114 -1.4178102 -4.18040419
v 6.17271423 -1.27927899 -4.18040419
v 6.31124401 -0.94483614 -4.18040419
v 5.49548101 -0.60204816 -1.06238902
v 5.35349512 -0.94483614 -1.06238902
v 5.49548101 -1.28762507 -1.06238902
v 5.83827114 -1.42961311 -1.06238902
v 5.83827114 -1.42961311 -1.06238902
v 6.18105793 -1.28762507 -1.06238902
v 6.32304716 -0.94483709 -1.06238902
v 6.18105888 -0.60204816 -1.06238902
v 5.83827114 -0.46006012 -1.06238902
v 5.49548101 -0.60204816 -0.62620002
v 5.35349512 -0.94483614 -0.62620002
v 5.49548101 -1.28762507 -0.62620002
v 5.83827114 -1.42961311 -0.62620002
v 5.83827114 -1.42961311 -0.62620002
v 6.18105793 -1.28762507 -0.62620002
v 5.83827114 -0.46006012 -0.62620002
v 6.35277224 -0.43033719 0.407285
v 6.56588411 -0.94483709 0.407285
v 5.83827114 -0.94483709 0.407285
v 6.35277224 -1.45933604 0.407285
v 5.83827114 -1.67244911 0.407285
v 5.323771 -1.45933604 0.407285
v 5.11065912 -0.94483709 0.407285
v 5.323771 -0.43033719 0.407285
v 5.83827114 -0.21722412 0.407285
v 6.56588411 -0.94483709 2.64492512
v 6.35277224 -0.43033719 2.64492512
v 6.17271423 -0.610394 2.90830398
v 6.31124401 -0.94483709 2.90830398
v 5.83827114 -0.47186303 2.90830398
v 5.83827114 -0.21722412 2.64492512
v 6.35277224 -1.45933604 2.64492512
v 6.17271423 -1.27928019 2.90830398
v 5.50382805 -0.610394 2.90830398
v 5.323771 -0.43033719 2.64492512
v 5.83827114 -1.67244911 2.64492512
v 5.83827114 -1.41781116 2.90830398
v 5.323771 -1.45933604 2.64492512
v 5.83827114 -1.67244911 2.64492512
v 5.83827114 -1.41781116 2.90830398
v 5.50382805 -1.27928019 2.90830398
v 5.11065912 -0.94483709 2.64492512
v 5.36529589 -0.94483709 2.90830398
v 6.35277224 -0.43033719 0.407285
v 6.56588411 -0.94483709 0.407285
v 6.35277224 -1.45933604 0.407285
v 5.83827114 -1.67244911 0.407285
v 5.11065912 -0.94483709 0.407285
v 5.323771 -0.43033719 0.407285
v 5.83827114 -0.21722412 0.407285
v 6.31124401 -0.94483709 2.90830398
v 5.83827114 -0.94483709 2.90830398
v 6.17271423 -1.27928019 2.90830398
v 5.83827114 -1.41781116 2.90830398
v 5.50382805 -1.27928019 2.90830398
v 5.36529589 -0.94483709 2.90830398
v 5.50382805 -0.610394 2.90830398
v 6.2647109 0.41307497 -3.65246296
v 6.2647109 -0.21722507 -3.65246296
v 5.83827209 -0.21722507 -3.82909989
v 5.83827209 0.41307497 -3.82909989
v 5.41182995 -0.21722507 -3.65246296
v 5.41182995 0.41307497 -3.65246296
v 5.23519516 -0.21722507 -3.22602296
v 5.23519516 0.41307497 -3.22602296
v 5.41182995 -0.21722507 -2.79958296
v 5.41182995 0.41307497 -2.79958296
v 5.83827209 -0.21722507 -2.62294602
v 5.83827209 0.41307497 -2.62294602
v 6.2647109 -0.21722507 -2.79958296
v 6.2647109 0.41307497 -2.79958296
v 6.44134903 -0.21722507 -3.22602296
v 6.44134903 0.41307497 -3.22602296
v 6.2647109 -0.21722507 -3.65246296
v 6.2647109 0.41307497 -3.65246296
v 5.83827209 -0.21722507 -3.82909989
v 5.83827209 -0.21722507 -3.22602296
v 5.41182995 -0.21722507 -3.65246296
v 5.23519516 -0.21722507 -3.22602296
v 5.41182995 -0.21722507 -2.79958296
v 5.83827209 -0.21722507 -2.62294602
v 6.2647109 -0.21722507 -2.79958296
v 5.83827209 0.41307497 -3.82909989
v 5.83827209 0.41307497 -3.22602296
v 5.41182995 0.41307497 -3.65246296
v 5.23519516 0.41307497 -3.22602296
v 5.41182995 0.41307497 -2.79958296
v 5.83827209 0.41307497 -2.62294602
v 6.2647109 0.41307497 -2.79958296
v 5.38945007 -0.75973606 -4.18060398
v 5.38945007 -1.11465311 -4.18060398
v 6.28709078 -1.11465311 -4.18060398
v 6.28709078 -0.75973606 -4.18060398
v 5.38945007 -0.75973606 -5.1233778
v 6.28709078 -0.75973606 -5.1233778
v 5.38945007 -1.11465311 -5.1233778
v 5.38945007 -0.75973606 -5.1233778
v 6.28709078 -0.75973606 -5.1233778
v 6.28709078 -1.11465311 -5.1233778
v 6.28709078 -1.11465311 -5.1233778
v 6.28709078 -0.75973606 -5.1233778
v 5.38945007 -0.75973606 -5.1233778
v 5.38945007 -1.11465311 -5.1233778
v -11.79288483 -1.02814698 1.49609399
v -11.79288483 -1.06467009 1.49609399
v -11.79288483 -1.06467009 2.86317611
v -11.79288483 -1.02814698 2.86317611
v -10.38260746 -0.8250041 1.49609399
v -11.79288483 -1.02814698 1.49609399
v -11.79288483 -1.02814698 2.86317611
v -10.38260746 -0.8250041 2.86317611
v -10.38260746 -0.86152601 1.49609399
v -10.38260746 -0.86152601 2.86317611
v -11.79288483 -1.02814698 2.86317611
v -10.38260746 -0.8250041 2.86317611
v -4.74149179 -0.8250041 1.49609399
v -4.74149179 -0.86152601 1.49609399
v -6.15177107 -1.06467009 1.49609399
v -6.15177107 -1.02814698 1.49609399
v -4.74149179 -0.86152601 2.86317611
v -6.15177107 -1.06467009 2.86317611
v -4.74149179 -0.8250041 2.86317611
v -6.15177107 -1.02814698 2.86317611
v -6.15177107 -1.02814698 2.86317611
v -4.74149179 -0.8250041 2.86317611
v -7.56204891 -0.86152601 1.49609399
v -7.56204891 -0.8250041 1.49609399
v -7.56204891 -0.86152601 2.86317611
v -7.56204891 -0.8250041 2.86317611
v -7.56204891 -0.8250041 2.86317611
v -1.92093396 -0.8250041 1.49609399
v -1.92093396 -0.86152601 1.49609399
v -3.331213 -1.06467009 1.49609399
v -3.331213 -1.02814698 1.49609399
v -1.92093396 -0.86152601 2.86317611
v -3.331213 -1.06467009 2.86317611
v -1.92093396 -0.8250041 2.86317611
v -3.331213 -1.02814698 2.86317611
v -3.331213 -1.02814698 2.86317611
v -1.92093396 -0.8250041 2.86317611
v -0.510656 -1.02814698 1.49609399
v -0.510656 -1.06467009 1.49609399
v -0.510656 -1.06467009 2.86317611
v -0.510656 -1.02814698 2.86317611
v -0.510656 -1.02814698 2.86317611
v -8.97232819 -1.06467009 1.49609399
v -8.97232819 -1.02814698 1.49609399
v -8.97232819 -1.02814698 2.86317611
v -8.97232819 -1.02814698 2.86317611
v -8.97232819 -1.06467009 2.86317611
v -11.79288483 -0.88595414 2.82420897
v -11.79288483 -1.00371909 2.82420897
v -11.79288483 -1.00371909 2.93393707
v -11.79288483 -0.88595414 2.93393707
v -0.510656 -0.88595414 2.82420897
v -11.79288483 -0.88595414 2.82420897
v -0.510656 -0.88595414 2.93393803
v -11.79288483 -1.00371909 2.82420897
v -0.510656 -1.00371909 2.82420897
v -0.510656 -1.00371909 2.93393803
v -0.510656 -1.00371909 2.82420897
v -11.79288483 -1.00371909 2.82420897
v -11.79288483 -0.88595414 1.38788605
v -11.79288483 -1.00371909 1.38788605
v -11.79288483 -1.00371909 1.49761605
v -11.79288483 -0.88595414 1.49761605
v -0.510656 -0.88595414 1.387887
v -11.79288483 -0.88595414 1.49761605
v -0.510656 -0.88595414 1.49761498
v -0.510656 -1.00371909 1.387887
v -0.510656 -1.00371909 1.49761498
v -11.79288483 -1.00371909 1.49761605
v -11.79288483 -1.00371909 1.49761605
v -0.510656 -1.00371909 1.49761498
v -0.192819 -0.07935715 21.43683815
v -0.192819 -1.81031704 21.43683815
v 0.90432203 -1.81031704 21.43683815
v 0.90432203 -0.07935715 21.43683815
v -0.192819 -0.07935715 18.15530777
v 0.90432203 -0.07935715 18.15530777
v -0.192819 -1.81031704 18.15530777
v 0.90432203 -1.81031704 18.15530777
v -0.192819 -1.81031704 21.43683815
v -0.192819 -1.81031704 18.15530777
v 0.90432203 -1.81031704 18.15530777
v 0.90432203 -1.81031704 21.43683815
v -0.192819 -0.07935715 18.15530777
v -0.192819 -0.07935715 21.43683815
v 0.90638 -0.01461315 25.08673477
v 0.90638 -0.13237715 25.08673477
v 1.05079699 -0.13237715 25.08673477
v 1.05079699 -0.01461315 25.08673477
v 0.90638 -0.01461315 0
v 0.90638 -0.01461315 25.08673477
v 1.05079699 -0.01461315 25.08673477
v 1.05079699 -0.01461315 0
v 0.90638 -0.13237715 0
v 1.05079699 -0.13237715 0
v 0.90638 -0.13237715 0
v 0.90638 -0.13237715 25.08673477
v -0.32518199 -0.01461315 25.08673477
v -0.32518199 -0.13237715 25.08673477
v -0.180764 -0.13237715 25.08673477
v -0.180764 -0.01461315 25.08673477
v -0.32518199 -0.01461315 0
v -0.32518199 -0.01461315 25.08673477
v -0.180764 -0.01461315 25.08673477
v -0.180764 -0.01461315 0
v -0.32518199 -0.13237715 0
v -0.180764 -0.13237715 0
v -0.180764 -0.13237715 25.08673477
v -0.180764 -0.13237715 0
v 0.90638 -1.77737713 25.08673477
v 0.90638 -1.89514208 25.08673477
v 1.05079699 -1.89514208 25.08673477
v 1.05079699 -1.77737713 25.08673477
v 0.90638 -1.77737713 0
v 1.05079699 -1.77737713 0
v 0.90638 -1.89514208 25.08673477
v 0.90638 -1.89514208 0
v 1.05079699 -1.89514208 0
v 1.05079699 -1.89514208 25.08673477
v 0.90638 -1.77737713 0
v 0.90638 -1.77737713 25.08673477
v -0.32518199 -1.77737713 25.08673477
v -0.32518199 -1.89514208 25.08673477
v -0.180764 -1.89514208 25.08673477
v -0.180764 -1.77737713 25.08673477
v -0.32518199 -1.77737713 0
v -0.180764 -1.77737713 0
v -0.32518199 -1.89514208 25.08673477
v -0.32518199 -1.89514208 0
v -0.180764 -1.89514208 0
v -0.180764 -1.89514208 25.08673477
v -0.180764 -1.77737713 25.08673477
v -0.180764 -1.77737713 0
v -7.1655488 3.05475998 2.2210629
v -7.10066509 3.05475998 2.2210629
v -7.10066509 4.2568121 2.2210629
v -7.1655488 4.2568121 2.2210629
v -7.1655488 3.05475998 0.62905002
v -7.1655488 4.2568121 0.62905002
v -7.10066509 3.05475998 0.62905002
v -7.10066509 4.2568121 0.62905002
v -7.10066509 3.05475998 2.2210629
v -7.10066509 3.05475998 0.62905002
v -7.10066509 4.2568121 0.62905002
v -7.10066509 4.2568121 2.2210629
v -7.10066509 4.2568121 2.2210629
v -7.10066509 4.2568121 0.62905002
v -7.19506788 3.60224581 4.01009703
v -7.07114601 3.60224581 4.01009703
v -7.07114601 3.70932579 4.01009703
v -7.19506788 3.70932579 4.01009703
v -7.19506788 3.60224581 0.22963899
v -7.19506788 3.70932579 0.22963899
v -7.07114601 3.60224581 4.01009703
v -7.07114601 3.60224581 0.22963899
v -7.07114601 3.70932579 0.22963899
v -7.07114601 3.70932579 4.01009703
v -7.07114601 3.70932579 4.01009703
v -7.07114601 3.70932579 0.22963899
v -7.1655488 3.05475998 3.91777492
v -7.10066509 3.05475998 3.91777492
v -7.10066509 4.2568121 3.91777492
v -7.1655488 4.2568121 3.91777492
v -7.1655488 3.05475998 2.32576299
v -7.1655488 4.2568121 2.32576299
v -7.10066509 3.05475998 2.32576299
v -7.10066509 4.2568121 2.32576299
v -7.10066509 3.05475998 3.91777492
v -7.10066509 3.05475998 2.32576299
v -7.10066509 4.2568121 2.32576299
v -7.10066509 4.2568121 3.91777492
v -7.10066509 4.2568121 3.91777492
v -7.10066509 4.2568121 2.32576299
v -0.192819 -0.07935715 25.08673286
v -0.192819 -1.81031704 25.08673286
v 0.90432203 -1.81031704 25.08673286
v 0.90432203 -0.07935715 25.08673286
v -0.192819 -0.07935715 21.80520248
v -0.192819 -0.07935715 25.08673286
v 0.90432203 -0.07935715 25.08673286
v 0.90432203 -0.07935715 21.80520248
v -0.192819 -1.81031704 21.80520248
v -0.192819 -0.07935715 21.80520248
v 0.90432203 -0.07935715 21.80520248
v 0.90432203 -1.81031704 21.80520248
v 0.90432203 -1.81031704 21.80520248
v 0.90432203 -1.81031704 25.08673286
v -0.192819 -0.07935715 17.80146027
v -0.192819 -1.81031704 17.80146027
v 0.90432203 -1.81031704 17.80146027
v 0.90432203 -0.07935715 17.80146027
v -0.192819 -0.07935715 14.51992893
v 0.90432203 -0.07935715 14.51992893
v -0.192819 -1.81031704 14.51992893
v 0.90432203 -1.81031704 14.51992893
v -0.192819 -1.81031704 17.80146027
v -0.192819 -1.81031704 14.51992893
v 0.90432203 -1.81031704 14.51992893
v 0.90432203 -1.81031704 17.80146027
v -0.192819 -0.07935715 14.51992893
v -0.192819 -0.07935715 17.80146027
v 0.35575101 0.07897711 13.32427788
v 0.35575101 0.07897711 8.55493641
v -0.53089797 -0.43292999 8.55493641
v -0.53089797 -0.43292999 13.32427788
v -0.53089797 -1.45674419 8.55493641
v -0.53089797 -1.45674419 13.32427788
v 0.35575101 -1.96865106 8.55493641
v 0.35575101 -1.96865106 13.32427788
v 0.35575101 -1.96865106 13.32427788
v 0.35575101 -1.96865106 8.55493641
v 1.24240005 -1.45674419 8.55493641
v 1.24240005 -1.45674419 13.32427788
v 1.24240005 -0.43292999 8.55493641
v 1.24240005 -0.43292999 13.32427788
v 0.35575101 -0.94483709 8.55493641
v -0.53089797 -1.45674419 8.55493641
v 0.35575101 -1.96865106 8.55493641
v 1.24240005 -1.45674419 8.55493641
v 1.24240005 -0.43292999 8.55493641
v 0.35575101 -0.94483709 13.32427788
v -0.53089797 -1.45674419 13.32427788
v 0.35575101 -1.96865106 13.32427788
v 1.24240005 -1.45674419 13.32427788
v 1.24240005 -0.43292999 13.32427788
v 0.95742702 -0.07651997 13.59714603
v 0.95742702 -1.83323407 13.59714985
v 1.03474998 -1.83323503 13.59715557
v 1.03474998 -0.07651997 13.59714985
v 0.95742702 -1.83323503 13.4793911
v 0.95742702 -0.07651997 13.47938538
v 1.03475106 -0.07651997 13.47937965
v 1.03474998 -1.83323503 13.47938919
v 0.95742702 -0.07651997 13.59714603
v 0.95742702 -1.83323407 13.59714985
v -0.185334 -0.07651997 7.0694809
v -0.185334 -1.83323407 7.06948519
v -0.10801 -1.83323503 7.06948996
v -0.10801 -0.07651997 7.06948519
v -0.185334 -1.83323503 6.95172691
v -0.185334 -0.07651997 6.95172119
v -0.10801 -0.07651997 6.95171499
v -0.10801 -1.83323503 6.95172501
v -0.10801 -1.83323503 6.95172501
v -0.10801 -0.07651997 6.95171499
v 0.95742702 -0.07651997 7.0694809
v 0.95742702 -1.83323407 7.06948519
v 1.03474998 -1.83323503 7.06948996
v 1.03474998 -0.07651997 7.06948519
v 0.95742702 -1.83323503 6.95172691
v 0.95742702 -0.07651997 6.95172119
v 1.03475106 -0.07651997 6.95171499
v 1.03474998 -1.83323503 6.95172501
v 0.95742702 -0.07651997 7.0694809
v 0.95742702 -1.83323407 7.06948519
v -0.28213599 -0.07651997 13.68099308
v -0.28213599 -1.83323407 13.68099689
v -0.20481201 -1.83323503 13.68100262
v -0.20481201 -0.07651997 13.68099594
v -0.28213599 -1.83323503 13.56323814
v -0.28213599 -0.07651997 13.56323242
v -0.20481201 -0.07651997 13.5632267
v -0.20481201 -1.83323503 13.56323624
v -0.20481201 -1.83323503 13.68100262
v -0.20481201 -0.07651997 13.68099594
v -0.28213599 -0.07651997 14.37500191
v -0.28213599 -1.83323407 14.37500572
v -0.20481201 -1.83323503 14.37501144
v -0.20481201 -0.07651997 14.37500572
v -0.28213599 -1.83323503 14.25724697
v -0.28213599 -0.07651997 14.25724125
v -0.20481201 -0.07651997 14.25723553
v -0.20481201 -1.83323503 14.25724506
v -0.20481201 -1.83323503 14.25724506
v -0.20481201 -0.07651997 14.25723553
v -0.53089702 -0.43292999 6.65523815
v -0.53089702 -0.43292999 0
v -0.53089797 -1.456743 0
v -0.53089797 -1.456743 6.6552372
v 0.35575101 -1.9686501 0
v 0.35575101 -1.9686501 6.6552372
v 0.35575101 -1.9686501 6.6552372
v 0.35575101 -1.9686501 0
v 1.24240005 -1.45674419 0
v 1.24240005 -1.45674419 6.65523815
v 1.24240005 -0.43292999 0
v 1.24240005 -0.43292999 6.6552372
v 0.35575101 0.07897711 0
v 0.35575101 0.07897711 6.65523815
v -0.53089797 -1.456743 6.6552372
v 0.35575101 -0.94483709 6.65523815
v 0.35575101 -1.9686501 6.6552372
v 1.24240005 -1.45674419 6.65523815
v 1.24240005 -0.43292999 6.6552372
v 0.95742702 -0.07651997 14.37500191
v 0.95742702 -1.83323407 14.37500572
v 1.03474998 -1.83323503 14.37501144
v 1.03474998 -0.07651997 14.37500572
v 0.95742702 -1.83323503 14.25724697
v 0.95742702 -0.07651997 14.25724125
v 1.03475106 -0.07651997 14.25723553
v 1.03474998 -1.83323503 14.25724506
v 0.95742702 -0.07651997 14.25724125
v 0.95742702 -1.83323503 14.25724697
v -13.219347 -1.19693708 2.59241509
v -13.15446281 -1.19693708 2.59241509
v -13.15446281 -0.65068007 2.59241509
v -13.219347 -0.65068007 2.59241509
v -13.219347 -1.19693708 1.00040305
v -13.219347 -0.65068007 1.00040305
v -13.15446281 -1.19693708 1.00040305
v -13.15446281 -0.65068007 1.00040305
v -13.15446281 -1.19693708 2.59241509
v -13.15446281 -1.19693708 1.00040305
v -13.15446281 -0.65068007 1.00040305
v -13.15446281 -0.65068007 2.59241509
v -13.15446281 -0.65068007 2.59241509
v -13.15446281 -0.65068007 1.00040305
v -13.24886703 -0.94813919 6.15719891
v -13.12494278 -0.94813919 6.15719891
v -13.12494278 -0.8994782 6.15719891
v -13.24886703 -0.8994782 6.15719891
v -13.24886703 -0.94813919 0.60099101
v -13.24886703 -0.8994782 0.60099101
v -13.12494278 -0.94813919 6.15719891
v -13.12494278 -0.94813919 0.60099101
v -13.12494278 -0.8994782 0.60099101
v -13.12494278 -0.8994782 6.15719891
v -13.24886703 -0.94813919 0.60099101
v -13.24886703 -0.94813919 6.15719891
v -13.219347 -1.19693708 4.28912687
v -13.15446281 -1.19693708 4.28912687
v -13.15446281 -0.65068007 4.28912687
v -13.219347 -0.65068007 4.28912687
v -13.219347 -1.19693708 2.69711494
v -13.219347 -0.65068007 2.69711494
v -13.15446281 -1.19693708 2.69711494
v -13.15446281 -0.65068007 2.69711494
v -13.15446281 -1.19693708 4.28912687
v -13.15446281 -1.19693708 2.69711494
v -13.15446281 -0.65068007 2.69711494
v -13.15446281 -0.65068007 4.28912687
v -13.15446281 -0.65068007 4.28912687
v -13.15446281 -0.65068007 2.69711494
v -13.219347 -1.19693708 6.03547478
v -13.15446281 -1.19693708 6.03547478
v -13.15446281 -0.65068007 6.03547478
v -13.219347 -0.65068007 6.03547478
v -13.219347 -1.19693708 4.44346285
v -13.219347 -0.65068007 4.44346285
v -13.15446281 -1.19693708 4.44346285
v -13.15446281 -0.65068007 4.44346285
v -13.15446281 -1.19693708 6.03547478
v -13.15446281 -1.19693708 4.44346285
v -13.15446281 -0.65068007 4.44346285
v -13.15446281 -0.65068007 6.03547478
v -13.15446281 -0.65068007 6.03547478
v -13.15446281 -0.65068007 4.44346285
v -11.79288483 -1.02814698 3.30137801
v -11.79288483 -1.06467009 3.30137801
v -11.79288483 -1.06467009 4.66845989
v -11.79288483 -1.02814698 4.66845989
v -10.38260746 -0.8250041 3.30137801
v -11.79288483 -1.02814698 3.30137801
v -11.79288483 -1.02814698 4.66845989
v -10.38260746 -0.8250041 4.66845989
v -10.38260746 -0.86152601 3.30137801
v -10.38260746 -0.86152601 4.66845989
v -11.79288483 -1.02814698 4.66845989
v -10.38260746 -0.8250041 4.66845989
v -4.74149179 -0.8250041 3.30137801
v -4.74149179 -0.86152601 3.30137801
v -6.15177107 -1.06467009 3.30137801
v -6.15177107 -1.02814698 3.30137801
v -4.74149179 -0.86152601 4.66845989
v -6.15177107 -1.06467009 4.66845989
v -4.74149179 -0.8250041 4.66845989
v -6.15177107 -1.02814698 4.66845989
v -6.15177107 -1.02814698 4.66845989
v -4.74149179 -0.8250041 4.66845989
v -7.56204891 -0.86152601 3.30137801
v -7.56204891 -0.8250041 3.30137801
v -7.56204891 -0.86152601 4.66845989
v -7.56204891 -0.8250041 4.66845989
v -7.56204891 -0.8250041 4.66845989
v -1.92093396 -0.8250041 3.30137801
v -1.92093396 -0.86152601 3.30137801
v -3.331213 -1.06467009 3.30137801
v -3.331213 -1.02814698 3.30137801
v -1.92093396 -0.86152601 4.66845989
v -3.331213 -1.06467009 4.66845989
v -1.92093396 -0.8250041 4.66845989
v -3.331213 -1.02814698 4.66845989
v -3.331213 -1.02814698 4.66845989
v -1.92093396 -0.8250041 4.66845989
v -0.510656 -1.02814698 3.30137801
v -0.510656 -1.06467009 3.30137801
v -0.510656 -1.06467009 4.66845989
v -0.510656 -1.02814698 4.66845989
v -0.510656 -1.02814698 4.66845989
v -8.97232819 -1.06467009 3.30137801
v -8.97232819 -1.02814698 3.30137801
v -8.97232819 -1.02814698 4.66845989
v -8.97232819 -1.02814698 4.66845989
v -8.97232819 -1.06467009 4.66845989
v -11.79288483 -0.88595414 4.62949324
v -11.79288483 -1.00371909 4.62949324
v -11.79288483 -1.00371909 4.7392211
v -11.79288483 -0.88595414 4.7392211
v -0.510656 -0.88595414 4.62949324
v -11.79288483 -0.88595414 4.62949324
v -0.510656 -0.88595414 4.73922205
v -11.79288483 -1.00371909 4.62949324
v -0.510656 -1.00371909 4.62949324
v -0.510656 -1.00371909 4.73922205
v -0.510656 -1.00371909 4.62949324
v -11.79288483 -1.00371909 4.62949324
v -11.79288483 -0.88595414 3.19317007
v -11.79288483 -1.00371909 3.19317007
v -11.79288483 -1.00371909 3.30290008
v -11.79288483 -0.88595414 3.30290008
v -0.510656 -0.88595414 3.19317102
v -11.79288483 -0.88595414 3.30290008
v -0.510656 -0.88595414 3.30289793
v -0.510656 -1.00371909 3.19317102
v -0.510656 -1.00371909 3.30289793
v -11.79288483 -1.00371909 3.30290008
v -11.79288483 -1.00371909 3.30290008
v -0.510656 -1.00371909 3.30289793
v -11.79288483 -1.02814698 5.115839
v -11.79288483 -1.06467009 5.115839
v -11.79288483 -1.06467009 6.48292112
v -11.79288483 -1.02814698 6.48292112
v -10.38260746 -0.8250041 5.115839
v -11.79288483 -1.02814698 5.115839
v -11.79288483 -1.02814698 6.48292112
v -10.38260746 -0.8250041 6.48292112
v -10.38260746 -0.86152601 5.115839
v -10.38260746 -0.86152601 6.48292112
v -11.79288483 -1.02814698 6.48292112
v -10.38260746 -0.8250041 6.48292112
v -4.74149179 -0.8250041 5.115839
v -4.74149179 -0.86152601 5.115839
v -6.15177107 -1.06467009 5.115839
v -6.15177107 -1.02814698 5.115839
v -4.74149179 -0.86152601 6.48292112
v -6.15177107 -1.06467009 6.48292112
v -4.74149179 -0.8250041 6.48292112
v -6.15177107 -1.02814698 6.48292112
v -6.15177107 -1.02814698 6.48292112
v -4.74149179 -0.8250041 6.48292112
v -7.56204891 -0.86152601 5.115839
v -7.56204891 -0.8250041 5.115839
v -7.56204891 -0.86152601 6.48292112
v -7.56204891 -0.8250041 6.48292112
v -7.56204891 -0.8250041 6.48292112
v -1.92093396 -0.8250041 5.115839
v -1.92093396 -0.86152601 5.115839
v -3.331213 -1.06467009 5.115839
v -3.331213 -1.02814698 5.115839
v -1.92093396 -0.86152601 6.48292112
v -3.331213 -1.06467009 6.48292112
v -1.92093396 -0.8250041 6.48292112
v -3.331213 -1.02814698 6.48292112
v -3.331213 -1.02814698 6.48292112
v -1.92093396 -0.8250041 6.48292112
v -0.510656 -1.02814698 5.115839
v -0.510656 -1.06467009 5.115839
v -0.510656 -1.06467009 6.48292112
v -0.510656 -1.02814698 6.48292112
v -0.510656 -1.02814698 6.48292112
v -8.97232819 -1.06467009 5.115839
v -8.97232819 -1.02814698 5.115839
v -8.97232819 -1.02814698 6.48292112
v -8.97232819 -1.02814698 6.48292112
v -8.97232819 -1.06467009 6.48292112
v -11.79288483 -0.88595414 6.44395399
v -11.79288483 -1.00371909 6.44395399
v -11.79288483 -1.00371909 6.55368185
v -11.79288483 -0.88595414 6.55368185
v -0.510656 -0.88595414 6.44395399
v -11.79288483 -0.88595414 6.44395399
v -0.510656 -0.88595414 6.5536828
v -11.79288483 -1.00371909 6.44395399
v -0.510656 -1.00371909 6.44395399
v -0.510656 -1.00371909 6.5536828
v -0.510656 -1.00371909 6.44395399
v -11.79288483 -1.00371909 6.44395399
v -11.79288483 -0.88595414 5.00763083
v -11.79288483 -1.00371909 5.00763083
v -11.79288483 -1.00371909 5.11736107
v -11.79288483 -0.88595414 5.11736107
v -0.510656 -0.88595414 5.00763178
v -11.79288483 -0.88595414 5.11736107
v -0.510656 -0.88595414 5.11736012
v -0.510656 -1.00371909 5.00763178
v -0.510656 -1.00371909 5.11736012
v -11.79288483 -1.00371909 5.11736107
v -11.79288483 -1.00371909 5.11736107
v -0.510656 -1.00371909 5.11736012
v 7.90108204 -0.69581199 15.3572998
v 7.90108204 -0.69581199 17.6923027
v 13.7806778 -0.69581199 17.6923027
v 13.7806778 -0.69581199 15.3572998
v 13.7806778 -0.84203815 15.3572998
v 7.90108204 -0.84203815 15.3572998
v 7.90108204 -0.69581199 15.3572998
v 13.7806778 -0.69581199 15.3572998
v 13.7806778 -0.84203815 17.6923027
v 7.90108204 -0.84203815 17.6923027
v 13.7806778 -0.69581199 17.6923027
v 7.90108204 -0.69581199 17.6923027
v 13.83848381 -0.6245482 15.28613091
v 13.83848381 -0.6245482 17.7634716
v 14.02943802 -0.6245482 17.7634716
v 14.02943802 -0.6245482 15.28613091
v 14.02943802 -0.91330218 15.28613091
v 13.83848381 -0.91330218 15.28613091
v 13.83848381 -0.6245482 15.28613091
v 14.02943802 -0.6245482 15.28613091
v 14.02943802 -0.91330218 17.7634716
v 13.83848381 -0.91330218 17.7634716
v 14.02943802 -0.6245482 17.7634716
v 13.83848381 -0.6245482 17.7634716
v 14.02943802 -0.91330218 17.7634716
v 14.02943802 -0.91330218 15.28613091
v 2.02148604 -0.69581199 17.6923027
v 2.02148604 -0.69581199 15.3572998
v 2.02148604 -0.84203815 15.3572998
v 2.02148604 -0.69581199 15.3572998
v 2.02148604 -0.84203815 17.6923027
v 2.02148604 -0.69581199 17.6923027
v 1.77272606 -0.6245482 17.7634716
v 1.96368003 -0.6245482 17.7634716
v 1.96368003 -0.6245482 15.28613091
v 1.77272606 -0.6245482 15.28613091
v 1.96368003 -0.6245482 15.28613091
v 1.96368003 -0.91330218 15.28613091
v 1.77272606 -0.91330218 15.28613091
v 1.77272606 -0.6245482 15.28613091
v 1.96368003 -0.91330218 17.7634716
v 1.77272606 -0.91330218 17.7634716
v 1.96368003 -0.6245482 17.7634716
v 1.77272606 -0.6245482 17.7634716
v 1.77272606 -0.91330218 17.7634716
v 1.77272606 -0.91330218 15.28613091
v 0.35575101 -0.73689699 17.78841019
v 3.7965951 -0.73689699 17.78841019
v 3.7965951 -0.94483709 17.70227814
v 0.35575101 -0.94483709 17.70227814
v 0.35575101 -0.94483709 17.70227814
v 3.7965951 -0.94483709 17.70227814
v 3.7965951 -1.15277719 17.78841019
v 0.35575101 -1.15277719 17.78841019
v 3.7965951 -1.23890901 17.99635124
v 0.35575101 -1.23890901 17.99635124
v 3.7965951 -1.15277719 18.20429039
v 0.35575101 -1.15277719 18.20429039
v 3.7965951 -0.94483709 18.29042244
v 0.35575101 -0.94483709 18.29042244
v 3.7965951 -0.73689699 18.20429039
v 0.35575101 -0.73689699 18.20429039
v 3.7965951 -0.65076518 17.99635124
v 0.35575101 -0.65076518 17.99635124
v 3.7965951 -0.94483709 17.70227814
v 3.7965951 -0.94483709 17.99635124
v 3.7965951 -1.15277719 17.78841019
v 3.7965951 -0.94483709 17.70227814
v 3.7965951 -1.23890901 17.99635124
v 3.7965951 -1.15277719 18.20429039
v 3.7965951 -0.94483709 18.29042244
v 3.7965951 -0.73689699 18.20429039
v 13.7806778 -0.69581199 18.30039978
v 7.90108204 -0.69581199 18.30039978
v 7.90108204 -0.69581199 20.63540268
v 13.7806778 -0.69581199 20.63540268
v 7.90108204 -0.69581199 20.63540268
v 7.90108204 -0.84203815 20.63540268
v 13.7806778 -0.84203815 20.63540268
v 13.7806778 -0.69581199 20.63540268
v 7.90108204 -0.84203815 18.30039978
v 13.7806778 -0.84203815 18.30039978
v 7.90108204 -0.69581199 18.30039978
v 13.7806778 -0.69581199 18.30039978
v 14.02943802 -0.6245482 18.22923088
v 13.83848381 -0.6245482 18.22923088
v 13.83848381 -0.6245482 20.70657158
v 14.02943802 -0.6245482 20.70657158
v 13.83848381 -0.6245482 20.70657158
v 13.83848381 -0.91330218 20.70657158
v 14.02943802 -0.91330218 20.70657158
v 14.02943802 -0.6245482 20.70657158
v 13.83848381 -0.91330218 18.22923088
v 14.02943802 -0.91330218 18.22923088
v 13.83848381 -0.6245482 18.22923088
v 14.02943802 -0.6245482 18.22923088
v 14.02943802 -0.91330218 20.70657158
v 14.02943802 -0.91330218 18.22923088
v 2.02148604 -0.69581199 18.30039978
v 2.02148604 -0.69581199 20.63540268
v 2.02148604 -0.84203815 20.63540268
v 2.02148604 -0.69581199 20.63540268
v 2.02148604 -0.84203815 18.30039978
v 2.02148604 -0.69581199 18.30039978
v 1.96368003 -0.6245482 20.70657158
v 1.96368003 -0.6245482 18.22923088
v 1.77272606 -0.6245482 18.22923088
v 1.77272606 -0.6245482 20.70657158
v 1.77272606 -0.91330218 20.70657158
v 1.96368003 -0.91330218 20.70657158
v 1.96368003 -0.6245482 20.70657158
v 1.77272606 -0.6245482 20.70657158
v 1.77272606 -0.91330218 18.22923088
v 1.96368003 -0.91330218 18.22923088
v 1.77272606 -0.6245482 18.22923088
v 1.96368003 -0.6245482 18.22923088
v 1.77272606 -0.91330218 18.22923088
v 1.77272606 -0.91330218 20.70657158
v -13.06917572 -0.69581199 17.6923027
v -7.18957996 -0.69581199 17.6923027
v -7.18957996 -0.69581199 15.3572998
v -13.06917572 -0.69581199 15.3572998
v -7.18957996 -0.69581199 15.3572998
v -7.18957996 -0.84203815 15.3572998
v -13.06917572 -0.84203815 15.3572998
v -13.06917572 -0.69581199 15.3572998
v -7.18957996 -0.84203815 17.6923027
v -13.06917572 -0.84203815 17.6923027
v -7.18957996 -0.69581199 17.6923027
v -13.06917572 -0.69581199 17.6923027
v -13.31793594 -0.6245482 17.7634716
v -13.12698174 -0.6245482 17.7634716
v -13.12698174 -0.6245482 15.28613091
v -13.31793594 -0.6245482 15.28613091
v -13.12698174 -0.6245482 15.28613091
v -13.12698174 -0.91330218 15.28613091
v -13.31793594 -0.91330218 15.28613091
v -13.31793594 -0.6245482 15.28613091
v -13.12698174 -0.91330218 17.7634716
v -13.31793594 -0.91330218 17.7634716
v -13.12698174 -0.6245482 17.7634716
v -13.31793594 -0.6245482 17.7634716
v -13.31793594 -0.91330218 15.28613091
v -13.31793594 -0.91330218 17.7634716
v -1.30998397 -0.69581199 17.6923027
v -1.30998397 -0.69581199 15.3572998
v -1.30998397 -0.84203815 15.3572998
v -1.30998397 -0.69581199 15.3572998
v -1.30998397 -0.84203815 17.6923027
v -1.30998397 -0.69581199 17.6923027
v -1.25217795 -0.6245482 15.28613091
v -1.25217795 -0.6245482 17.7634716
v -1.06122398 -0.6245482 17.7634716
v -1.06122398 -0.6245482 15.28613091
v -1.06122398 -0.91330218 15.28613091
v -1.25217795 -0.91330218 15.28613091
v -1.25217795 -0.6245482 15.28613091
v -1.06122398 -0.6245482 15.28613091
v -1.06122398 -0.91330218 17.7634716
v -1.25217795 -0.91330218 17.7634716
v -1.06122398 -0.6245482 17.7634716
v -1.25217795 -0.6245482 17.7634716
v -1.06122398 -0.91330218 17.7634716
v -1.06122398 -0.91330218 15.28613091
v -3.08509302 -0.94483709 17.70227814
v -3.08509302 -0.73689699 17.78841019
v -3.08509302 -1.15277719 17.78841019
v -3.08509302 -0.94483709 17.70227814
v -3.08509302 -1.23890901 17.99635124
v -3.08509302 -1.15277719 18.20429039
v -3.08509302 -0.94483709 18.29042244
v -3.08509302 -0.73689699 18.20429039
v -3.08509302 -0.65076518 17.99635124
v -3.08509302 -0.94483709 17.70227814
v -3.08509302 -0.94483709 17.99635124
v -3.08509302 -1.15277719 17.78841019
v -3.08509302 -0.94483709 17.70227814
v -3.08509302 -1.23890901 17.99635124
v -3.08509302 -1.15277719 18.20429039
v -3.08509302 -0.94483709 18.29042244
v -3.08509302 -0.73689699 18.20429039
v -7.18957996 -0.69581199 20.63540268
v -7.18957996 -0.69581199 18.30039978
v -13.06917572 -0.69581199 18.30039978
v -13.06917572 -0.69581199 20.63540268
v -13.06917572 -0.84203815 20.63540268
v -7.18957996 -0.84203815 20.63540268
v -7.18957996 -0.69581199 20.63540268
v -13.06917572 -0.69581199 20.63540268
v -13.06917572 -0.84203815 18.30039978
v -7.18957996 -0.84203815 18.30039978
v -13.06917572 -0.69581199 18.30039978
v -7.18957996 -0.69581199 18.30039978
v -13.12698174 -0.6245482 20.70657158
v -13.12698174 -0.6245482 18.22923088
v -13.31793594 -0.6245482 18.22923088
v -13.31793594 -0.6245482 20.70657158
v -13.31793594 -0.91330218 20.70657158
v -13.12698174 -0.91330218 20.70657158
v -13.12698174 -0.6245482 20.70657158
v -13.31793594 -0.6245482 20.70657158
v -13.31793594 -0.91330218 18.22923088
v -13.12698174 -0.91330218 18.22923088
v -13.31793594 -0.6245482 18.22923088
v -13.12698174 -0.6245482 18.22923088
v -13.31793594 -0.91330218 18.22923088
v -13.31793594 -0.91330218 20.70657158
v -1.30998397 -0.69581199 18.30039978
v -1.30998397 -0.69581199 20.63540268
v -1.30998397 -0.84203815 20.63540268
v -1.30998397 -0.69581199 20.63540268
v -1.30998397 -0.84203815 18.30039978
v -1.30998397 -0.69581199 18.30039978
v -1.06122398 -0.6245482 18.22923088
v -1.25217795 -0.6245482 18.22923088
v -1.25217795 -0.6245482 20.70657158
v -1.06122398 -0.6245482 20.70657158
v -1.25217795 -0.6245482 20.70657158
v -1.25217795 -0.91330218 20.70657158
v -1.06122398 -0.91330218 20.70657158
v -1.06122398 -0.6245482 20.70657158
v -1.25217795 -0.91330218 18.22923088
v -1.06122398 -0.91330218 18.22923088
v -1.25217795 -0.6245482 18.22923088
v -1.06122398 -0.6245482 18.22923088
v -1.06122398 -0.91330218 18.22923088
v -1.06122398 -0.91330218 20.70657158
v 7.90108204 -0.69581199 22.59930801
v 7.90108204 -0.69581199 24.93431091
v 13.7806778 -0.69581199 24.93431091
v 13.7806778 -0.69581199 22.59930801
v 13.7806778 -0.84203815 22.59930801
v 7.90108204 -0.84203815 22.59930801
v 7.90108204 -0.69581199 22.59930801
v 13.7806778 -0.69581199 22.59930801
v 13.7806778 -0.84203815 24.93431091
v 7.90108204 -0.84203815 24.93431091
v 13.7806778 -0.69581199 24.93431091
v 7.90108204 -0.69581199 24.93431091
v 13.83848381 -0.6245482 22.52814102
v 13.83848381 -0.6245482 25.00548172
v 14.02943802 -0.6245482 25.00548172
v 14.02943802 -0.6245482 22.52814102
v 14.02943802 -0.91330218 22.52814102
v 13.83848381 -0.91330218 22.52814102
v 13.83848381 -0.6245482 22.52814102
v 14.02943802 -0.6245482 22.52814102
v 14.02943802 -0.91330218 25.00548172
v 13.83848381 -0.91330218 25.00548172
v 14.02943802 -0.6245482 25.00548172
v 13.83848381 -0.6245482 25.00548172
v 14.02943802 -0.91330218 25.00548172
v 14.02943802 -0.91330218 22.52814102
v 2.02148604 -0.69581199 24.93431091
v 2.02148604 -0.69581199 22.59930801
v 2.02148604 -0.84203815 22.59930801
v 2.02148604 -0.69581199 22.59930801
v 2.02148604 -0.84203815 24.93431091
v 2.02148604 -0.69581199 24.93431091
v 1.77272606 -0.6245482 25.00548172
v 1.96368003 -0.6245482 25.00548172
v 1.96368003 -0.6245482 22.52814102
v 1.77272606 -0.6245482 22.52814102
v 1.96368003 -0.6245482 22.52814102
v 1.96368003 -0.91330218 22.52814102
v 1.77272606 -0.91330218 22.52814102
v 1.77272606 -0.6245482 22.52814102
v 1.96368003 -0.91330218 25.00548172
v 1.77272606 -0.91330218 25.00548172
v 1.96368003 -0.6245482 25.00548172
v 1.77272606 -0.6245482 25.00548172
v 1.77272606 -0.91330218 25.00548172
v 1.77272606 -0.91330218 22.52814102
v 0.35575101 -0.73689699 25.0304184
v 3.7965951 -0.73689699 25.0304184
v 3.7965951 -0.94483709 24.94428635
v 0.35575101 -0.94483709 24.94428635
v 0.35575101 -0.94483709 24.94428635
v 3.7965951 -0.94483709 24.94428635
v 3.7965951 -1.15277719 25.0304184
v 0.35575101 -1.15277719 25.0304184
v 3.7965951 -1.23890901 25.23836136
v 0.35575101 -1.23890901 25.23836136
v 3.7965951 -1.15277719 25.44630051
v 0.35575101 -1.15277719 25.44630051
v 3.7965951 -0.94483709 25.53243256
v 0.35575101 -0.94483709 25.53243256
v 3.7965951 -0.73689699 25.44630051
v 0.35575101 -0.73689699 25.44630051
v 3.7965951 -0.65076518 25.23836136
v 0.35575101 -0.65076518 25.23836136
v 3.7965951 -0.94483709 24.94428635
v 3.7965951 -0.94483709 25.23836136
v 3.7965951 -1.15277719 25.0304184
v 3.7965951 -0.94483709 24.94428635
v 3.7965951 -1.23890901 25.23836136
v 3.7965951 -1.15277719 25.44630051
v 3.7965951 -0.94483709 25.53243256
v 3.7965951 -0.73689699 25.44630051
v 13.7806778 -0.69581199 25.54240799
v 7.90108204 -0.69581199 25.54240799
v 7.90108204 -0.69581199 27.87741089
v 13.7806778 -0.69581199 27.87741089
v 7.90108204 -0.69581199 27.87741089
v 7.90108204 -0.84203815 27.87741089
v 13.7806778 -0.84203815 27.87741089
v 13.7806778 -0.69581199 27.87741089
v 7.90108204 -0.84203815 25.54240799
v 13.7806778 -0.84203815 25.54240799
v 7.90108204 -0.69581199 25.54240799
v 13.7806778 -0.69581199 25.54240799
v 14.02943802 -0.6245482 25.471241
v 13.83848381 -0.6245482 25.471241
v 13.83848381 -0.6245482 27.9485817
v 14.02943802 -0.6245482 27.9485817
v 13.83848381 -0.6245482 27.9485817
v 13.83848381 -0.91330218 27.9485817
v 14.02943802 -0.91330218 27.9485817
v 14.02943802 -0.6245482 27.9485817
v 13.83848381 -0.91330218 25.471241
v 14.02943802 -0.91330218 25.471241
v 13.83848381 -0.6245482 25.471241
v 14.02943802 -0.6245482 25.471241
v 14.02943802 -0.91330218 27.9485817
v 14.02943802 -0.91330218 25.471241
v 2.02148604 -0.69581199 25.54240799
v 2.02148604 -0.69581199 27.87741089
v 2.02148604 -0.84203815 27.87741089
v 2.02148604 -0.69581199 27.87741089
v 2.02148604 -0.84203815 25.54240799
v 2.02148604 -0.69581199 25.54240799
v 1.96368003 -0.6245482 27.9485817
v 1.96368003 -0.6245482 25.471241
v 1.77272606 -0.6245482 25.471241
v 1.77272606 -0.6245482 27.9485817
v 1.77272606 -0.91330218 27.9485817
v 1.96368003 -0.91330218 27.9485817
v 1.96368003 -0.6245482 27.9485817
v 1.77272606 -0.6245482 27.9485817
v 1.77272606 -0.91330218 25.471241
v 1.96368003 -0.91330218 25.471241
v 1.77272606 -0.6245482 25.471241
v 1.96368003 -0.6245482 25.471241
v 1.77272606 -0.91330218 25.471241
v 1.77272606 -0.91330218 27.9485817
v -13.06917572 -0.69581199 24.93431091
v -7.18957996 -0.69581199 24.93431091
v -7.18957996 -0.69581199 22.59930801
v -13.06917572 -0.69581199 22.59930801
v -7.18957996 -0.69581199 22.59930801
v -7.18957996 -0.84203815 22.59930801
v -13.06917572 -0.84203815 22.59930801
v -13.06917572 -0.69581199 22.59930801
v -7.18957996 -0.84203815 24.93431091
v -13.06917572 -0.84203815 24.93431091
v -7.18957996 -0.69581199 24.93431091
v -13.06917572 -0.69581199 24.93431091
v -13.31793594 -0.6245482 25.00548172
v -13.12698174 -0.6245482 25.00548172
v -13.12698174 -0.6245482 22.52814102
v -13.31793594 -0.6245482 22.52814102
v -13.12698174 -0.6245482 22.52814102
v -13.12698174 -0.91330218 22.52814102
v -13.31793594 -0.91330218 22.52814102
v -13.31793594 -0.6245482 22.52814102
v -13.12698174 -0.91330218 25.00548172
v -13.31793594 -0.91330218 25.00548172
v -13.12698174 -0.6245482 25.00548172
v -13.31793594 -0.6245482 25.00548172
v -13.31793594 -0.91330218 22.52814102
v -13.31793594 -0.91330218 25.00548172
v -1.30998397 -0.69581199 24.93431091
v -1.30998397 -0.69581199 22.59930801
v -1.30998397 -0.84203815 22.59930801
v -1.30998397 -0.69581199 22.59930801
v -1.30998397 -0.84203815 24.93431091
v -1.30998397 -0.69581199 24.93431091
v -1.25217795 -0.6245482 22.52814102
v -1.25217795 -0.6245482 25.00548172
v -1.06122398 -0.6245482 25.00548172
v -1.06122398 -0.6245482 22.52814102
v -1.06122398 -0.91330218 22.52814102
v -1.25217795 -0.91330218 22.52814102
v -1.25217795 -0.6245482 22.52814102
v -1.06122398 -0.6245482 22.52814102
v -1.06122398 -0.91330218 25.00548172
v -1.25217795 -0.91330218 25.00548172
v -1.06122398 -0.6245482 25.00548172
v -1.25217795 -0.6245482 25.00548172
v -1.06122398 -0.91330218 25.00548172
v -1.06122398 -0.91330218 22.52814102
v -3.08509302 -0.94483709 24.94428635
v -3.08509302 -0.73689699 25.0304184
v -3.08509302 -1.15277719 25.0304184
v -3.08509302 -0.94483709 24.94428635
v -3.08509302 -1.23890901 25.23836136
v -3.08509302 -1.15277719 25.44630051
v -3.08509302 -0.94483709 25.53243256
v -3.08509302 -0.73689699 25.44630051
v -3.08509302 -0.65076518 25.23836136
v -3.08509302 -0.94483709 24.94428635
v -3.08509302 -0.94483709 25.23836136
v -3.08509302 -1.15277719 25.0304184
v -3.08509302 -0.94483709 24.94428635
v -3.08509302 -1.23890901 25.23836136
v -3.08509302 -1.15277719 25.44630051
v -3.08509302 -0.94483709 25.53243256
v -3.08509302 -0.73689699 25.44630051
v -7.18957996 -0.69581199 27.87741089
v -7.18957996 -0.69581199 25.54240799
v -13.06917572 -0.69581199 25.54240799
v -13.06917572 -0.69581199 27.87741089
v -13.06917572 -0.84203815 27.87741089
v -7.18957996 -0.84203815 27.87741089
v -7.18957996 -0.69581199 27.87741089
v -13.06917572 -0.69581199 27.87741089
v -13.06917572 -0.84203815 25.54240799
v -7.18957996 -0.84203815 25.54240799
v -13.06917572 -0.69581199 25.54240799
v -7.18957996 -0.69581199 25.54240799
v -13.12698174 -0.6245482 27.9485817
v -13.12698174 -0.6245482 25.471241
v -13.31793594 -0.6245482 25.471241
v -13.31793594 -0.6245482 27.9485817
v -13.31793594 -0.91330218 27.9485817
v -13.12698174 -0.91330218 27.9485817
v -13.12698174 -0.6245482 27.9485817
v -13.31793594 -0.6245482 27.9485817
v -13.31793594 -0.91330218 25.471241
v -13.12698174 -0.91330218 25.471241
v -13.31793594 -0.6245482 25.471241
v -13.12698174 -0.6245482 25.471241
v -13.31793594 -0.91330218 25.471241
v -13.31793594 -0.91330218 27.9485817
v -1.30998397 -0.69581199 25.54240799
v -1.30998397 -0.69581199 27.87741089
v -1.30998397 -0.84203815 27.87741089
v -1.30998397 -0.69581199 27.87741089
v -1.30998397 -0.84203815 25.54240799
v -1.30998397 -0.69581199 25.54240799
v -1.06122398 -0.6245482 25.471241
v -1.25217795 -0.6245482 25.471241
v -1.25217795 -0.6245482 27.9485817
v -1.06122398 -0.6245482 27.9485817
v -1.25217795 -0.6245482 27.9485817
v -1.25217795 -0.91330218 27.9485817
v -1.06122398 -0.91330218 27.9485817
v -1.06122398 -0.6245482 27.9485817
v -1.25217795 -0.91330218 25.471241
v -1.06122398 -0.91330218 25.471241
v -1.25217795 -0.6245482 25.471241
v -1.06122398 -0.6245482 25.471241
v -1.06122398 -0.91330218 25.471241
v -1.06122398 -0.91330218 27.9485817
v -0.652713 2.36713791 6.9159112
v -0.652713 0.33094168 6.9159112
v 1.36421502 0.33094168 6.9159112
v 1.36421502 2.36713791 6.9159112
v 1.36421502 2.36713791 6.73787403
v -0.652713 2.36713791 6.73787403
v -0.652713 2.36713791 6.9159112
v 1.36421502 2.36713791 6.9159112
v 1.36421502 0.33094168 6.73787403
v -0.652713 0.33094168 6.73787403
v 1.36421502 0.33094168 6.9159112
v -0.652713 0.33094168 6.9159112
v 1.36421502 2.36713791 6.9159112
v 1.36421502 0.33094168 6.9159112
v -0.33387801 0.35385895 7.20553303
v -0.33387801 -0.05818796 7.20553303
v 1.04537904 -0.05818796 7.20553303
v 1.04537904 0.35385895 7.20553303
v -0.33387801 0.35385895 6.44825315
v 1.04537904 0.35385895 6.44825315
v -0.33387801 -0.05818796 6.44825315
v -0.33387801 0.35385895 6.44825315
v 1.04537904 0.35385895 6.44825315
v 1.04537904 -0.05818796 6.44825315
v 1.04537904 0.35385895 7.20553303
v 1.04537904 0.35385895 6.44825315
v -0.33387801 0.35385895 6.44825315
v -0.33387801 0.35385895 7.20553303
v -0.37033001 1.75802088 8.7571516
v 0.095016 1.75802088 8.7571516
v 0.095016 2.25352001 8.7571516
v -0.37033001 2.25352001 8.7571516
v 0.095016 2.25352001 7.62421894
v -0.37033001 2.25352001 7.62421894
v 0.095016 1.75802088 7.62421894
v -0.37033001 1.75802088 7.62421894
v -0.37033001 1.75802088 7.62421894
v 0.095016 1.75802088 7.62421894
v 0.095016 1.75802088 8.7571516
v -0.37033001 1.75802088 8.7571516
v 0.095016 1.75802088 8.7571516
v 0.095016 1.75802088 7.62421894
v -0.652713 2.36713791 8.27970314
v -0.652713 0.33094168 8.27970314
v 1.36421502 0.33094168 8.27970314
v 1.36421502 2.36713791 8.27970314
v 1.36421502 2.36713791 8.10166645
v -0.652713 2.36713791 8.10166645
v -0.652713 2.36713791 8.27970314
v 1.36421502 2.36713791 8.27970314
v 1.36421502 0.33094168 8.10166645
v -0.652713 0.33094168 8.10166645
v 1.36421502 0.33094168 8.27970314
v -0.652713 0.33094168 8.27970314
v 1.36421502 2.36713791 8.27970314
v 1.36421502 0.33094168 8.27970314
v 0.61648601 2.25352001 8.7571516
v 0.61648601 1.75802088 8.7571516
v 1.08183205 1.75802088 8.7571516
v 1.08183205 2.25352001 8.7571516
v 0.61648601 2.25352001 7.62421799
v 1.08183205 2.25352001 7.62421799
v 0.61648601 1.75802088 7.62421799
v 1.08183205 1.75802088 7.62421799
v 0.61648601 1.75802088 8.7571516
v 0.61648601 1.75802088 7.62421799
v 1.08183205 1.75802088 7.62421799
v 1.08183205 1.75802088 8.7571516
v 1.08183205 1.75802088 8.7571516
v 1.08183205 1.75802088 7.62421799
v -0.37033001 1.13890076 8.7571516
v 0.095016 1.13890076 8.7571516
v 0.095016 1.63439989 8.7571516
v -0.37033001 1.63439989 8.7571516
v 0.095016 1.63439989 7.62421894
v -0.37033001 1.63439989 7.62421894
v 0.095016 1.13890076 7.62421894
v -0.37033001 1.13890076 7.62421894
v -0.37033001 1.13890076 7.62421894
v 0.095016 1.13890076 7.62421894
v 0.095016 1.13890076 8.7571516
v -0.37033001 1.13890076 8.7571516
v 0.095016 1.13890076 8.7571516
v 0.095016 1.13890076 7.62421894
v 0.61648601 1.63439989 8.7571516
v 0.61648601 1.13890076 8.7571516
v 1.08183205 1.13890076 8.7571516
v 1.08183205 1.63439989 8.7571516
v 0.61648601 1.63439989 7.62421799
v 1.08183205 1.63439989 7.62421799
v 0.61648601 1.13890076 7.62421799
v 1.08183205 1.13890076 7.62421799
v 0.61648601 1.13890076 8.7571516
v 0.61648601 1.13890076 7.62421799
v 1.08183205 1.13890076 7.62421799
v 1.08183205 1.13890076 8.7571516
v 1.08183205 1.13890076 8.7571516
v 1.08183205 1.13890076 7.62421799
v -0.37033001 0.51574898 8.7571516
v 0.095016 0.51574898 8.7571516
v 0.095016 1.01124668 8.7571516
v -0.37033001 1.01124668 8.7571516
v 0.095016 1.01124668 7.62421894
v -0.37033001 1.01124668 7.62421894
v 0.095016 0.51574898 7.62421894
v -0.37033001 0.51574898 7.62421894
v -0.37033001 0.51574898 7.62421894
v 0.095016 0.51574898 7.62421894
v 0.095016 0.51574898 8.7571516
v -0.37033001 0.51574898 8.7571516
v 0.095016 0.51574898 8.7571516
v 0.095016 0.51574898 7.62421894
v 0.61648601 1.01124811 8.7571516
v 0.61648601 0.51574898 8.7571516
v 1.08183205 0.51574898 8.7571516
v 1.08183205 1.01124811 8.7571516
v 0.61648601 1.01124811 7.62421799
v 1.08183205 1.01124811 7.62421799
v 0.61648601 0.51574898 7.62421799
v 1.08183205 0.51574898 7.62421799
v 0.61648601 0.51574898 8.7571516
v 0.61648601 0.51574898 7.62421799
v 1.08183205 0.51574898 7.62421799
v 1.08183205 0.51574898 8.7571516
v 1.08183205 0.51574898 8.7571516
v 1.08183205 0.51574898 7.62421799
v -0.33387801 0.35385895 8.56932545
v -0.33387801 -0.05818796 8.56932545
v 1.04537904 -0.05818796 8.56932545
v 1.04537904 0.35385895 8.56932545
v -0.33387801 0.35385895 7.8120451
v 1.04537904 0.35385895 7.8120451
v -0.33387801 -0.05818796 7.8120451
v -0.33387801 0.35385895 7.8120451
v 1.04537904 0.35385895 7.8120451
v 1.04537904 -0.05818796 7.8120451
v 1.04537904 0.35385895 8.56932545
v 1.04537904 0.35385895 7.8120451
v -0.33387801 0.35385895 7.8120451
v -0.33387801 0.35385895 8.56932545
v 1.36421502 -2.2206161 6.9159112
v -0.652713 -2.2206161 6.9159112
v -0.652713 -4.2568121 6.9159112
v 1.36421502 -4.2568121 6.9159112
v -0.652713 -4.2568121 6.9159112
v -0.652713 -4.2568121 6.73787403
v 1.36421502 -4.2568121 6.73787403
v 1.36421502 -4.2568121 6.9159112
v -0.652713 -2.2206161 6.73787403
v 1.36421502 -2.2206161 6.73787403
v -0.652713 -2.2206161 6.9159112
v 1.36421502 -2.2206161 6.9159112
v 1.36421502 -2.2206161 6.9159112
v 1.36421502 -4.2568121 6.9159112
v 1.04537904 -1.83148599 7.20553303
v -0.33387801 -1.83148599 7.20553303
v -0.33387801 -2.24353313 7.20553303
v 1.04537904 -2.24353313 7.20553303
v -0.33387801 -2.24353313 6.44825315
v 1.04537904 -2.24353313 6.44825315
v 1.04537904 -2.24353313 6.44825315
v -0.33387801 -2.24353313 6.44825315
v -0.33387801 -1.83148599 6.44825315
v 1.04537904 -1.83148599 6.44825315
v 1.04537904 -2.24353313 7.20553303
v 1.04537904 -2.24353313 6.44825315
v -0.33387801 -2.24353313 6.44825315
v -0.33387801 -2.24353313 7.20553303
v 0.095016 -4.14319409 8.7571516
v 0.095016 -3.64769512 8.7571516
v -0.37033001 -3.64769512 8.7571516
v -0.37033001 -4.14319409 8.7571516
v 0.095016 -4.14319409 7.62421894
v -0.37033001 -4.14319409 7.62421894
v 0.095016 -3.64769512 7.62421894
v -0.37033001 -3.64769512 7.62421894
v 0.095016 -3.64769512 8.7571516
v 0.095016 -3.64769512 7.62421894
v -0.37033001 -3.64769512 7.62421894
v -0.37033001 -3.64769512 8.7571516
v 0.095016 -3.64769512 7.62421894
v 0.095016 -3.64769512 8.7571516
v 1.36421502 -2.2206161 8.27970314
v -0.652713 -2.2206161 8.27970314
v -0.652713 -4.2568121 8.27970314
v 1.36421502 -4.2568121 8.27970314
v -0.652713 -4.2568121 8.27970314
v -0.652713 -4.2568121 8.10166645
v 1.36421502 -4.2568121 8.10166645
v 1.36421502 -4.2568121 8.27970314
v -0.652713 -2.2206161 8.10166645
v 1.36421502 -2.2206161 8.10166645
v -0.652713 -2.2206161 8.27970314
v 1.36421502 -2.2206161 8.27970314
v 1.36421502 -2.2206161 8.27970314
v 1.36421502 -4.2568121 8.27970314
v 1.08183205 -3.64769512 8.7571516
v 0.61648601 -3.64769512 8.7571516
v 0.61648601 -4.14319409 8.7571516
v 1.08183205 -4.14319409 8.7571516
v 0.61648601 -4.14319409 7.62421799
v 1.08183205 -4.14319409 7.62421799
v 0.61648601 -3.64769512 7.62421799
v 1.08183205 -3.64769512 7.62421799
v 1.08183205 -3.64769512 7.62421799
v 0.61648601 -3.64769512 7.62421799
v 0.61648601 -3.64769512 8.7571516
v 1.08183205 -3.64769512 8.7571516
v 1.08183205 -3.64769512 7.62421799
v 1.08183205 -3.64769512 8.7571516
v 0.095016 -3.52407408 8.7571516
v 0.095016 -3.02857506 8.7571516
v -0.37033001 -3.02857506 8.7571516
v -0.37033001 -3.52407408 8.7571516
v 0.095016 -3.52407408 7.62421894
v -0.37033001 -3.52407408 7.62421894
v 0.095016 -3.02857506 7.62421894
v -0.37033001 -3.02857506 7.62421894
v 0.095016 -3.02857506 8.7571516
v 0.095016 -3.02857506 7.62421894
v -0.37033001 -3.02857506 7.62421894
v -0.37033001 -3.02857506 8.7571516
v 0.095016 -3.02857506 7.62421894
v 0.095016 -3.02857506 8.7571516
v 1.08183205 -3.02857506 8.7571516
v 0.61648601 -3.02857506 8.7571516
v 0.61648601 -3.52407408 8.7571516
v 1.08183205 -3.52407408 8.7571516
v 0.61648601 -3.52407408 7.62421799
v 1.08183205 -3.52407408 7.62421799
v 0.61648601 -3.02857506 7.62421799
v 1.08183205 -3.02857506 7.62421799
v 1.08183205 -3.02857506 7.62421799
v 0.61648601 -3.02857506 7.62421799
v 0.61648601 -3.02857506 8.7571516
v 1.08183205 -3.02857506 8.7571516
v 1.08183205 -3.02857506 7.62421799
v 1.08183205 -3.02857506 8.7571516
v 0.095016 -2.90092111 8.7571516
v 0.095016 -2.40542305 8.7571516
v -0.37033001 -2.40542305 8.7571516
v -0.37033001 -2.90092111 8.7571516
v 0.095016 -2.90092111 7.62421894
v -0.37033001 -2.90092111 7.62421894
v 0.095016 -2.40542305 7.62421894
v -0.37033001 -2.40542305 7.62421894
v 0.095016 -2.40542305 8.7571516
v 0.095016 -2.40542305 7.62421894
v -0.37033001 -2.40542305 7.62421894
v -0.37033001 -2.40542305 8.7571516
v 0.095016 -2.40542305 7.62421894
v 0.095016 -2.40542305 8.7571516
v 1.08183205 -2.40542305 8.7571516
v 0.61648601 -2.40542305 8.7571516
v 0.61648601 -2.90092206 8.7571516
v 1.08183205 -2.90092206 8.7571516
v 0.61648601 -2.90092206 7.62421799
v 1.08183205 -2.90092206 7.62421799
v 0.61648601 -2.40542305 7.62421799
v 1.08183205 -2.40542305 7.62421799
v 1.08183205 -2.40542305 7.62421799
v 0.61648601 -2.40542305 7.62421799
v 0.61648601 -2.40542305 8.7571516
v 1.08183205 -2.40542305 8.7571516
v 1.08183205 -2.40542305 7.62421799
v 1.08183205 -2.40542305 8.7571516
v 1.04537904 -1.83148599 8.56932545
v -0.33387801 -1.83148599 8.56932545
v -0.33387801 -2.24353313 8.56932545
v 1.04537904 -2.24353313 8.56932545
v -0.33387801 -2.24353313 7.8120451
v 1.04537904 -2.24353313 7.8120451
v 1.04537904 -2.24353313 7.8120451
v -0.33387801 -2.24353313 7.8120451
v -0.33387801 -1.83148599 7.8120451
v 1.04537904 -1.83148599 7.8120451
v 1.04537904 -2.24353313 8.56932545
v 1.04537904 -2.24353313 7.8120451
v -0.33387801 -2.24353313 7.8120451
v -0.33387801 -2.24353313 8.56932545
v -11.79288483 -1.06467009 -2.86317611
v -11.79288483 -1.06467009 -1.49609399
v -11.79288483 -1.02814698 -1.49609399
v -11.79288483 -1.02814698 -2.86317611
v -11.79288483 -1.02814698 -2.86317611
v -11.79288483 -1.02814698 -1.49609399
v -10.38260746 -0.8250041 -1.49609399
v -10.38260746 -0.8250041 -2.86317611
v -10.38260746 -0.86152601 -2.86317611
v -10.38260746 -0.86152601 -1.49609399
v -11.79288483 -1.02814698 -2.86317611
v -10.38260746 -0.8250041 -2.86317611
v -6.15177107 -1.06467009 -1.49609399
v -4.74149179 -0.86152601 -1.49609399
v -4.74149179 -0.8250041 -1.49609399
v -6.15177107 -1.02814698 -1.49609399
v -4.74149179 -0.86152601 -2.86317611
v -6.15177107 -1.06467009 -2.86317611
v -6.15177107 -1.02814698 -2.86317611
v -4.74149179 -0.8250041 -2.86317611
v -6.15177107 -1.02814698 -2.86317611
v -4.74149179 -0.8250041 -2.86317611
v -7.56204891 -0.86152601 -1.49609399
v -7.56204891 -0.8250041 -1.49609399
v -7.56204891 -0.86152601 -2.86317611
v -7.56204891 -0.8250041 -2.86317611
v -7.56204891 -0.8250041 -2.86317611
v -3.331213 -1.06467009 -1.49609399
v -1.92093396 -0.86152601 -1.49609399
v -1.92093396 -0.8250041 -1.49609399
v -3.331213 -1.02814698 -1.49609399
v -1.92093396 -0.86152601 -2.86317611
v -3.331213 -1.06467009 -2.86317611
v -3.331213 -1.02814698 -2.86317611
v -1.92093396 -0.8250041 -2.86317611
v -3.331213 -1.02814698 -2.86317611
v -1.92093396 -0.8250041 -2.86317611
v -0.510656 -1.06467009 -1.49609399
v -0.510656 -1.02814698 -1.49609399
v -0.510656 -1.06467009 -2.86317611
v -0.510656 -1.02814698 -2.86317611
v -0.510656 -1.02814698 -2.86317611
v -8.97232819 -1.06467009 -1.49609399
v -8.97232819 -1.02814698 -1.49609399
v -8.97232819 -1.02814698 -2.86317611
v -8.97232819 -1.06467009 -2.86317611
v -8.97232819 -1.02814698 -2.86317611
v -11.79288483 -1.00371909 -2.93393707
v -11.79288483 -1.00371909 -2.82420897
v -11.79288483 -0.88595414 -2.82420897
v -11.79288483 -0.88595414 -2.93393707
v -11.79288483 -0.88595414 -2.82420897
v -0.510656 -0.88595414 -2.82420897
v -0.510656 -0.88595414 -2.93393803
v -0.510656 -1.00371909 -2.93393803
v -0.510656 -1.00371909 -2.82420897
v -11.79288483 -1.00371909 -2.82420897
v -11.79288483 -1.00371909 -2.82420897
v -0.510656 -1.00371909 -2.82420897
v -11.79288483 -1.00371909 -1.49761605
v -11.79288483 -1.00371909 -1.38788605
v -11.79288483 -0.88595414 -1.38788605
v -11.79288483 -0.88595414 -1.49761605
v -11.79288483 -0.88595414 -1.49761605
v -0.510656 -0.88595414 -1.387887
v -0.510656 -0.88595414 -1.49761498
v -0.510656 -1.00371909 -1.49761498
v -0.510656 -1.00371909 -1.387887
v -11.79288483 -1.00371909 -1.49761605
v -0.510656 -1.00371909 -1.49761498
v -11.79288483 -1.00371909 -1.49761605
v 0.90432203 -1.81031704 -21.43683815
v -0.192819 -1.81031704 -21.43683815
v -0.192819 -0.07935715 -21.43683815
v 0.90432203 -0.07935715 -21.43683815
v -0.192819 -0.07935715 -18.15530777
v 0.90432203 -0.07935715 -18.15530777
v -0.192819 -1.81031704 -18.15530777
v 0.90432203 -1.81031704 -18.15530777
v 0.90432203 -1.81031704 -18.15530777
v -0.192819 -1.81031704 -18.15530777
v -0.192819 -1.81031704 -21.43683815
v 0.90432203 -1.81031704 -21.43683815
v -0.192819 -0.07935715 -18.15530777
v -0.192819 -0.07935715 -21.43683815
v 1.05079699 -0.13237715 -25.08673477
v 0.90638 -0.13237715 -25.08673477
v 0.90638 -0.01461315 -25.08673477
v 1.05079699 -0.01461315 -25.08673477
v 1.05079699 -0.01461315 -25.08673477
v 0.90638 -0.01461315 -25.08673477
v 0.90638 -0.13237715 -25.08673477
v -0.180764 -0.13237715 -25.08673477
v -0.32518199 -0.13237715 -25.08673477
v -0.32518199 -0.01461315 -25.08673477
v -0.180764 -0.01461315 -25.08673477
v -0.180764 -0.01461315 -25.08673477
v -0.32518199 -0.01461315 -25.08673477
v -0.180764 -0.13237715 -25.08673477
v 1.05079699 -1.89514208 -25.08673477
v 0.90638 -1.89514208 -25.08673477
v 0.90638 -1.77737713 -25.08673477
v 1.05079699 -1.77737713 -25.08673477
v 0.90638 -1.89514208 -25.08673477
v 1.05079699 -1.89514208 -25.08673477
v 0.90638 -1.77737713 -25.08673477
v -0.180764 -1.89514208 -25.08673477
v -0.32518199 -1.89514208 -25.08673477
v -0.32518199 -1.77737713 -25.08673477
v -0.180764 -1.77737713 -25.08673477
v -0.32518199 -1.89514208 -25.08673477
v -0.180764 -1.89514208 -25.08673477
v -0.180764 -1.77737713 -25.08673477
v -7.10066509 4.2568121 -2.2210629
v -7.10066509 3.05475998 -2.2210629
v -7.1655488 3.05475998 -2.2210629
v -7.1655488 4.2568121 -2.2210629
v -7.1655488 3.05475998 -0.62905002
v -7.1655488 4.2568121 -0.62905002
v -7.10066509 3.05475998 -0.62905002
v -7.10066509 4.2568121 -0.62905002
v -7.10066509 4.2568121 -0.62905002
v -7.10066509 3.05475998 -0.62905002
v -7.10066509 3.05475998 -2.2210629
v -7.10066509 4.2568121 -2.2210629
v -7.10066509 4.2568121 -0.62905002
v -7.10066509 4.2568121 -2.2210629
v -7.07114601 3.70932579 -4.01009703
v -7.07114601 3.60224581 -4.01009703
v -7.19506788 3.60224581 -4.01009703
v -7.19506788 3.70932579 -4.01009703
v -7.19506788 3.60224581 -0.22963899
v -7.19506788 3.70932579 -0.22963899
v -7.07114601 3.70932579 -0.22963899
v -7.07114601 3.60224581 -0.22963899
v -7.07114601 3.60224581 -4.01009703
v -7.07114601 3.70932579 -4.01009703
v -7.07114601 3.70932579 -0.22963899
v -7.07114601 3.70932579 -4.01009703
v -7.10066509 4.2568121 -3.91777492
v -7.10066509 3.05475998 -3.91777492
v -7.1655488 3.05475998 -3.91777492
v -7.1655488 4.2568121 -3.91777492
v -7.1655488 3.05475998 -2.32576299
v -7.1655488 4.2568121 -2.32576299
v -7.10066509 3.05475998 -2.32576299
v -7.10066509 4.2568121 -2.32576299
v -7.10066509 4.2568121 -2.32576299
v -7.10066509 3.05475998 -2.32576299
v -7.10066509 3.05475998 -3.91777492
v -7.10066509 4.2568121 -3.91777492
v -7.10066509 4.2568121 -2.32576299
v -7.10066509 4.2568121 -3.91777492
v 0.90432203 -1.81031704 -25.08673286
v -0.192819 -1.81031704 -25.08673286
v -0.192819 -0.07935715 -25.08673286
v 0.90432203 -0.07935715 -25.08673286
v 0.90432203 -0.07935715 -25.08673286
v -0.192819 -0.07935715 -25.08673286
v -0.192819 -0.07935715 -21.80520248
v 0.90432203 -0.07935715 -21.80520248
v 0.90432203 -0.07935715 -21.80520248
v -0.192819 -0.07935715 -21.80520248
v -0.192819 -1.81031704 -21.80520248
v 0.90432203 -1.81031704 -21.80520248
v 0.90432203 -1.81031704 -21.80520248
v 0.90432203 -1.81031704 -25.08673286
v 0.90432203 -1.81031704 -17.80146027
v -0.192819 -1.81031704 -17.80146027
v -0.192819 -0.07935715 -17.80146027
v 0.90432203 -0.07935715 -17.80146027
v -0.192819 -0.07935715 -14.51992893
v 0.90432203 -0.07935715 -14.51992893
v -0.192819 -1.81031704 -14.51992893
v 0.90432203 -1.81031704 -14.51992893
v 0.90432203 -1.81031704 -14.51992893
v -0.192819 -1.81031704 -14.51992893
v -0.192819 -1.81031704 -17.80146027
v 0.90432203 -1.81031704 -17.80146027
v -0.192819 -0.07935715 -14.51992893
v -0.192819 -0.07935715 -17.80146027
v -0.53089797 -0.43292999 -8.55493641
v 0.35575101 0.07897711 -8.55493641
v 0.35575101 0.07897711 -13.32427788
v -0.53089797 -0.43292999 -13.32427788
v -0.53089797 -1.45674419 -8.55493641
v -0.53089797 -1.45674419 -13.32427788
v 0.35575101 -1.96865106 -8.55493641
v 0.35575101 -1.96865106 -13.32427788
v 1.24240005 -1.45674419 -8.55493641
v 0.35575101 -1.96865106 -8.55493641
v 0.35575101 -1.96865106 -13.32427788
v 1.24240005 -1.45674419 -13.32427788
v 1.24240005 -0.43292999 -8.55493641
v 1.24240005 -0.43292999 -13.32427788
v 0.35575101 -0.94483709 -8.55493641
v -0.53089797 -1.45674419 -8.55493641
v 0.35575101 -1.96865106 -8.55493641
v 1.24240005 -1.45674419 -8.55493641
v 1.24240005 -0.43292999 -8.55493641
v 0.35575101 -0.94483709 -13.32427788
v -0.53089797 -1.45674419 -13.32427788
v 0.35575101 -1.96865106 -13.32427788
v 1.24240005 -1.45674419 -13.32427788
v 1.24240005 -0.43292999 -13.32427788
v 1.03474998 -1.83323503 -13.59715557
v 0.95742702 -1.83323407 -13.59714985
v 0.95742702 -0.07651997 -13.59714603
v 1.03474998 -0.07651997 -13.59714985
v 1.03475106 -0.07651997 -13.47937965
v 0.95742702 -0.07651997 -13.47938538
v 0.95742702 -1.83323503 -13.4793911
v 1.03474998 -1.83323503 -13.47938919
v 0.95742702 -0.07651997 -13.59714603
v 0.95742702 -1.83323407 -13.59714985
v -0.10801 -1.83323503 -7.06948996
v -0.185334 -1.83323407 -7.06948519
v -0.185334 -0.07651997 -7.0694809
v -0.10801 -0.07651997 -7.06948519
v -0.10801 -0.07651997 -6.95171499
v -0.185334 -0.07651997 -6.95172119
v -0.185334 -1.83323503 -6.95172691
v -0.10801 -1.83323503 -6.95172501
v -0.10801 -0.07651997 -6.95171499
v -0.10801 -1.83323503 -6.95172501
v 1.03474998 -1.83323503 -7.06948996
v 0.95742702 -1.83323407 -7.06948519
v 0.95742702 -0.07651997 -7.0694809
v 1.03474998 -0.07651997 -7.06948519
v 1.03475106 -0.07651997 -6.95171499
v 0.95742702 -0.07651997 -6.95172119
v 0.95742702 -1.83323503 -6.95172691
v 1.03474998 -1.83323503 -6.95172501
v 0.95742702 -0.07651997 -7.0694809
v 0.95742702 -1.83323407 -7.06948519
v -0.20481201 -1.83323503 -13.68100262
v -0.28213599 -1.83323407 -13.68099689
v -0.28213599 -0.07651997 -13.68099308
v -0.20481201 -0.07651997 -13.68099594
v -0.20481201 -0.07651997 -13.5632267
v -0.28213599 -0.07651997 -13.56323242
v -0.28213599 -1.83323503 -13.56323814
v -0.20481201 -1.83323503 -13.56323624
v -0.20481201 -1.83323503 -13.68100262
v -0.20481201 -0.07651997 -13.68099594
v -0.10801 -1.83323503 -8.16424942
v -0.185334 -1.83323407 -8.1642437
v -0.185334 -0.07651997 -8.16423893
v -0.10801 -0.07651997 -8.16424274
v -0.10801 -0.07651997 -8.04647255
v -0.185334 -0.07651997 -8.04647827
v -0.185334 -1.83323503 -8.04648399
v -0.10801 -1.83323503 -8.04648209
v -0.10801 -0.07651997 -8.04647255
v -0.10801 -1.83323503 -8.04648209
v 1.03474998 -1.83323503 -8.16424942
v 0.95742702 -1.83323407 -8.1642437
v 0.95742702 -0.07651997 -8.16423893
v 1.03474998 -0.07651997 -8.16424274
v 1.03475106 -0.07651997 -8.04647255
v 0.95742702 -0.07651997 -8.04647827
v 0.95742702 -1.83323503 -8.04648399
v 1.03474998 -1.83323503 -8.04648209
v 0.95742702 -1.83323503 -8.04648399
v 0.95742702 -0.07651997 -8.04647827
v -0.20481201 -1.83323503 -14.37501144
v -0.28213599 -1.83323407 -14.37500572
v -0.28213599 -0.07651997 -14.37500191
v -0.20481201 -0.07651997 -14.37500572
v -0.20481201 -0.07651997 -14.25723553
v -0.28213599 -0.07651997 -14.25724125
v -0.28213599 -1.83323503 -14.25724697
v -0.20481201 -1.83323503 -14.25724506
v -0.20481201 -0.07651997 -14.25723553
v -0.20481201 -1.83323503 -14.25724506
v -0.53089702 -0.43292999 -6.65523815
v -0.53089797 -1.456743 -6.6552372
v 0.35575101 -1.9686501 -6.6552372
v 0.35575101 -1.9686501 -6.6552372
v 1.24240005 -1.45674419 -6.65523815
v 1.24240005 -0.43292999 -6.6552372
v 0.35575101 0.07897711 -6.65523815
v 0.35575101 -0.94483709 -6.65523815
v -0.53089797 -1.456743 -6.6552372
v 0.35575101 -1.9686501 -6.6552372
v 1.24240005 -1.45674419 -6.65523815
v 1.24240005 -0.43292999 -6.6552372
v 1.03474998 -1.83323503 -14.37501144
v 0.95742702 -1.83323407 -14.37500572
v 0.95742702 -0.07651997 -14.37500191
v 1.03474998 -0.07651997 -14.37500572
v 1.03475106 -0.07651997 -14.25723553
v 0.95742702 -0.07651997 -14.25724125
v 0.95742702 -1.83323503 -14.25724697
v 1.03474998 -1.83323503 -14.25724506
v 0.95742702 -1.83323503 -14.25724697
v 0.95742702 -0.07651997 -14.25724125
v -13.15446281 -0.65068007 -2.59241509
v -13.15446281 -1.19693708 -2.59241509
v -13.219347 -1.19693708 -2.59241509
v -13.219347 -0.65068007 -2.59241509
v -13.219347 -1.19693708 -1.00040305
v -13.219347 -0.65068007 -1.00040305
v -13.15446281 -1.19693708 -1.00040305
v -13.15446281 -0.65068007 -1.00040305
v -13.15446281 -0.65068007 -1.00040305
v -13.15446281 -1.19693708 -1.00040305
v -13.15446281 -1.19693708 -2.59241509
v -13.15446281 -0.65068007 -2.59241509
v -13.15446281 -0.65068007 -1.00040305
v -13.15446281 -0.65068007 -2.59241509
v -13.12494278 -0.8994782 -6.15719891
v -13.12494278 -0.94813919 -6.15719891
v -13.24886703 -0.94813919 -6.15719891
v -13.24886703 -0.8994782 -6.15719891
v -13.24886703 -0.94813919 -0.60099101
v -13.24886703 -0.8994782 -0.60099101
v -13.12494278 -0.8994782 -0.60099101
v -13.12494278 -0.94813919 -0.60099101
v -13.12494278 -0.94813919 -6.15719891
v -13.12494278 -0.8994782 -6.15719891
v -13.24886703 -0.94813919 -0.60099101
v -13.24886703 -0.94813919 -6.15719891
v -13.15446281 -0.65068007 -4.28912687
v -13.15446281 -1.19693708 -4.28912687
v -13.219347 -1.19693708 -4.28912687
v -13.219347 -0.65068007 -4.28912687
v -13.219347 -1.19693708 -2.69711494
v -13.219347 -0.65068007 -2.69711494
v -13.15446281 -1.19693708 -2.69711494
v -13.15446281 -0.65068007 -2.69711494
v -13.15446281 -0.65068007 -2.69711494
v -13.15446281 -1.19693708 -2.69711494
v -13.15446281 -1.19693708 -4.28912687
v -13.15446281 -0.65068007 -4.28912687
v -13.15446281 -0.65068007 -2.69711494
v -13.15446281 -0.65068007 -4.28912687
v -13.15446281 -0.65068007 -6.03547478
v -13.15446281 -1.19693708 -6.03547478
v -13.219347 -1.19693708 -6.03547478
v -13.219347 -0.65068007 -6.03547478
v -13.219347 -1.19693708 -4.44346285
v -13.219347 -0.65068007 -4.44346285
v -13.15446281 -1.19693708 -4.44346285
v -13.15446281 -0.65068007 -4.44346285
v -13.15446281 -0.65068007 -4.44346285
v -13.15446281 -1.19693708 -4.44346285
v -13.15446281 -1.19693708 -6.03547478
v -13.15446281 -0.65068007 -6.03547478
v -13.15446281 -0.65068007 -4.44346285
v -13.15446281 -0.65068007 -6.03547478
v -11.79288483 -1.06467009 -4.66845989
v -11.79288483 -1.06467009 -3.30137801
v -11.79288483 -1.02814698 -3.30137801
v -11.79288483 -1.02814698 -4.66845989
v -11.79288483 -1.02814698 -4.66845989
v -11.79288483 -1.02814698 -3.30137801
v -10.38260746 -0.8250041 -3.30137801
v -10.38260746 -0.8250041 -4.66845989
v -10.38260746 -0.86152601 -4.66845989
v -10.38260746 -0.86152601 -3.30137801
v -11.79288483 -1.02814698 -4.66845989
v -10.38260746 -0.8250041 -4.66845989
v -6.15177107 -1.06467009 -3.30137801
v -4.74149179 -0.86152601 -3.30137801
v -4.74149179 -0.8250041 -3.30137801
v -6.15177107 -1.02814698 -3.30137801
v -4.74149179 -0.86152601 -4.66845989
v -6.15177107 -1.06467009 -4.66845989
v -6.15177107 -1.02814698 -4.66845989
v -4.74149179 -0.8250041 -4.66845989
v -6.15177107 -1.02814698 -4.66845989
v -4.74149179 -0.8250041 -4.66845989
v -7.56204891 -0.86152601 -3.30137801
v -7.56204891 -0.8250041 -3.30137801
v -7.56204891 -0.86152601 -4.66845989
v -7.56204891 -0.8250041 -4.66845989
v -7.56204891 -0.8250041 -4.66845989
v -3.331213 -1.06467009 -3.30137801
v -1.92093396 -0.86152601 -3.30137801
v -1.92093396 -0.8250041 -3.30137801
v -3.331213 -1.02814698 -3.30137801
v -1.92093396 -0.86152601 -4.66845989
v -3.331213 -1.06467009 -4.66845989
v -3.331213 -1.02814698 -4.66845989
v -1.92093396 -0.8250041 -4.66845989
v -3.331213 -1.02814698 -4.66845989
v -1.92093396 -0.8250041 -4.66845989
v -0.510656 -1.06467009 -3.30137801
v -0.510656 -1.02814698 -3.30137801
v -0.510656 -1.06467009 -4.66845989
v -0.510656 -1.02814698 -4.66845989
v -0.510656 -1.02814698 -4.66845989
v -8.97232819 -1.06467009 -3.30137801
v -8.97232819 -1.02814698 -3.30137801
v -8.97232819 -1.02814698 -4.66845989
v -8.97232819 -1.06467009 -4.66845989
v -8.97232819 -1.02814698 -4.66845989
v -11.79288483 -1.00371909 -4.7392211
v -11.79288483 -1.00371909 -4.62949324
v -11.79288483 -0.88595414 -4.62949324
v -11.79288483 -0.88595414 -4.7392211
v -11.79288483 -0.88595414 -4.62949324
v -0.510656 -0.88595414 -4.62949324
v -0.510656 -0.88595414 -4.73922205
v -0.510656 -1.00371909 -4.73922205
v -0.510656 -1.00371909 -4.62949324
v -11.79288483 -1.00371909 -4.62949324
v -11.79288483 -1.00371909 -4.62949324
v -0.510656 -1.00371909 -4.62949324
v -11.79288483 -1.00371909 -3.30290008
v -11.79288483 -1.00371909 -3.19317007
v -11.79288483 -0.88595414 -3.19317007
v -11.79288483 -0.88595414 -3.30290008
v -11.79288483 -0.88595414 -3.30290008
v -0.510656 -0.88595414 -3.19317102
v -0.510656 -0.88595414 -3.30289793
v -0.510656 -1.00371909 -3.30289793
v -0.510656 -1.00371909 -3.19317102
v -11.79288483 -1.00371909 -3.30290008
v -0.510656 -1.00371909 -3.30289793
v -11.79288483 -1.00371909 -3.30290008
v -11.79288483 -1.06467009 -6.48292112
v -11.79288483 -1.06467009 -5.115839
v -11.79288483 -1.02814698 -5.115839
v -11.79288483 -1.02814698 -6.48292112
v -11.79288483 -1.02814698 -6.48292112
v -11.79288483 -1.02814698 -5.115839
v -10.38260746 -0.8250041 -5.115839
v -10.38260746 -0.8250041 -6.48292112
v -10.38260746 -0.86152601 -6.48292112
v -10.38260746 -0.86152601 -5.115839
v -11.79288483 -1.02814698 -6.48292112
v -10.38260746 -0.8250041 -6.48292112
v -6.15177107 -1.06467009 -5.115839
v -4.74149179 -0.86152601 -5.115839
v -4.74149179 -0.8250041 -5.115839
v -6.15177107 -1.02814698 -5.115839
v -4.74149179 -0.86152601 -6.48292112
v -6.15177107 -1.06467009 -6.48292112
v -6.15177107 -1.02814698 -6.48292112
v -4.74149179 -0.8250041 -6.48292112
v -6.15177107 -1.02814698 -6.48292112
v -4.74149179 -0.8250041 -6.48292112
v -7.56204891 -0.86152601 -5.115839
v -7.56204891 -0.8250041 -5.115839
v -7.56204891 -0.86152601 -6.48292112
v -7.56204891 -0.8250041 -6.48292112
v -7.56204891 -0.8250041 -6.48292112
v -3.331213 -1.06467009 -5.115839
v -1.92093396 -0.86152601 -5.115839
v -1.92093396 -0.8250041 -5.115839
v -3.331213 -1.02814698 -5.115839
v -1.92093396 -0.86152601 -6.48292112
v -3.331213 -1.06467009 -6.48292112
v -3.331213 -1.02814698 -6.48292112
v -1.92093396 -0.8250041 -6.48292112
v -3.331213 -1.02814698 -6.48292112
v -1.92093396 -0.8250041 -6.48292112
v -0.510656 -1.06467009 -5.115839
v -0.510656 -1.02814698 -5.115839
v -0.510656 -1.06467009 -6.48292112
v -0.510656 -1.02814698 -6.48292112
v -0.510656 -1.02814698 -6.48292112
v -8.97232819 -1.06467009 -5.115839
v -8.97232819 -1.02814698 -5.115839
v -8.97232819 -1.02814698 -6.48292112
v -8.97232819 -1.06467009 -6.48292112
v -8.97232819 -1.02814698 -6.48292112
v -11.79288483 -1.00371909 -6.55368185
v -11.79288483 -1.00371909 -6.44395399
v -11.79288483 -0.88595414 -6.44395399
v -11.79288483 -0.88595414 -6.55368185
v -11.79288483 -0.88595414 -6.44395399
v -0.510656 -0.88595414 -6.44395399
v -0.510656 -0.88595414 -6.5536828
v -0.510656 -1.00371909 -6.5536828
v -0.510656 -1.00371909 -6.44395399
v -11.79288483 -1.00371909 -6.44395399
v -11.79288483 -1.00371909 -6.44395399
v -0.510656 -1.00371909 -6.44395399
v -11.79288483 -1.00371909 -5.11736107
v -11.79288483 -1.00371909 -5.00763083
v -11.79288483 -0.88595414 -5.00763083
v -11.79288483 -0.88595414 -5.11736107
v -11.79288483 -0.88595414 -5.11736107
v -0.510656 -0.88595414 -5.00763178
v -0.510656 -0.88595414 -5.11736012
v -0.510656 -1.00371909 -5.11736012
v -0.510656 -1.00371909 -5.00763178
v -11.79288483 -1.00371909 -5.11736107
v -0.510656 -1.00371909 -5.11736012
v -11.79288483 -1.00371909 -5.11736107
v 13.7806778 -0.69581199 -17.6923027
v 7.90108204 -0.69581199 -17.6923027
v 7.90108204 -0.69581199 -15.3572998
v 13.7806778 -0.69581199 -15.3572998
v 7.90108204 -0.69581199 -15.3572998
v 7.90108204 -0.84203815 -15.3572998
v 13.7806778 -0.84203815 -15.3572998
v 13.7806778 -0.69581199 -15.3572998
v 7.90108204 -0.84203815 -17.6923027
v 13.7806778 -0.84203815 -17.6923027
v 7.90108204 -0.69581199 -17.6923027
v 13.7806778 -0.69581199 -17.6923027
v 14.02943802 -0.6245482 -17.7634716
v 13.83848381 -0.6245482 -17.7634716
v 13.83848381 -0.6245482 -15.28613091
v 14.02943802 -0.6245482 -15.28613091
v 13.83848381 -0.6245482 -15.28613091
v 13.83848381 -0.91330218 -15.28613091
v 14.02943802 -0.91330218 -15.28613091
v 14.02943802 -0.6245482 -15.28613091
v 13.83848381 -0.91330218 -17.7634716
v 14.02943802 -0.91330218 -17.7634716
v 13.83848381 -0.6245482 -17.7634716
v 14.02943802 -0.6245482 -17.7634716
v 14.02943802 -0.91330218 -15.28613091
v 14.02943802 -0.91330218 -17.7634716
v 2.02148604 -0.69581199 -17.6923027
v 2.02148604 -0.69581199 -15.3572998
v 2.02148604 -0.84203815 -15.3572998
v 2.02148604 -0.69581199 -15.3572998
v 2.02148604 -0.84203815 -17.6923027
v 2.02148604 -0.69581199 -17.6923027
v 1.96368003 -0.6245482 -15.28613091
v 1.96368003 -0.6245482 -17.7634716
v 1.77272606 -0.6245482 -17.7634716
v 1.77272606 -0.6245482 -15.28613091
v 1.77272606 -0.91330218 -15.28613091
v 1.96368003 -0.91330218 -15.28613091
v 1.96368003 -0.6245482 -15.28613091
v 1.77272606 -0.6245482 -15.28613091
v 1.77272606 -0.91330218 -17.7634716
v 1.96368003 -0.91330218 -17.7634716
v 1.77272606 -0.6245482 -17.7634716
v 1.96368003 -0.6245482 -17.7634716
v 1.77272606 -0.91330218 -17.7634716
v 1.77272606 -0.91330218 -15.28613091
v 3.7965951 -0.94483709 -17.70227814
v 3.7965951 -0.73689699 -17.78841019
v 0.35575101 -0.73689699 -17.78841019
v 0.35575101 -0.94483709 -17.70227814
v 3.7965951 -1.15277719 -17.78841019
v 3.7965951 -0.94483709 -17.70227814
v 0.35575101 -0.94483709 -17.70227814
v 0.35575101 -1.15277719 -17.78841019
v 3.7965951 -1.23890901 -17.99635124
v 0.35575101 -1.23890901 -17.99635124
v 3.7965951 -1.15277719 -18.20429039
v 0.35575101 -1.15277719 -18.20429039
v 3.7965951 -0.94483709 -18.29042244
v 0.35575101 -0.94483709 -18.29042244
v 3.7965951 -0.73689699 -18.20429039
v 0.35575101 -0.73689699 -18.20429039
v 3.7965951 -0.65076518 -17.99635124
v 0.35575101 -0.65076518 -17.99635124
v 3.7965951 -0.94483709 -17.70227814
v 3.7965951 -0.94483709 -17.99635124
v 3.7965951 -1.15277719 -17.78841019
v 3.7965951 -0.94483709 -17.70227814
v 3.7965951 -1.23890901 -17.99635124
v 3.7965951 -1.15277719 -18.20429039
v 3.7965951 -0.94483709 -18.29042244
v 3.7965951 -0.73689699 -18.20429039
v 7.90108204 -0.69581199 -20.63540268
v 7.90108204 -0.69581199 -18.30039978
v 13.7806778 -0.69581199 -18.30039978
v 13.7806778 -0.69581199 -20.63540268
v 13.7806778 -0.84203815 -20.63540268
v 7.90108204 -0.84203815 -20.63540268
v 7.90108204 -0.69581199 -20.63540268
v 13.7806778 -0.69581199 -20.63540268
v 13.7806778 -0.84203815 -18.30039978
v 7.90108204 -0.84203815 -18.30039978
v 13.7806778 -0.69581199 -18.30039978
v 7.90108204 -0.69581199 -18.30039978
v 13.83848381 -0.6245482 -20.70657158
v 13.83848381 -0.6245482 -18.22923088
v 14.02943802 -0.6245482 -18.22923088
v 14.02943802 -0.6245482 -20.70657158
v 14.02943802 -0.91330218 -20.70657158
v 13.83848381 -0.91330218 -20.70657158
v 13.83848381 -0.6245482 -20.70657158
v 14.02943802 -0.6245482 -20.70657158
v 14.02943802 -0.91330218 -18.22923088
v 13.83848381 -0.91330218 -18.22923088
v 14.02943802 -0.6245482 -18.22923088
v 13.83848381 -0.6245482 -18.22923088
v 14.02943802 -0.91330218 -18.22923088
v 14.02943802 -0.91330218 -20.70657158
v 2.02148604 -0.69581199 -18.30039978
v 2.02148604 -0.69581199 -20.63540268
v 2.02148604 -0.84203815 -20.63540268
v 2.02148604 -0.69581199 -20.63540268
v 2.02148604 -0.84203815 -18.30039978
v 2.02148604 -0.69581199 -18.30039978
v 1.77272606 -0.6245482 -18.22923088
v 1.96368003 -0.6245482 -18.22923088
v 1.96368003 -0.6245482 -20.70657158
v 1.77272606 -0.6245482 -20.70657158
v 1.96368003 -0.6245482 -20.70657158
v 1.96368003 -0.91330218 -20.70657158
v 1.77272606 -0.91330218 -20.70657158
v 1.77272606 -0.6245482 -20.70657158
v 1.96368003 -0.91330218 -18.22923088
v 1.77272606 -0.91330218 -18.22923088
v 1.96368003 -0.6245482 -18.22923088
v 1.77272606 -0.6245482 -18.22923088
v 1.77272606 -0.91330218 -18.22923088
v 1.77272606 -0.91330218 -20.70657158
v -7.18957996 -0.69581199 -15.3572998
v -7.18957996 -0.69581199 -17.6923027
v -13.06917572 -0.69581199 -17.6923027
v -13.06917572 -0.69581199 -15.3572998
v -13.06917572 -0.84203815 -15.3572998
v -7.18957996 -0.84203815 -15.3572998
v -7.18957996 -0.69581199 -15.3572998
v -13.06917572 -0.69581199 -15.3572998
v -13.06917572 -0.84203815 -17.6923027
v -7.18957996 -0.84203815 -17.6923027
v -13.06917572 -0.69581199 -17.6923027
v -7.18957996 -0.69581199 -17.6923027
v -13.12698174 -0.6245482 -15.28613091
v -13.12698174 -0.6245482 -17.7634716
v -13.31793594 -0.6245482 -17.7634716
v -13.31793594 -0.6245482 -15.28613091
v -13.31793594 -0.91330218 -15.28613091
v -13.12698174 -0.91330218 -15.28613091
v -13.12698174 -0.6245482 -15.28613091
v -13.31793594 -0.6245482 -15.28613091
v -13.31793594 -0.91330218 -17.7634716
v -13.12698174 -0.91330218 -17.7634716
v -13.31793594 -0.6245482 -17.7634716
v -13.12698174 -0.6245482 -17.7634716
v -13.31793594 -0.91330218 -17.7634716
v -13.31793594 -0.91330218 -15.28613091
v -1.30998397 -0.69581199 -17.6923027
v -1.30998397 -0.69581199 -15.3572998
v -1.30998397 -0.84203815 -15.3572998
v -1.30998397 -0.69581199 -15.3572998
v -1.30998397 -0.84203815 -17.6923027
v -1.30998397 -0.69581199 -17.6923027
v -1.06122398 -0.6245482 -17.7634716
v -1.25217795 -0.6245482 -17.7634716
v -1.25217795 -0.6245482 -15.28613091
v -1.06122398 -0.6245482 -15.28613091
v -1.25217795 -0.6245482 -15.28613091
v -1.25217795 -0.91330218 -15.28613091
v -1.06122398 -0.91330218 -15.28613091
v -1.06122398 -0.6245482 -15.28613091
v -1.25217795 -0.91330218 -17.7634716
v -1.06122398 -0.91330218 -17.7634716
v -1.25217795 -0.6245482 -17.7634716
v -1.06122398 -0.6245482 -17.7634716
v -1.06122398 -0.91330218 -17.7634716
v -1.06122398 -0.91330218 -15.28613091
v -3.08509302 -0.73689699 -17.78841019
v -3.08509302 -0.94483709 -17.70227814
v -3.08509302 -0.94483709 -17.70227814
v -3.08509302 -1.15277719 -17.78841019
v -3.08509302 -1.23890901 -17.99635124
v -3.08509302 -1.15277719 -18.20429039
v -3.08509302 -0.94483709 -18.29042244
v -3.08509302 -0.73689699 -18.20429039
v -3.08509302 -0.65076518 -17.99635124
v -3.08509302 -0.94483709 -17.70227814
v -3.08509302 -0.94483709 -17.99635124
v -3.08509302 -1.15277719 -17.78841019
v -3.08509302 -0.94483709 -17.70227814
v -3.08509302 -1.23890901 -17.99635124
v -3.08509302 -1.15277719 -18.20429039
v -3.08509302 -0.94483709 -18.29042244
v -3.08509302 -0.73689699 -18.20429039
v -13.06917572 -0.69581199 -18.30039978
v -7.18957996 -0.69581199 -18.30039978
v -7.18957996 -0.69581199 -20.63540268
v -13.06917572 -0.69581199 -20.63540268
v -7.18957996 -0.69581199 -20.63540268
v -7.18957996 -0.84203815 -20.63540268
v -13.06917572 -0.84203815 -20.63540268
v -13.06917572 -0.69581199 -20.63540268
v -7.18957996 -0.84203815 -18.30039978
v -13.06917572 -0.84203815 -18.30039978
v -7.18957996 -0.69581199 -18.30039978
v -13.06917572 -0.69581199 -18.30039978
v -13.31793594 -0.6245482 -18.22923088
v -13.12698174 -0.6245482 -18.22923088
v -13.12698174 -0.6245482 -20.70657158
v -13.31793594 -0.6245482 -20.70657158
v -13.12698174 -0.6245482 -20.70657158
v -13.12698174 -0.91330218 -20.70657158
v -13.31793594 -0.91330218 -20.70657158
v -13.31793594 -0.6245482 -20.70657158
v -13.12698174 -0.91330218 -18.22923088
v -13.31793594 -0.91330218 -18.22923088
v -13.12698174 -0.6245482 -18.22923088
v -13.31793594 -0.6245482 -18.22923088
v -13.31793594 -0.91330218 -20.70657158
v -13.31793594 -0.91330218 -18.22923088
v -1.30998397 -0.69581199 -18.30039978
v -1.30998397 -0.69581199 -20.63540268
v -1.30998397 -0.84203815 -20.63540268
v -1.30998397 -0.69581199 -20.63540268
v -1.30998397 -0.84203815 -18.30039978
v -1.30998397 -0.69581199 -18.30039978
v -1.25217795 -0.6245482 -20.70657158
v -1.25217795 -0.6245482 -18.22923088
v -1.06122398 -0.6245482 -18.22923088
v -1.06122398 -0.6245482 -20.70657158
v -1.06122398 -0.91330218 -20.70657158
v -1.25217795 -0.91330218 -20.70657158
v -1.25217795 -0.6245482 -20.70657158
v -1.06122398 -0.6245482 -20.70657158
v -1.06122398 -0.91330218 -18.22923088
v -1.25217795 -0.91330218 -18.22923088
v -1.06122398 -0.6245482 -18.22923088
v -1.25217795 -0.6245482 -18.22923088
v -1.06122398 -0.91330218 -18.22923088
v -1.06122398 -0.91330218 -20.70657158
v 13.7806778 -0.69581199 -24.93431091
v 7.90108204 -0.69581199 -24.93431091
v 7.90108204 -0.69581199 -22.59930801
v 13.7806778 -0.69581199 -22.59930801
v 7.90108204 -0.69581199 -22.59930801
v 7.90108204 -0.84203815 -22.59930801
v 13.7806778 -0.84203815 -22.59930801
v 13.7806778 -0.69581199 -22.59930801
v 7.90108204 -0.84203815 -24.93431091
v 13.7806778 -0.84203815 -24.93431091
v 7.90108204 -0.69581199 -24.93431091
v 13.7806778 -0.69581199 -24.93431091
v 14.02943802 -0.6245482 -25.00548172
v 13.83848381 -0.6245482 -25.00548172
v 13.83848381 -0.6245482 -22.52814102
v 14.02943802 -0.6245482 -22.52814102
v 13.83848381 -0.6245482 -22.52814102
v 13.83848381 -0.91330218 -22.52814102
v 14.02943802 -0.91330218 -22.52814102
v 14.02943802 -0.6245482 -22.52814102
v 13.83848381 -0.91330218 -25.00548172
v 14.02943802 -0.91330218 -25.00548172
v 13.83848381 -0.6245482 -25.00548172
v 14.02943802 -0.6245482 -25.00548172
v 14.02943802 -0.91330218 -22.52814102
v 14.02943802 -0.91330218 -25.00548172
v 2.02148604 -0.69581199 -24.93431091
v 2.02148604 -0.69581199 -22.59930801
v 2.02148604 -0.84203815 -22.59930801
v 2.02148604 -0.69581199 -22.59930801
v 2.02148604 -0.84203815 -24.93431091
v 2.02148604 -0.69581199 -24.93431091
v 1.96368003 -0.6245482 -22.52814102
v 1.96368003 -0.6245482 -25.00548172
v 1.77272606 -0.6245482 -25.00548172
v 1.77272606 -0.6245482 -22.52814102
v 1.77272606 -0.91330218 -22.52814102
v 1.96368003 -0.91330218 -22.52814102
v 1.96368003 -0.6245482 -22.52814102
v 1.77272606 -0.6245482 -22.52814102
v 1.77272606 -0.91330218 -25.00548172
v 1.96368003 -0.91330218 -25.00548172
v 1.77272606 -0.6245482 -25.00548172
v 1.96368003 -0.6245482 -25.00548172
v 1.77272606 -0.91330218 -25.00548172
v 1.77272606 -0.91330218 -22.52814102
v 3.7965951 -0.94483709 -24.94428635
v 3.7965951 -0.73689699 -25.0304184
v 0.35575101 -0.73689699 -25.0304184
v 0.35575101 -0.94483709 -24.94428635
v 3.7965951 -1.15277719 -25.0304184
v 3.7965951 -0.94483709 -24.94428635
v 0.35575101 -0.94483709 -24.94428635
v 0.35575101 -1.15277719 -25.0304184
v 3.7965951 -1.23890901 -25.23836136
v 0.35575101 -1.23890901 -25.23836136
v 3.7965951 -1.15277719 -25.44630051
v 0.35575101 -1.15277719 -25.44630051
v 3.7965951 -0.94483709 -25.53243256
v 0.35575101 -0.94483709 -25.53243256
v 3.7965951 -0.73689699 -25.44630051
v 0.35575101 -0.73689699 -25.44630051
v 3.7965951 -0.65076518 -25.23836136
v 0.35575101 -0.65076518 -25.23836136
v 3.7965951 -0.94483709 -24.94428635
v 3.7965951 -0.94483709 -25.23836136
v 3.7965951 -1.15277719 -25.0304184
v 3.7965951 -0.94483709 -24.94428635
v 3.7965951 -1.23890901 -25.23836136
v 3.7965951 -1.15277719 -25.44630051
v 3.7965951 -0.94483709 -25.53243256
v 3.7965951 -0.73689699 -25.44630051
v 7.90108204 -0.69581199 -27.87741089
v 7.90108204 -0.69581199 -25.54240799
v 13.7806778 -0.69581199 -25.54240799
v 13.7806778 -0.69581199 -27.87741089
v 13.7806778 -0.84203815 -27.87741089
v 7.90108204 -0.84203815 -27.87741089
v 7.90108204 -0.69581199 -27.87741089
v 13.7806778 -0.69581199 -27.87741089
v 13.7806778 -0.84203815 -25.54240799
v 7.90108204 -0.84203815 -25.54240799
v 13.7806778 -0.69581199 -25.54240799
v 7.90108204 -0.69581199 -25.54240799
v 13.83848381 -0.6245482 -27.9485817
v 13.83848381 -0.6245482 -25.471241
v 14.02943802 -0.6245482 -25.471241
v 14.02943802 -0.6245482 -27.9485817
v 14.02943802 -0.91330218 -27.9485817
v 13.83848381 -0.91330218 -27.9485817
v 13.83848381 -0.6245482 -27.9485817
v 14.02943802 -0.6245482 -27.9485817
v 14.02943802 -0.91330218 -25.471241
v 13.83848381 -0.91330218 -25.471241
v 14.02943802 -0.6245482 -25.471241
v 13.83848381 -0.6245482 -25.471241
v 14.02943802 -0.91330218 -25.471241
v 14.02943802 -0.91330218 -27.9485817
v 2.02148604 -0.69581199 -25.54240799
v 2.02148604 -0.69581199 -27.87741089
v 2.02148604 -0.84203815 -27.87741089
v 2.02148604 -0.69581199 -27.87741089
v 2.02148604 -0.84203815 -25.54240799
v 2.02148604 -0.69581199 -25.54240799
v 1.77272606 -0.6245482 -25.471241
v 1.96368003 -0.6245482 -25.471241
v 1.96368003 -0.6245482 -27.9485817
v 1.77272606 -0.6245482 -27.9485817
v 1.96368003 -0.6245482 -27.9485817
v 1.96368003 -0.91330218 -27.9485817
v 1.77272606 -0.91330218 -27.9485817
v 1.77272606 -0.6245482 -27.9485817
v 1.96368003 -0.91330218 -25.471241
v 1.77272606 -0.91330218 -25.471241
v 1.96368003 -0.6245482 -25.471241
v 1.77272606 -0.6245482 -25.471241
v 1.77272606 -0.91330218 -25.471241
v 1.77272606 -0.91330218 -27.9485817
v -7.18957996 -0.69581199 -22.59930801
v -7.18957996 -0.69581199 -24.93431091
v -13.06917572 -0.69581199 -24.93431091
v -13.06917572 -0.69581199 -22.59930801
v -13.06917572 -0.84203815 -22.59930801
v -7.18957996 -0.84203815 -22.59930801
v -7.18957996 -0.69581199 -22.59930801
v -13.06917572 -0.69581199 -22.59930801
v -13.06917572 -0.84203815 -24.93431091
v -7.18957996 -0.84203815 -24.93431091
v -13.06917572 -0.69581199 -24.93431091
v -7.18957996 -0.69581199 -24.93431091
v -13.12698174 -0.6245482 -22.52814102
v -13.12698174 -0.6245482 -25.00548172
v -13.31793594 -0.6245482 -25.00548172
v -13.31793594 -0.6245482 -22.52814102
v -13.31793594 -0.91330218 -22.52814102
v -13.12698174 -0.91330218 -22.52814102
v -13.12698174 -0.6245482 -22.52814102
v -13.31793594 -0.6245482 -22.52814102
v -13.31793594 -0.91330218 -25.00548172
v -13.12698174 -0.91330218 -25.00548172
v -13.31793594 -0.6245482 -25.00548172
v -13.12698174 -0.6245482 -25.00548172
v -13.31793594 -0.91330218 -25.00548172
v -13.31793594 -0.91330218 -22.52814102
v -1.30998397 -0.69581199 -24.93431091
v -1.30998397 -0.69581199 -22.59930801
v -1.30998397 -0.84203815 -22.59930801
v -1.30998397 -0.69581199 -22.59930801
v -1.30998397 -0.84203815 -24.93431091
v -1.30998397 -0.69581199 -24.93431091
v -1.06122398 -0.6245482 -25.00548172
v -1.25217795 -0.6245482 -25.00548172
v -1.25217795 -0.6245482 -22.52814102
v -1.06122398 -0.6245482 -22.52814102
v -1.25217795 -0.6245482 -22.52814102
v -1.25217795 -0.91330218 -22.52814102
v -1.06122398 -0.91330218 -22.52814102
v -1.06122398 -0.6245482 -22.52814102
v -1.25217795 -0.91330218 -25.00548172
v -1.06122398 -0.91330218 -25.00548172
v -1.25217795 -0.6245482 -25.00548172
v -1.06122398 -0.6245482 -25.00548172
v -1.06122398 -0.91330218 -25.00548172
v -1.06122398 -0.91330218 -22.52814102
v -3.08509302 -0.73689699 -25.0304184
v -3.08509302 -0.94483709 -24.94428635
v -3.08509302 -0.94483709 -24.94428635
v -3.08509302 -1.15277719 -25.0304184
v -3.08509302 -1.23890901 -25.23836136
v -3.08509302 -1.15277719 -25.44630051
v -3.08509302 -0.94483709 -25.53243256
v -3.08509302 -0.73689699 -25.44630051
v -3.08509302 -0.65076518 -25.23836136
v -3.08509302 -0.94483709 -24.94428635
v -3.08509302 -0.94483709 -25.23836136
v -3.08509302 -1.15277719 -25.0304184
v -3.08509302 -0.94483709 -24.94428635
v -3.08509302 -1.23890901 -25.23836136
v -3.08509302 -1.15277719 -25.44630051
v -3.08509302 -0.94483709 -25.53243256
v -3.08509302 -0.73689699 -25.44630051
v -13.06917572 -0.69581199 -25.54240799
v -7.18957996 -0.69581199 -25.54240799
v -7.18957996 -0.69581199 -27.87741089
v -13.06917572 -0.69581199 -27.87741089
v -7.18957996 -0.69581199 -27.87741089
v -7.18957996 -0.84203815 -27.87741089
v -13.06917572 -0.84203815 -27.87741089
v -13.06917572 -0.69581199 -27.87741089
v -7.18957996 -0.84203815 -25.54240799
v -13.06917572 -0.84203815 -25.54240799
v -7.18957996 -0.69581199 -25.54240799
v -13.06917572 -0.69581199 -25.54240799
v -13.31793594 -0.6245482 -25.471241
v -13.12698174 -0.6245482 -25.471241
v -13.12698174 -0.6245482 -27.9485817
v -13.31793594 -0.6245482 -27.9485817
v -13.12698174 -0.6245482 -27.9485817
v -13.12698174 -0.91330218 -27.9485817
v -13.31793594 -0.91330218 -27.9485817
v -13.31793594 -0.6245482 -27.9485817
v -13.12698174 -0.91330218 -25.471241
v -13.31793594 -0.91330218 -25.471241
v -13.12698174 -0.6245482 -25.471241
v -13.31793594 -0.6245482 -25.471241
v -13.31793594 -0.91330218 -27.9485817
v -13.31793594 -0.91330218 -25.471241
v -1.30998397 -0.69581199 -25.54240799
v -1.30998397 -0.69581199 -27.87741089
v -1.30998397 -0.84203815 -27.87741089
v -1.30998397 -0.69581199 -27.87741089
v -1.30998397 -0.84203815 -25.54240799
v -1.30998397 -0.69581199 -25.54240799
v -1.25217795 -0.6245482 -27.9485817
v -1.25217795 -0.6245482 -25.471241
v -1.06122398 -0.6245482 -25.471241
v -1.06122398 -0.6245482 -27.9485817
v -1.06122398 -0.91330218 -27.9485817
v -1.25217795 -0.91330218 -27.9485817
v -1.25217795 -0.6245482 -27.9485817
v -1.06122398 -0.6245482 -27.9485817
v -1.06122398 -0.91330218 -25.471241
v -1.25217795 -0.91330218 -25.471241
v -1.06122398 -0.6245482 -25.471241
v -1.25217795 -0.6245482 -25.471241
v -1.06122398 -0.91330218 -25.471241
v -1.06122398 -0.91330218 -27.9485817
v 1.36421502 0.33094168 -6.9159112
v -0.652713 0.33094168 -6.9159112
v -0.652713 2.36713791 -6.9159112
v 1.36421502 2.36713791 -6.9159112
v -0.652713 2.36713791 -6.9159112
v -0.652713 2.36713791 -6.73787403
v 1.36421502 2.36713791 -6.73787403
v 1.36421502 2.36713791 -6.9159112
v -0.652713 0.33094168 -6.73787403
v 1.36421502 0.33094168 -6.73787403
v -0.652713 0.33094168 -6.9159112
v 1.36421502 0.33094168 -6.9159112
v 1.36421502 0.33094168 -6.9159112
v 1.36421502 2.36713791 -6.9159112
v 1.04537904 -0.05818796 -7.20553303
v -0.33387801 -0.05818796 -7.20553303
v -0.33387801 0.35385895 -7.20553303
v 1.04537904 0.35385895 -7.20553303
v -0.33387801 0.35385895 -6.44825315
v 1.04537904 0.35385895 -6.44825315
v 1.04537904 0.35385895 -6.44825315
v -0.33387801 0.35385895 -6.44825315
v -0.33387801 -0.05818796 -6.44825315
v 1.04537904 -0.05818796 -6.44825315
v 1.04537904 0.35385895 -7.20553303
v 1.04537904 0.35385895 -6.44825315
v -0.33387801 0.35385895 -6.44825315
v -0.33387801 0.35385895 -7.20553303
v 0.095016 2.25352001 -8.7571516
v 0.095016 1.75802088 -8.7571516
v -0.37033001 1.75802088 -8.7571516
v -0.37033001 2.25352001 -8.7571516
v 0.095016 2.25352001 -7.62421894
v -0.37033001 2.25352001 -7.62421894
v 0.095016 1.75802088 -7.62421894
v -0.37033001 1.75802088 -7.62421894
v 0.095016 1.75802088 -8.7571516
v 0.095016 1.75802088 -7.62421894
v -0.37033001 1.75802088 -7.62421894
v -0.37033001 1.75802088 -8.7571516
v 0.095016 1.75802088 -7.62421894
v 0.095016 1.75802088 -8.7571516
v 1.36421502 0.33094168 -8.27970314
v -0.652713 0.33094168 -8.27970314
v -0.652713 2.36713791 -8.27970314
v 1.36421502 2.36713791 -8.27970314
v -0.652713 2.36713791 -8.27970314
v -0.652713 2.36713791 -8.10166645
v 1.36421502 2.36713791 -8.10166645
v 1.36421502 2.36713791 -8.27970314
v -0.652713 0.33094168 -8.10166645
v 1.36421502 0.33094168 -8.10166645
v -0.652713 0.33094168 -8.27970314
v 1.36421502 0.33094168 -8.27970314
v 1.36421502 0.33094168 -8.27970314
v 1.36421502 2.36713791 -8.27970314
v 1.08183205 1.75802088 -8.7571516
v 0.61648601 1.75802088 -8.7571516
v 0.61648601 2.25352001 -8.7571516
v 1.08183205 2.25352001 -8.7571516
v 0.61648601 2.25352001 -7.62421799
v 1.08183205 2.25352001 -7.62421799
v 0.61648601 1.75802088 -7.62421799
v 1.08183205 1.75802088 -7.62421799
v 1.08183205 1.75802088 -7.62421799
v 0.61648601 1.75802088 -7.62421799
v 0.61648601 1.75802088 -8.7571516
v 1.08183205 1.75802088 -8.7571516
v 1.08183205 1.75802088 -7.62421799
v 1.08183205 1.75802088 -8.7571516
v 0.095016 1.63439989 -8.7571516
v 0.095016 1.13890076 -8.7571516
v -0.37033001 1.13890076 -8.7571516
v -0.37033001 1.63439989 -8.7571516
v 0.095016 1.63439989 -7.62421894
v -0.37033001 1.63439989 -7.62421894
v 0.095016 1.13890076 -7.62421894
v -0.37033001 1.13890076 -7.62421894
v 0.095016 1.13890076 -8.7571516
v 0.095016 1.13890076 -7.62421894
v -0.37033001 1.13890076 -7.62421894
v -0.37033001 1.13890076 -8.7571516
v 0.095016 1.13890076 -7.62421894
v 0.095016 1.13890076 -8.7571516
v 1.08183205 1.13890076 -8.7571516
v 0.61648601 1.13890076 -8.7571516
v 0.61648601 1.63439989 -8.7571516
v 1.08183205 1.63439989 -8.7571516
v 0.61648601 1.63439989 -7.62421799
v 1.08183205 1.63439989 -7.62421799
v 0.61648601 1.13890076 -7.62421799
v 1.08183205 1.13890076 -7.62421799
v 1.08183205 1.13890076 -7.62421799
v 0.61648601 1.13890076 -7.62421799
v 0.61648601 1.13890076 -8.7571516
v 1.08183205 1.13890076 -8.7571516
v 1.08183205 1.13890076 -7.62421799
v 1.08183205 1.13890076 -8.7571516
v 0.095016 1.01124668 -8.7571516
v 0.095016 0.51574898 -8.7571516
v -0.37033001 0.51574898 -8.7571516
v -0.37033001 1.01124668 -8.7571516
v 0.095016 1.01124668 -7.62421894
v -0.37033001 1.01124668 -7.62421894
v 0.095016 0.51574898 -7.62421894
v -0.37033001 0.51574898 -7.62421894
v 0.095016 0.51574898 -8.7571516
v 0.095016 0.51574898 -7.62421894
v -0.37033001 0.51574898 -7.62421894
v -0.37033001 0.51574898 -8.7571516
v 0.095016 0.51574898 -7.62421894
v 0.095016 0.51574898 -8.7571516
v 1.08183205 0.51574898 -8.7571516
v 0.61648601 0.51574898 -8.7571516
v 0.61648601 1.01124811 -8.7571516
v 1.08183205 1.01124811 -8.7571516
v 0.61648601 1.01124811 -7.62421799
v 1.08183205 1.01124811 -7.62421799
v 0.61648601 0.51574898 -7.62421799
v 1.08183205 0.51574898 -7.62421799
v 1.08183205 0.51574898 -7.62421799
v 0.61648601 0.51574898 -7.62421799
v 0.61648601 0.51574898 -8.7571516
v 1.08183205 0.51574898 -8.7571516
v 1.08183205 0.51574898 -7.62421799
v 1.08183205 0.51574898 -8.7571516
v 1.04537904 -0.05818796 -8.56932545
v -0.33387801 -0.05818796 -8.56932545
v -0.33387801 0.35385895 -8.56932545
v 1.04537904 0.35385895 -8.56932545
v -0.33387801 0.35385895 -7.8120451
v 1.04537904 0.35385895 -7.8120451
v 1.04537904 0.35385895 -7.8120451
v -0.33387801 0.35385895 -7.8120451
v -0.33387801 -0.05818796 -7.8120451
v 1.04537904 -0.05818796 -7.8120451
v 1.04537904 0.35385895 -8.56932545
v 1.04537904 0.35385895 -7.8120451
v -0.33387801 0.35385895 -7.8120451
v -0.33387801 0.35385895 -8.56932545
v -0.652713 -4.2568121 -6.9159112
v -0.652713 -2.2206161 -6.9159112
v 1.36421502 -2.2206161 -6.9159112
v 1.36421502 -4.2568121 -6.9159112
v 1.36421502 -4.2568121 -6.73787403
v -0.652713 -4.2568121 -6.73787403
v -0.652713 -4.2568121 -6.9159112
v 1.36421502 -4.2568121 -6.9159112
v 1.36421502 -2.2206161 -6.73787403
v -0.652713 -2.2206161 -6.73787403
v 1.36421502 -2.2206161 -6.9159112
v -0.652713 -2.2206161 -6.9159112
v 1.36421502 -4.2568121 -6.9159112
v 1.36421502 -2.2206161 -6.9159112
v -0.33387801 -2.24353313 -7.20553303
v -0.33387801 -1.83148599 -7.20553303
v 1.04537904 -1.83148599 -7.20553303
v 1.04537904 -2.24353313 -7.20553303
v -0.33387801 -2.24353313 -6.44825315
v 1.04537904 -2.24353313 -6.44825315
v -0.33387801 -1.83148599 -6.44825315
v -0.33387801 -2.24353313 -6.44825315
v 1.04537904 -2.24353313 -6.44825315
v 1.04537904 -1.83148599 -6.44825315
v 1.04537904 -2.24353313 -7.20553303
v 1.04537904 -2.24353313 -6.44825315
v -0.33387801 -2.24353313 -6.44825315
v -0.33387801 -2.24353313 -7.20553303
v -0.37033001 -3.64769512 -8.7571516
v 0.095016 -3.64769512 -8.7571516
v 0.095016 -4.14319409 -8.7571516
v -0.37033001 -4.14319409 -8.7571516
v 0.095016 -4.14319409 -7.62421894
v -0.37033001 -4.14319409 -7.62421894
v 0.095016 -3.64769512 -7.62421894
v -0.37033001 -3.64769512 -7.62421894
v -0.37033001 -3.64769512 -7.62421894
v 0.095016 -3.64769512 -7.62421894
v 0.095016 -3.64769512 -8.7571516
v -0.37033001 -3.64769512 -8.7571516
v 0.095016 -3.64769512 -8.7571516
v 0.095016 -3.64769512 -7.62421894
v -0.652713 -4.2568121 -8.27970314
v -0.652713 -2.2206161 -8.27970314
v 1.36421502 -2.2206161 -8.27970314
v 1.36421502 -4.2568121 -8.27970314
v 1.36421502 -4.2568121 -8.10166645
v -0.652713 -4.2568121 -8.10166645
v -0.652713 -4.2568121 -8.27970314
v 1.36421502 -4.2568121 -8.27970314
v 1.36421502 -2.2206161 -8.10166645
v -0.652713 -2.2206161 -8.10166645
v 1.36421502 -2.2206161 -8.27970314
v -0.652713 -2.2206161 -8.27970314
v 1.36421502 -4.2568121 -8.27970314
v 1.36421502 -2.2206161 -8.27970314
v 0.61648601 -4.14319409 -8.7571516
v 0.61648601 -3.64769512 -8.7571516
v 1.08183205 -3.64769512 -8.7571516
v 1.08183205 -4.14319409 -8.7571516
v 0.61648601 -4.14319409 -7.62421799
v 1.08183205 -4.14319409 -7.62421799
v 0.61648601 -3.64769512 -7.62421799
v 1.08183205 -3.64769512 -7.62421799
v 0.61648601 -3.64769512 -8.7571516
v 0.61648601 -3.64769512 -7.62421799
v 1.08183205 -3.64769512 -7.62421799
v 1.08183205 -3.64769512 -8.7571516
v 1.08183205 -3.64769512 -8.7571516
v 1.08183205 -3.64769512 -7.62421799
v -0.37033001 -3.02857506 -8.7571516
v 0.095016 -3.02857506 -8.7571516
v 0.095016 -3.52407408 -8.7571516
v -0.37033001 -3.52407408 -8.7571516
v 0.095016 -3.52407408 -7.62421894
v -0.37033001 -3.52407408 -7.62421894
v 0.095016 -3.02857506 -7.62421894
v -0.37033001 -3.02857506 -7.62421894
v -0.37033001 -3.02857506 -7.62421894
v 0.095016 -3.02857506 -7.62421894
v 0.095016 -3.02857506 -8.7571516
v -0.37033001 -3.02857506 -8.7571516
v 0.095016 -3.02857506 -8.7571516
v 0.095016 -3.02857506 -7.62421894
v 0.61648601 -3.52407408 -8.7571516
v 0.61648601 -3.02857506 -8.7571516
v 1.08183205 -3.02857506 -8.7571516
v 1.08183205 -3.52407408 -8.7571516
v 0.61648601 -3.52407408 -7.62421799
v 1.08183205 -3.52407408 -7.62421799
v 0.61648601 -3.02857506 -7.62421799
v 1.08183205 -3.02857506 -7.62421799
v 0.61648601 -3.02857506 -8.7571516
v 0.61648601 -3.02857506 -7.62421799
v 1.08183205 -3.02857506 -7.62421799
v 1.08183205 -3.02857506 -8.7571516
v 1.08183205 -3.02857506 -8.7571516
v 1.08183205 -3.02857506 -7.62421799
v -0.37033001 -2.40542305 -8.7571516
v 0.095016 -2.40542305 -8.7571516
v 0.095016 -2.90092111 -8.7571516
v -0.37033001 -2.90092111 -8.7571516
v 0.095016 -2.90092111 -7.62421894
v -0.37033001 -2.90092111 -7.62421894
v 0.095016 -2.40542305 -7.62421894
v -0.37033001 -2.40542305 -7.62421894
v -0.37033001 -2.40542305 -7.62421894
v 0.095016 -2.40542305 -7.62421894
v 0.095016 -2.40542305 -8.7571516
v -0.37033001 -2.40542305 -8.7571516
v 0.095016 -2.40542305 -8.7571516
v 0.095016 -2.40542305 -7.62421894
v 0.61648601 -2.90092206 -8.7571516
v 0.61648601 -2.40542305 -8.7571516
v 1.08183205 -2.40542305 -8.7571516
v 1.08183205 -2.90092206 -8.7571516
v 0.61648601 -2.90092206 -7.62421799
v 1.08183205 -2.90092206 -7.62421799
v 0.61648601 -2.40542305 -7.62421799
v 1.08183205 -2.40542305 -7.62421799
v 0.61648601 -2.40542305 -8.7571516
v 0.61648601 -2.40542305 -7.62421799
v 1.08183205 -2.40542305 -7.62421799
v 1.08183205 -2.40542305 -8.7571516
v 1.08183205 -2.40542305 -8.7571516
v 1.08183205 -2.40542305 -7.62421799
v -0.33387801 -2.24353313 -8.56932545
v -0.33387801 -1.83148599 -8.56932545
v 1.04537904 -1.83148599 -8.56932545
v 1.04537904 -2.24353313 -8.56932545
v -0.33387801 -2.24353313 -7.8120451
v 1.04537904 -2.24353313 -7.8120451
v -0.33387801 -1.83148599 -7.8120451
v -0.33387801 -2.24353313 -7.8120451
v 1.04537904 -2.24353313 -7.8120451
v 1.04537904 -1.83148599 -7.8120451
v 1.04537904 -2.24353313 -8.56932545
v 1.04537904 -2.24353313 -7.8120451
v -0.33387801 -2.24353313 -7.8120451
v -0.33387801 -2.24353313 -8.56932545
v -0.32518199 -0.07651997 25.08627701
v -0.32518199 -1.83323407 25.08628273
v -0.247858 -1.83323503 25.08628845
v -0.247858 -0.07651997 25.08628082
v -0.32518199 -1.83323503 24.96852303
v -0.32518199 -0.07651997 24.9685173
v -0.247858 -0.07651997 24.96851158
v -0.247858 -1.83323503 24.96852112
v -0.247858 -1.83323503 24.96852112
v -0.247858 -0.07651997 24.96851158
v 0.97347403 -0.07651997 25.08627701
v 0.97347403 -1.83323407 25.08628273
v 1.05079699 -1.83323503 25.08628845
v 1.05079699 -0.07651997 25.08628082
v 0.97347403 -1.83323503 24.96852303
v 0.97347403 -0.07651997 24.9685173
v 1.05079806 -0.07651997 24.96851158
v 1.05079699 -1.83323503 24.96852112
v 0.97347403 -0.07651997 24.9685173
v 0.97347403 -1.83323503 24.96852303
v 1.05079699 -1.83323503 -25.08628845
v 0.97347403 -1.83323407 -25.08628273
v 0.97347403 -0.07651997 -25.08627701
v 1.05079699 -0.07651997 -25.08628082
v 1.05079806 -0.07651997 -24.96851158
v 0.97347403 -0.07651997 -24.9685173
v 0.97347403 -1.83323503 -24.96852303
v 1.05079699 -1.83323503 -24.96852112
v 0.97347403 -1.83323503 -24.96852303
v 0.97347403 -0.07651997 -24.9685173
v -0.247858 -1.83323503 -25.08628845
v -0.32518199 -1.83323407 -25.08628273
v -0.32518199 -0.07651997 -25.08627701
v -0.247858 -0.07651997 -25.08628082
v -0.247858 -0.07651997 -24.96851158
v -0.32518199 -0.07651997 -24.9685173
v -0.32518199 -1.83323503 -24.96852303
v -0.247858 -1.83323503 -24.96852112
v -0.247858 -0.07651997 -24.96851158
v -0.247858 -1.83323503 -24.96852112
vn 0 0 -1
vn 0 1 0
vn 0 0 1
vn 0 -1 0
vn -1 0 0
vn 1 0 0
vn -6E-05 0 1
vn -5E-05 -0 -1
vn 1 -0 0
vn -1 -1E-05 0
vn -1 -1E-05 0
vn -1 0 -0
vn -1 0 0
vn -1 0 -0
vn -1 -0 -0
vn -1 0 0
vn 0.78563 0.5716 0.23676
vn 0.78564 0.23676 0.57159
vn 0.78564 0.5716 -0.23676
vn 0.78564 -0.23676 0.57159
vn 0.78563 -0.5716 0.23676
vn 0.78564 -0.5716 0.23676
vn 0.78564 -0.5716 -0.23676
vn 0.78564 -0.23676 -0.5716
vn 0.78564 -0.23676 -0.57159
vn 0.78563 0.23676 -0.5716
vn 0 0.38268 0.92388
vn 0 -0.38268 0.92388
vn 0 -0.92388 0.38268
vn 0 -0.92388 -0.38268
vn 0 -0.38268 -0.92388
vn 0 0.38268 -0.92388
vn 0 0.92388 -0.38268
vn 0 0.92388 -0.38268
vn 0 0.92388 0.38268
vn 1 0 0
vn 1 -0 0
vn 1 0 0
vn 0 0.38268 -0.92388
vn -0.51343 0.79281 -0.32839
vn -0.51343 0.79281 -0.32839
vn -0.51343 0.32839 -0.79281
vn -0.51343 -0.32839 -0.79281
vn -0.51343 -0.79281 -0.32839
vn -0.51343 -0.79281 0.32839
vn -0.51343 -0.79281 0.32839
vn -0.51343 -0.32839 0.79281
vn -0.51343 0.32839 0.79281
vn -0.51343 0.79281 0.32839
vn 0.32462 0.36196 -0.87385
vn 0.32462 -0.36196 -0.87385
vn 0.32462 -0.87385 -0.36196
vn 0.32462 -0.87385 0.36196
vn 0.32462 -0.87385 0.36196
vn 0.32462 -0.36196 0.87385
vn 0.32462 -0.36196 0.87385
vn 0.32462 0.36196 0.87385
vn 0.32462 0.87385 0.36196
vn 0.32462 0.87385 -0.36196
vn -0.99435 0.04062 -0.09806
vn -0.99435 -0.04062 -0.09806
vn -0.99435 -0.09806 -0.04062
vn -0.99435 -0.09806 0.04062
vn -0.99435 -0.04062 0.09806
vn -0.99435 0.04062 0.09806
vn -0.99435 0.09806 0.04062
vn -0.99435 0.09806 -0.04062
vn 0.78563 0.5716 0.23676
vn 0.78563 0.5716 0.23676
vn 0.78563 0.23676 0.5716
vn 0.78563 0.23676 0.5716
vn 0.78563 -0.23676 0.5716
vn 0.78563 -0.5716 0.23676
vn 0.78563 -0.5716 0.23676
vn 0.78563 -0.5716 -0.23676
vn 0.78563 -0.23676 -0.5716
vn 0.78563 0.23676 -0.5716
vn 1 1E-05 0
vn 1 -0 0
vn -0.65924 0.69469 -0.28775
vn -0.65924 0.28775 -0.69469
vn -0.65924 0.28775 -0.69469
vn -0.65924 -0.28775 -0.69469
vn -0.65924 -0.69469 -0.28775
vn -0.65924 -0.69469 0.28775
vn -0.65924 -0.28775 0.69469
vn -0.65924 0.28775 0.69469
vn -0.65924 0.69469 0.28775
vn 0 -0.92388 0.38268
vn -1 0 0
vn -1 0 0
vn -1 0 0
vn -1 -0 0
vn 0.58245 0.31107 -0.75099
vn 0.58245 0.75099 -0.31107
vn 0.58245 -0.31107 -0.75099
vn 0.58245 -0.75099 -0.31107
vn 0.58245 -0.75099 0.31107
vn 0.58245 -0.31107 0.75099
vn 0.58245 0.31107 0.75099
vn 0.58245 0.75099 0.31107
vn 1 1E-05 0
vn 1 -0 0
vn 1 -1E-05 0
vn 0.49787 0.33188 -0.80124
vn 0.34456 -0.35925 -0.8673
vn 0.21546 -0.90218 -0.37369
vn 0.21546 -0.90218 0.3737
vn 0.34456 -0.35925 0.8673
vn 0.49787 0.33188 0.80124
vn 0.58456 0.74959 0.31049
vn 0.58455 0.74959 -0.31049
vn 0 -0.92388 0.38268
vn 0 -0.38268 0.92388
vn 0 0.38268 0.92388
vn 0 0.92388 0.38268
vn 0 0.92388 0.38268
vn 0 0.38268 0.92388
vn 0 -0.92388 -0.38268
vn 0 -0.38268 0.92388
vn -0.7934 0.56237 0.23294
vn 0.7934 0.56237 0.23294
vn 0.7934 0.56237 0.23294
vn 0.7934 0.23294 0.56237
vn -0.7934 0.23294 0.56237
vn 0.7934 -0.23294 0.56237
vn -0.7934 -0.23294 0.56237
vn 0.7934 -0.56237 0.23294
vn -0.7934 -0.56237 0.23294
vn 0.7934 -0.56237 -0.23294
vn -0.7934 -0.56237 -0.23294
vn 0.7934 -0.23294 -0.56237
vn -0.7934 -0.23294 -0.56237
vn 0.7934 0.23294 -0.56237
vn -0.7934 0.23294 -0.56237
vn 0.7934 0.56237 -0.23294
vn -0.7934 0.56237 -0.23294
vn 0.65699 0.70307 -0.27214
vn 0.27214 0.70307 -0.65699
vn -0.27214 0.70307 -0.65699
vn -0.27213 0.70307 -0.65699
vn -0.65699 0.70307 -0.27214
vn -0.65699 0.70307 0.27214
vn -0.27213 0.70307 0.65699
vn 0.27213 0.70307 0.65699
vn 0.27214 0.70307 0.65699
vn 0.65699 0.70307 0.27214
vn 0.65328 -0.7071 -0.2706
vn 0.2706 -0.70711 -0.65328
vn -0.2706 -0.70711 -0.65328
vn -0.2706 -0.70711 -0.65328
vn -0.65328 -0.70711 -0.2706
vn -0.65328 -0.70711 0.2706
vn -0.2706 -0.70711 0.65328
vn 0.2706 -0.70711 0.65328
vn 0.2706 -0.70711 0.65328
vn 0.2706 -0.70711 0.65328
vn 0.65328 -0.7071 0.2706
vn 0.38268 0 -0.92388
vn -0.38268 0 -0.92388
vn -0.92388 0 -0.38269
vn -0.92388 0 0.38269
vn -0.38268 0 0.92388
vn 0.38268 0 0.92388
vn 0.92388 0 0.38268
vn 0.92388 0 -0.38268
vn -0.51735 0.82851 0.2143
vn -0.21429 0.82851 0.51735
vn -0.51735 0.82851 -0.21429
vn 0.21429 0.82851 0.51734
vn 0.51735 0.82851 0.21429
vn 0.51735 0.82851 -0.21429
vn 0.21429 0.82851 -0.51735
vn -0.21429 0.82851 -0.51734
vn -0.21429 0.82851 -0.51735
vn -0.38269 0 0.92388
vn 0.92388 0 0.38268
vn 0.92388 0 -0.38268
vn 0.38268 0 -0.92388
vn -0.38268 0 -0.92388
vn -0.92388 0 -0.38269
vn -0.92388 0 0.38269
vn 0.38268 0 -0.92388
vn 0.92388 0 0.38269
vn 0.38268 0 0.92388
vn -0.92387 0 0.38269
vn -0.92388 0 -0.38269
vn -0.83435 -0.42944 -0.3456
vn -0.3456 -0.42944 -0.83435
vn 0.3456 -0.42944 -0.83435
vn 0.83435 -0.42944 -0.3456
vn 0.83435 -0.42944 0.3456
vn 0.3456 -0.42944 0.83435
vn -0.3456 -0.42944 0.83435
vn -0.83435 -0.42945 0.3456
vn -0.83435 -0.42945 0.3456
vn -0.37873 -0.1434 -0.91433
vn 0.37873 -0.1434 -0.91433
vn 0.91433 -0.1434 -0.37873
vn 0.91433 -0.1434 0.37873
vn 0.37873 -0.1434 0.91433
vn -0.37873 -0.1434 0.91433
vn -0.91433 -0.1434 0.37874
vn -0.91433 -0.1434 0.37873
vn -0.91433 -0.1434 -0.37874
vn -0.12726 -0.94309 -0.30723
vn 0.12726 -0.94309 -0.30723
vn 0.12726 -0.94309 -0.30723
vn 0.30723 -0.94309 -0.12726
vn 0.30723 -0.94309 0.12726
vn 0.12726 -0.94309 0.30723
vn -0.12726 -0.94309 0.30723
vn -0.12726 -0.94309 0.30723
vn -0.30723 -0.94309 0.12726
vn -0.30723 -0.94309 -0.12726
vn -0.78163 -0.53314 0.32376
vn -0.78163 -0.53314 0.32376
vn -0.32376 -0.53314 0.78162
vn -0.32376 -0.53314 0.78162
vn 0.32376 -0.53315 0.78162
vn 0.78162 -0.53314 0.32376
vn 0.78162 -0.53314 -0.32376
vn 0.32376 -0.53315 -0.78163
vn -0.32376 -0.53315 -0.78162
vn -0.78163 -0.53314 -0.32376
vn -0.92388 0 0.38268
vn -0.38269 0 0.92388
vn 0.38268 0 0.92388
vn 0.92388 0 0.38269
vn 0.92388 0 -0.38269
vn -0.92388 0 -0.38268
vn -0.91184 0.16089 0.3777
vn -0.82492 0.45028 0.34169
vn -0.3777 0.16089 0.91184
vn -0.3417 0.45028 0.82492
vn 0.3777 0.16089 0.91184
vn 0.34169 0.45027 0.82492
vn 0.3777 0.16089 0.91184
vn 0.91184 0.16089 0.3777
vn 0.82492 0.45027 0.3417
vn 0.91184 0.16089 -0.3777
vn 0.82492 0.45028 -0.3417
vn 0.3777 0.16089 -0.91184
vn 0.34169 0.45028 -0.82492
vn 0.3777 0.16089 -0.91184
vn -0.3777 0.16089 -0.91184
vn -0.34169 0.45028 -0.82492
vn -0.3777 0.16089 -0.91184
vn -0.91184 0.16089 -0.3777
vn -0.82492 0.45028 -0.34169
vn -0.25073 0.75546 0.60532
vn -0.60532 0.75546 0.25073
vn -0.60532 0.75546 -0.25073
vn -0.60532 0.75546 -0.25073
vn 0.25073 0.75546 0.60532
vn 0.60532 0.75546 0.25073
vn 0.60532 0.75546 -0.25073
vn 0.25073 0.75546 -0.60532
vn -0.25073 0.75546 -0.60532
vn 0 1 0
vn 0 1 -0
vn -0.92318 0.039 0.38239
vn -0.92318 0.039 0.38239
vn -0.38239 0.039 0.92318
vn 0.38239 0.039 0.92318
vn 0.92318 0.039 0.38239
vn 0.92318 0.039 -0.38239
vn 0.92318 0.039 -0.38239
vn 0.38239 0.039 -0.92318
vn -0.38239 0.039 -0.92318
vn -0.92318 0.039 -0.38239
vn 0.92318 0.039 0.38239
vn -0.38239 0.039 0.92318
vn -0.92318 0.039 0.38239
vn -0.92318 0.039 0.38239
vn -0.92318 0.039 -0.38239
vn -0.38239 0.039 -0.92318
vn 0.78564 0.57159 0.23676
vn 0.78564 0.23676 0.57159
vn 0.78563 0.5716 -0.23676
vn 0.78564 -0.23676 0.57159
vn 0.78564 -0.23676 0.57159
vn 0.78563 -0.5716 0.23676
vn 0.78564 -0.23676 -0.57159
vn 0.78564 0.23676 -0.57159
vn 0.78564 0.23676 -0.57159
vn 1 0 0
vn 1 -0 0
vn 1 0 0
vn 1 -1E-05 0
vn 1 -0 -0
vn -0.51343 0.79281 -0.32839
vn -0.51343 0.32839 -0.79281
vn -0.51343 -0.32839 -0.79281
vn -0.51343 -0.79281 -0.32839
vn -0.51343 -0.79281 0.32839
vn -0.51343 -0.32839 0.79281
vn -0.51343 0.3284 0.79281
vn -0.51344 0.79281 0.32839
vn 0.32462 0.87385 -0.36196
vn -0.99435 -0.04062 -0.09806
vn -0.99435 -0.09806 -0.04062
vn -0.99435 -0.09806 0.04062
vn -0.99435 -0.04062 0.09806
vn -0.99435 0.04062 0.09806
vn -0.99435 0.09806 0.04062
vn -0.99435 0.09806 -0.04062
vn 0.18618 -0.54769 -0.81571
vn -0.52166 -0.54769 -0.65415
vn -0.83668 -0.54769 0
vn -0.52166 -0.54769 0.65415
vn 0.18618 -0.54769 0.81571
vn 0.75383 -0.54769 0.36302
vn 0.75383 -0.54769 -0.36302
vn 0.22252 0 -0.97493
vn -0.62349 0 -0.78183
vn -0.62349 0 0.78183
vn 0.22252 0 0.97493
vn 0.90097 0 0.43388
vn 0.90097 0 -0.43388
vn 0.18618 0.54769 -0.81571
vn -0.52166 0.54769 -0.65415
vn -0.83668 0.54769 0
vn -0.52166 0.54769 0.65415
vn 0.18618 0.54769 0.81571
vn 0.75383 0.54769 0.36302
vn 0.75383 0.54769 -0.36302
vn 0.07549 -0.9407 -0.33074
vn -0.21152 -0.9407 -0.26523
vn -0.33925 -0.9407 0
vn -0.21152 -0.9407 0.26523
vn 0.07549 -0.9407 0.33074
vn 0.30565 -0.9407 0.14719
vn 0.30565 -0.9407 -0.14719
vn 0.07549 0.9407 -0.33074
vn -0.21152 0.9407 -0.26523
vn -0.33925 0.9407 0
vn -0.21152 0.9407 0.26523
vn 0.07549 0.9407 0.33074
vn 0.30565 0.9407 0.14719
vn 0.30565 0.9407 -0.14719
vn 0 -0.38268 -0.92388
vn 0.85989 0 0.51048
vn 0.85989 0.36096 0.36096
vn 0.85989 0.36096 0.36096
vn 0.85989 -0.36096 0.36096
vn 0.85989 -0.51048 0
vn 0.85989 -0.36096 -0.36096
vn 0.85989 -0.36096 -0.36096
vn 0.85989 0 -0.51048
vn 0.85989 0.36096 -0.36096
vn 0.85989 0.36096 -0.36096
vn 0.85989 0.51048 0
vn 0.18618 -0.54769 -0.81571
vn -0.52166 -0.54769 -0.65415
vn -0.52166 -0.54769 0.65415
vn -0.52166 -0.54769 0.65415
vn 0.18618 -0.54769 0.81571
vn 0.75383 -0.54769 0.36302
vn 0.75383 -0.54769 0.36302
vn 0.75383 -0.54769 -0.36302
vn -0.62349 0 -0.78183
vn -0.52166 0.54769 -0.65415
vn -0.52166 0.54769 -0.65415
vn -0.83668 0.54769 0
vn -0.52166 0.54769 0.65415
vn -0.52166 0.54769 0.65415
vn 0.75383 0.54769 0.36302
vn 0.75383 0.54769 -0.36302
vn 0.07549 -0.9407 -0.33074
vn -0.21152 -0.9407 -0.26524
vn -0.21152 -0.9407 0.26524
vn 0.07549 -0.9407 0.33074
vn 0.07549 0.9407 -0.33074
vn -0.21152 0.9407 -0.26523
vn -0.21152 0.9407 0.26523
vn 0.07549 0.9407 0.33074
vn 0.30565 0.9407 0.14719
vn -0.68903 0.28541 -0.66617
vn -0.28541 0.68903 -0.66616
vn -0.28541 0.68903 -0.66617
vn -0.68903 -0.28541 -0.66617
vn 0.28541 0.68903 -0.66616
vn -0.28541 -0.68903 -0.66617
vn 0.28541 -0.68903 -0.66617
vn 0.68903 -0.28541 -0.66616
vn 0.68903 0.28541 -0.66616
vn -0.92388 0.38268 0
vn -0.92388 -0.38268 0
vn -0.38268 -0.92388 0
vn 0.38268 -0.92388 0
vn 0.92388 -0.38268 0
vn 0.92388 0.38268 0
vn 0.38268 0.92388 0
vn -0.38268 0.92388 0
vn -0 0 -1
vn -0 0 -1
vn -0 0 -1
vn -0 -0 -1
vn -0 -0 -1
vn 0 -0 -1
vn 0 0 -1
vn 0 0 -1
vn -0.92388 0.38268 0
vn -0.92388 -0.38268 0
vn 0.92388 -0.38268 0
vn 0.92388 0.38268 0
vn 0.38268 0.92388 0
vn -0.38268 0.92388 0
vn 0.68903 0.28541 0.66617
vn 0.28541 0.68903 0.66617
vn 0.68903 -0.28541 0.66617
vn -0.28541 0.68903 0.66617
vn 0.28541 -0.68903 0.66617
vn -0.28541 -0.68903 0.66617
vn -0.68903 -0.28541 0.66617
vn -0.68903 0.28541 0.66617
vn 0.92388 0.38268 0
vn 0.38268 -0.92388 0
vn -0.38268 -0.92388 0
vn -0.92388 -0.38268 0
vn -0.92388 0.38268 0
vn 0 0 1
vn 0 0 1
vn 0 0 1
vn 0 -0 1
vn 0 -0 1
vn -0 -0 1
vn -0 0 1
vn -0 0 1
vn 0.38268 0 -0.92388
vn -0.38268 0 -0.92388
vn -0.92388 0 -0.38268
vn -0.92388 0 0.38268
vn 0.92388 0 0.38268
vn 0.92388 0 -0.38268
vn -0.14257 0.98978 0
vn 0.14257 -0.98978 0
vn -0.14257 -0.98978 0
vn 0.14257 0.98978 0
vn -0.5 0.86603 0
vn -0.5 -0.86603 0
vn 0.5 -0.86603 0
vn 0.5 0.86603 0
vn -4E-05 -0 -1
vn -6E-05 0 1
vn -7E-05 0 1
vn -6E-05 -0 -1
vn -0.5 -0.86603 0
vn 0.5 -0.86603 0
vn -0.5 0.86603 0
vn 0 -0 1
vn -0 -0 1
vn 0 0 1
vn 0 0 1
vn -0 0 1
vn 0 0 -1
vn -0.77662 0.62997 0
vn -0.77662 0.62997 0
vn -0.77621 0 -0.63048
vn -0.77662 -0.62997 0
vn -0.77662 -0.62997 0
vn -0.77622 0 0.63046
vn 0.77663 0.62996 0
vn 0.77621 0 -0.63048
vn 0.77663 -0.62996 0
vn 0.77622 0 0.63046
vn 0 0.38268 -0.92388
vn 0 -0.38268 -0.92388
vn 0 -0.92388 0.38269
vn 0 0.92388 0.38269
vn 1 0 0
vn -0.77662 0.62997 0
vn -0.77621 0 0.63047
vn -0.77662 -0.62997 0
vn -0.77622 0 -0.63047
vn 0.77621 0 0.63048
vn 0.77622 0 -0.63046
vn 0.77663 0.62995 0
vn 0.77663 -0.62995 0
vn -0.77663 0.62996 0
vn -0.77663 -0.62996 0
vn -1 -0 0
vn 0.77663 0.62995 0
vn 0.77663 -0.62995 0
vn -0.77663 0.62996 0
vn -0.77663 -0.62996 0
vn -0.77662 0.62997 0
vn -0.7762 0 -0.63049
vn -0.7762 0 -0.63049
vn -0.77663 -0.62996 0
vn -0.77623 0 0.63045
vn 0.7762 0 -0.63049
vn 0.77622 0 0.63046
vn 0 -0.92388 -0.38268
vn 0 0.92388 -0.38268
vn -0.77663 0.62996 0
vn -0.77623 0 0.63045
vn -0.77663 -0.62996 0
vn 0.77623 0 0.63045
vn 0.77621 0 -0.63048
vn 0.77663 0.62995 0
vn -6E-05 0 -1
vn -4E-05 -0 1
vn 1 -0 -0
vn -6E-05 0 -1
vn -5E-05 -0 1
vn -6E-05 0 -1
vn -6E-05 0 -1
vn -7E-05 0 -1
vn -6E-05 -0 1
vn 0 -0 -1
vn 0 0 -1
vn -0 0 -1
vn -0.77662 0.62997 0
vn -0.77621 0 0.63048
vn -0.77662 -0.62997 0
vn -0.77622 0 -0.63046
vn 0.77621 0 0.63048
vn 0.77622 0 -0.63046
vn 0 -0.92388 -0.38269
vn 0 0.92388 -0.38269
vn -0.77621 0 -0.63048
vn -0.77622 0 0.63046
vn 0.77621 0 -0.63047
vn 0.77622 0 0.63047
vn 0.77663 -0.62995 0
vn 0.77663 0.62995 0
vn 0.77663 -0.62995 0
vn -0.7762 0 0.63049
vn -0.77622 0 -0.63046
vn 0.7762 0 0.63049
vn 0.7762 0 0.63049
vn 0.77623 0 -0.63045
vn 0 -0.92388 0.38268
vn 0 0.92388 0.38268
vn -0.77663 0.62996 0
vn -0.77623 0 -0.63045
vn -0.77662 -0.62997 0
vn -0.77621 0 0.63048
vn 0.77623 0 -0.63045
vn -8E-05 0 1
vn -8E-05 0 -1
vt 0.0229 -0.93066
vt 0.00488 -0.92817
vt 0.00522 -0.94566
vt 0.02271 -0.94532
vt 0.06239 -0.9306
vt 0.06105 -0.94695
vt 0.07874 -0.93194
vt 0.0774 -0.94829
vt 0.02003 -0.97801
vt 0.06005 -0.98078
vt 0.05971 -0.96329
vt 0.02137 -0.96166
vt 0.06206 -0.91311
vt 0.02257 -0.91316
vt 0.66293 -0.83995
vt 0.64748 -0.83855
vt 0.64748 -0.8554
vt 0.66434 -0.8554
vt 0.64889 -0.89613
vt 0.66434 -0.89472
vt 0.6489 -0.91298
vt 0.66435 -0.91157
vt 0.61519 -0.89613
vt 0.63204 -0.89613
vt 0.62923 -0.85681
vt 0.61518 -0.85681
vt 0.6812 -0.89472
vt 0.68119 -0.85539
vt 0.33879 -0.93457
vt 0.32106 -0.93514
vt 0.32106 -0.95001
vt 0.33765 -0.95116
vt 0.37768 -0.93572
vt 0.37653 -0.9523
vt 0.39426 -0.93686
vt 0.39426 -0.95173
vt 0.33536 -0.98432
vt 0.37539 -0.98375
vt 0.37539 -0.96889
vt 0.3365 -0.96774
vt 0.37711 -0.91799
vt 0.33822 -0.91684
vt 0.78554 -0.9012
vt 0.76873 -0.9012
vt 0.76873 -0.91801
vt 0.78554 -0.91801
vt 0.77153 -0.95724
vt 0.78554 -0.95723
vt 0.77153 -0.97405
vt 0.78554 -0.97404
vt 0.73651 -0.95864
vt 0.75332 -0.95864
vt 0.75192 -0.91801
vt 0.73651 -0.91941
vt 0.80375 -0.95583
vt 0.80235 -0.91801
vt 0.87789 -0.93987
vt 0.8786 -0.95818
vt 0.89499 -0.95797
vt 0.89478 -0.94159
vt 0.87789 -0.90084
vt 0.89478 -0.90256
vt 0.87961 -0.88395
vt 0.89407 -0.88425
vt 0.92755 -0.94118
vt 0.92754 -0.90215
vt 0.91308 -0.90185
vt 0.91308 -0.94088
vt 0.86151 -0.90104
vt 0.86151 -0.94008
vt 0.61214 -0.93859
vt 0.61151 -0.95555
vt 0.62847 -0.95618
vt 0.6291 -0.93922
vt 0.66816 -0.95483
vt 0.66732 -0.93923
vt 0.68512 -0.95546
vt 0.68429 -0.93986
vt 0.6669 -0.98876
vt 0.66753 -0.9718
vt 0.62784 -0.97315
vt 0.62867 -0.98875
vt 0.66795 -0.92226
vt 0.62973 -0.92226
vt 0.51772 -0.01162
vt 0.45709 -0.01161
vt 0.45709 -0.00895
vt 0.51772 -0.00895
vt 0.45709 -0.01568
vt 0.51772 -0.01568
vt 0.51772 -0.01835
vt 0.45709 -0.01835
vt 0.45709 -0.00488
vt 0.51772 -0.00489
vt 0.28468 -0.38872
vt 0.28469 -0.3281
vt 0.28736 -0.3281
vt 0.28735 -0.38872
vt 0.29409 -0.3281
vt 0.29408 -0.38872
vt 0.29142 -0.38872
vt 0.29142 -0.3281
vt 0.28062 -0.38872
vt 0.28063 -0.3281
vt 0.19824 -0.60803
vt 0.20366 -0.60234
vt 0.20744 -0.61155
vt 0.2114 -0.6023
vt 0.21683 -0.60782
vt 0.21671 -0.61557
vt 0.2111 -0.62093
vt 0.20329 -0.62068
vt 0.19788 -0.61486
vt 0.04138 -0.60074
vt 0.03762 -0.61699
vt 0.02098 -0.61207
vt 0.02425 -0.59823
vt 0.01675 -0.62505
vt 0.03228 -0.63317
vt 0.04364 -0.58433
vt 0.02648 -0.58401
vt 0.01151 -0.63635
vt 0.02502 -0.64929
vt 0.00488 -0.64424
vt 0.01522 -0.66537
vt 0.02653 -0.55906
vt 0.02273 -0.54965
vt 0.03679 -0.53159
vt 0.04235 -0.55013
vt 0.02734 -0.57187
vt 0.04418 -0.56767
vt 0.12567 -0.65739
vt 0.13071 -0.63624
vt 0.11996 -0.67818
vt 0.11377 -0.69818
vt 0.13895 -0.55056
vt 0.13821 -0.53009
vt 0.13875 -0.57198
vt 0.13735 -0.5936
vt 0.13468 -0.61487
vt 0.0197 -0.58894
vt 0.01074 -0.58786
vt 0.01608 -0.57711
vt 0.00489 -0.58084
vt 0.00559 -0.57173
vt 0.01243 -0.56568
vt 0.02143 -0.56597
vt 0.18306 -0.60652
vt 0.18571 -0.59733
vt 0.20043 -0.60203
vt 0.19042 -0.58946
vt 0.20404 -0.59626
vt 0.19683 -0.58394
vt 0.20845 -0.59008
vt 0.21134 -0.6346
vt 0.20265 -0.64361
vt 0.19536 -0.64066
vt 0.20595 -0.6305
vt 0.18899 -0.63446
vt 0.2017 -0.626
vt 0.18461 -0.62619
vt 0.19894 -0.62072
vt 0.1826 -0.61676
vt 0.15575 -0.61742
vt 0.15821 -0.59704
vt 0.16444 -0.59821
vt 0.16213 -0.61785
vt 0.16623 -0.57429
vt 0.1599 -0.57377
vt 0.1669 -0.55104
vt 0.16054 -0.5506
vt 0.16751 -0.52812
vt 0.16086 -0.5263
vt 0.14618 -0.68566
vt 0.14029 -0.70789
vt 0.13355 -0.70787
vt 0.14004 -0.68425
vt 0.15241 -0.66378
vt 0.14622 -0.66239
vt 0.15776 -0.64139
vt 0.15151 -0.64025
vt 0.16971 -0.58517
vt 0.18004 -0.5728
vt 0.19762 -0.56523
vt 0.20819 -0.66318
vt 0.18631 -0.65971
vt 0.17235 -0.64687
vt 0.16493 -0.632
vt 0.69378 -0.07073
vt 0.69006 -0.05586
vt 0.70715 -0.05288
vt 0.70982 -0.06476
vt 0.70455 -0.03958
vt 0.68688 -0.03996
vt 0.69845 -0.08563
vt 0.71381 -0.07808
vt 0.7034 -0.02728
vt 0.6847 -0.02294
vt 0.70517 -0.01721
vt 0.6851 -0.00488
vt 0.72394 -0.10174
vt 0.73107 -0.1088
vt 0.72459 -0.13077
vt 0.71223 -0.11565
vt 0.71841 -0.09067
vt 0.70431 -0.10057
vt 0.7194 -0.05709
vt 0.7129 -0.0463
vt 0.7221 -0.04522
vt 0.72959 -0.05077
vt 0.73107 -0.05994
vt 0.72576 -0.06752
vt 0.71687 -0.06931
vt 0.6608 -0.08064
vt 0.66618 -0.09718
vt 0.65203 -0.10185
vt 0.64666 -0.08504
vt 0.65797 -0.1178
vt 0.67266 -0.11384
vt 0.66347 -0.13257
vt 0.67976 -0.13081
vt 0.66596 -0.14556
vt 0.68539 -0.14851
vt 0.63541 -0.0383
vt 0.62967 -0.02648
vt 0.64177 -0.01126
vt 0.64879 -0.02991
vt 0.63905 -0.05366
vt 0.65286 -0.04754
vt 0.64275 -0.07037
vt 0.65657 -0.0645
vt 0.64047 -0.09453
vt 0.62881 -0.09729
vt 0.63074 -0.0815
vt 0.61836 -0.09115
vt 0.61518 -0.07944
vt 0.6211 -0.06886
vt 0.63257 -0.06532
vt 0.32467 -0.28526
vt 0.32373 -0.30535
vt 0.29993 -0.29435
vt 0.30889 -0.31893
vt 0.2888 -0.31804
vt 0.27523 -0.30321
vt 0.27607 -0.28318
vt 0.29066 -0.26973
vt 0.31125 -0.27057
vt 0.34967 -0.05674
vt 0.33421 -0.05935
vt 0.33276 -0.05072
vt 0.34619 -0.04827
vt 0.31948 -0.05107
vt 0.31912 -0.05968
vt 0.36583 -0.05177
vt 0.35972 -0.04368
vt 0.38323 -0.04342
vt 0.37218 -0.03552
vt 0.27421 -0.04725
vt 0.25859 -0.03818
vt 0.26975 -0.03077
vt 0.28108 -0.03975
vt 0.28938 -0.05362
vt 0.29359 -0.04548
vt 0.30423 -0.05775
vt 0.30641 -0.04928
vt 0.33459 -0.0181
vt 0.33151 -0.01344
vt 0.33592 -0.01018
vt 0.34006 -0.0192
vt 0.34476 -0.01619
vt 0.34588 -0.0107
vt 0.34279 -0.00601
vt 0.3373 -0.00488
vt 0.33263 -0.00796
vt 0.34332 -0.04233
vt 0.33172 -0.04471
vt 0.35433 -0.03797
vt 0.36302 -0.03136
vt 0.28721 -0.03509
vt 0.27897 -0.02808
vt 0.29763 -0.04011
vt 0.30867 -0.04349
vt 0.32008 -0.04508
vt 0.33768 -0.02813
vt 0.32981 -0.02968
vt 0.34421 -0.02556
vt 0.34911 -0.02218
vt 0.29772 -0.0239
vt 0.29266 -0.02036
vt 0.3043 -0.0269
vt 0.31231 -0.02903
vt 0.3211 -0.02999
vt 0.3345 -0.02137
vt 0.3281 -0.02259
vt 0.30198 -0.01746
vt 0.297 -0.01436
vt 0.30767 -0.02009
vt 0.31417 -0.02192
vt 0.32115 -0.02278
vt 0.31519 -0.16169
vt 0.29563 -0.16061
vt 0.29608 -0.14918
vt 0.31561 -0.15036
vt 0.27669 -0.14703
vt 0.27622 -0.15885
vt 0.25771 -0.14423
vt 0.25731 -0.15666
vt 0.24042 -0.14214
vt 0.2399 -0.15389
vt 0.37328 -0.14838
vt 0.3906 -0.14778
vt 0.39026 -0.15935
vt 0.3732 -0.16085
vt 0.35448 -0.14974
vt 0.35423 -0.16165
vt 0.33513 -0.15051
vt 0.33478 -0.162
vt 0.33555 -0.14496
vt 0.35493 -0.14396
vt 0.37419 -0.14236
vt 0.39336 -0.14178
vt 0.23764 -0.13542
vt 0.25771 -0.1381
vt 0.27715 -0.14133
vt 0.29657 -0.14368
vt 0.31606 -0.1449
vt 0.26995 -0.26843
vt 0.27564 -0.16465
vt 0.29515 -0.16629
vt 0.24942 -0.2668
vt 0.25624 -0.16249
vt 0.22915 -0.26491
vt 0.23682 -0.15931
vt 0.37325 -0.27058
vt 0.37349 -0.16693
vt 0.39327 -0.16519
vt 0.39336 -0.27012
vt 0.35274 -0.27093
vt 0.35397 -0.16752
vt 0.33204 -0.27095
vt 0.33439 -0.16771
vt 0.31476 -0.16734
vt 0.30439 -0.87575
vt 0.30902 -0.86518
vt 0.31784 -0.87229
vt 0.31452 -0.8802
vt 0.32272 -0.86665
vt 0.31693 -0.85527
vt 0.30738 -0.93086
vt 0.3075 -0.9397
vt 0.29738 -0.94506
vt 0.29716 -0.93214
vt 0.30809 -0.92062
vt 0.29759 -0.92024
vt 0.30907 -0.91
vt 0.29841 -0.90879
vt 0.31036 -0.8995
vt 0.29967 -0.89759
vt 0.31212 -0.88944
vt 0.30154 -0.88658
vt 0.2643 -0.86313
vt 0.26942 -0.84927
vt 0.27529 -0.85205
vt 0.27035 -0.86496
vt 0.28275 -0.84092
vt 0.2769 -0.84103
vt 0.26204 -0.9312
vt 0.26171 -0.94462
vt 0.25489 -0.9416
vt 0.25552 -0.9307
vt 0.26214 -0.91805
vt 0.25573 -0.91796
vt 0.2629 -0.90491
vt 0.25653 -0.90458
vt 0.26444 -0.89166
vt 0.25813 -0.89093
vt 0.26686 -0.87831
vt 0.26064 -0.8771
vt 0.26849 -0.83406
vt 0.26132 -0.82195
vt 0.26923 -0.81849
vt 0.25681 -0.82656
vt 0.2549 -0.83148
vt 0.25488 -0.83637
vt 0.25677 -0.84127
vt 0.26131 -0.84584
vt 0.13432 -0.82847
vt 0.1324 -0.84238
vt 0.11853 -0.84426
vt 0.1202 -0.83315
vt 0.11685 -0.856
vt 0.13065 -0.85543
vt 0.13478 -0.81194
vt 0.12119 -0.82354
vt 0.11527 -0.86798
vt 0.12931 -0.86824
vt 0.1138 -0.87995
vt 0.12846 -0.88115
vt 0.11236 -0.89166
vt 0.12811 -0.8945
vt 0.1108 -0.90256
vt 0.12798 -0.90882
vt 0.10893 -0.91145
vt 0.12634 -0.92484
vt 0.14491 -0.85622
vt 0.14667 -0.84285
vt 0.14376 -0.86915
vt 0.14319 -0.88214
vt 0.14329 -0.89573
vt 0.14425 -0.91057
vt 0.1462 -0.92716
vt 0.14895 -0.82823
vt 0.15224 -0.81182
vt 0.19168 -0.90112
vt 0.17875 -0.90776
vt 0.17493 -0.90005
vt 0.18863 -0.89392
vt 0.1729 -0.89056
vt 0.18677 -0.886
vt 0.17206 -0.88036
vt 0.1859 -0.8775
vt 0.17204 -0.86989
vt 0.18581 -0.86868
vt 0.17266 -0.85936
vt 0.18638 -0.85982
vt 0.17389 -0.84899
vt 0.18759 -0.85115
vt 0.17581 -0.83914
vt 0.18945 -0.8429
vt 0.17897 -0.83089
vt 0.1917 -0.83489
vt 0.16409 -0.8322
vt 0.16936 -0.81881
vt 0.17376 -0.8224
vt 0.16849 -0.83431
vt 0.16599 -0.90489
vt 0.17161 -0.91735
vt 0.16654 -0.92142
vt 0.16117 -0.90702
vt 0.16412 -0.89273
vt 0.15932 -0.89389
vt 0.16361 -0.88099
vt 0.15886 -0.88151
vt 0.16385 -0.86943
vt 0.15916 -0.86948
vt 0.16467 -0.85789
vt 0.16004 -0.85748
vt 0.1661 -0.8462
vt 0.16156 -0.84515
vt 0.10949 -0.82979
vt 0.10757 -0.8416
vt 0.10578 -0.85332
vt 0.10394 -0.865
vt 0.10194 -0.87661
vt 0.09959 -0.88814
vt 0.0966 -0.89974
vt 0.09315 -0.91232
vt 0.11232 -0.81779
vt 0.0976 -0.82792
vt 0.09571 -0.83961
vt 0.09381 -0.85099
vt 0.09177 -0.86223
vt 0.08948 -0.87337
vt 0.08678 -0.88443
vt 0.08338 -0.89556
vt 0.07837 -0.90684
vt 0.09932 -0.81518
vt 0.08833 -0.82758
vt 0.08684 -0.83821
vt 0.08502 -0.84897
vt 0.0829 -0.8597
vt 0.08044 -0.87032
vt 0.07757 -0.88069
vt 0.07413 -0.89066
vt 0.0697 -0.89969
vt 0.08917 -0.81735
vt 0.0172 -0.83418
vt 0.01815 -0.82882
vt 0.02436 -0.82854
vt 0.0234 -0.83511
vt 0.02434 -0.82163
vt 0.01832 -0.82372
vt 0.02286 -0.81428
vt 0.01704 -0.81987
vt 0.01567 -0.83951
vt 0.02171 -0.84141
vt 0.01364 -0.84463
vt 0.01934 -0.84747
vt 0.01115 -0.84934
vt 0.01624 -0.85327
vt 0.00823 -0.85332
vt 0.01224 -0.85876
vt 0.00488 -0.85589
vt 0.0071 -0.86379
vt 0.01692 -0.82715
vt 0.01343 -0.82356
vt 0.01342 -0.82858
vt 0.0099 -0.8271
vt 0.00844 -0.82356
vt 0.00991 -0.82001
vt 0.01346 -0.81851
vt 0.05646 -0.8241
vt 0.05553 -0.83309
vt 0.05403 -0.8421
vt 0.0519 -0.85099
vt 0.04916 -0.85966
vt 0.0458 -0.86804
vt 0.04186 -0.87608
vt 0.03743 -0.88382
vt 0.05698 -0.81531
vt 0.70309 -0.78949
vt 0.72078 -0.79111
vt 0.71772 -0.80822
vt 0.70218 -0.80666
vt 0.73235 -0.8104
vt 0.73852 -0.79367
vt 0.68538 -0.78864
vt 0.68627 -0.80566
vt 0.74515 -0.81359
vt 0.75634 -0.79777
vt 0.75441 -0.81874
vt 0.77426 -0.8044
vt 0.65925 -0.80654
vt 0.64937 -0.81045
vt 0.6299 -0.79626
vt 0.64912 -0.79083
vt 0.67315 -0.8054
vt 0.66759 -0.78882
vt 0.74791 -0.67432
vt 0.72812 -0.675
vt 0.76807 -0.67269
vt 0.78845 -0.6715
vt 0.64967 -0.66875
vt 0.62989 -0.66566
vt 0.66946 -0.67159
vt 0.68907 -0.6736
vt 0.70857 -0.67474
vt 0.69134 -0.81233
vt 0.69055 -0.82147
vt 0.67936 -0.81655
vt 0.68366 -0.82772
vt 0.67436 -0.82743
vt 0.66787 -0.82077
vt 0.66766 -0.81164
vt 0.70072 -0.6141
vt 0.69919 -0.62963
vt 0.68741 -0.62838
vt 0.69127 -0.61289
vt 0.67665 -0.62618
vt 0.6826 -0.61089
vt 0.66836 -0.62238
vt 0.67466 -0.60833
vt 0.74584 -0.60827
vt 0.75362 -0.62222
vt 0.74561 -0.62608
vt 0.73837 -0.61108
vt 0.73517 -0.62848
vt 0.72983 -0.61308
vt 0.72354 -0.62974
vt 0.72043 -0.61421
vt 0.71138 -0.63009
vt 0.71059 -0.61453
vt 0.70921 -0.655
vt 0.69229 -0.65401
vt 0.6933 -0.64783
vt 0.70918 -0.64877
vt 0.67736 -0.64579
vt 0.67515 -0.65184
vt 0.66096 -0.64166
vt 0.65732 -0.64744
vt 0.64361 -0.63225
vt 0.6376 -0.63855
vt 0.7592 -0.64504
vt 0.77891 -0.63711
vt 0.78451 -0.644
vt 0.76233 -0.65116
vt 0.74161 -0.64791
vt 0.74366 -0.65407
vt 0.72518 -0.64887
vt 0.72621 -0.65509
vt 0.49712 -0.27375
vt 0.49489 -0.26009
vt 0.50722 -0.2584
vt 0.51454 -0.27358
vt 0.40707 -0.27054
vt 0.41563 -0.25748
vt 0.42706 -0.26041
vt 0.42334 -0.27327
vt 0.4401 -0.26083
vt 0.43842 -0.27375
vt 0.45368 -0.26066
vt 0.45285 -0.27365
vt 0.46749 -0.26046
vt 0.46716 -0.27347
vt 0.48135 -0.26035
vt 0.48173 -0.27345
vt 0.49681 -0.28732
vt 0.51308 -0.29006
vt 0.40562 -0.28701
vt 0.42305 -0.28683
vt 0.43844 -0.28713
vt 0.453 -0.28711
vt 0.46731 -0.28693
vt 0.48174 -0.28683
vt 0.49309 -0.30019
vt 0.5045 -0.30312
vt 0.41294 -0.30218
vt 0.42527 -0.30048
vt 0.43881 -0.30023
vt 0.45266 -0.30012
vt 0.46647 -0.29992
vt 0.48005 -0.29976
vt 0.49843 -0.24683
vt 0.42519 -0.24685
vt 0.43448 -0.24796
vt 0.44681 -0.24806
vt 0.46014 -0.24788
vt 0.47374 -0.24774
vt 0.48696 -0.24759
vt 0.49494 -0.31374
vt 0.42173 -0.31374
vt 0.43317 -0.31299
vt 0.4464 -0.31284
vt 0.45999 -0.3127
vt 0.47332 -0.31253
vt 0.48565 -0.31262
vt 0.03994 -0.29884
vt 0.0066 -0.29683
vt 0.00712 -0.28917
vt 0.04054 -0.29018
vt 0.03884 -0.30732
vt 0.0058 -0.3046
vt 0.03696 -0.31532
vt 0.00489 -0.31262
vt 0.03849 -0.25552
vt 0.0059 -0.25867
vt 0.00488 -0.25087
vt 0.03637 -0.24742
vt 0.03977 -0.26402
vt 0.00669 -0.26633
vt 0.04048 -0.2727
vt 0.00718 -0.27395
vt 0.04073 -0.28144
vt 0.00732 -0.28155
vt 0.04931 -0.30015
vt 0.04216 -0.2992
vt 0.04278 -0.29037
vt 0.05 -0.29079
vt 0.04796 -0.30958
vt 0.04098 -0.30795
vt 0.04552 -0.31898
vt 0.03865 -0.31678
vt 0.04754 -0.25311
vt 0.04068 -0.25495
vt 0.03813 -0.24591
vt 0.0449 -0.24383
vt 0.04916 -0.26264
vt 0.04201 -0.26375
vt 0.04995 -0.27209
vt 0.04272 -0.27261
vt 0.0502 -0.28146
vt 0.04296 -0.2815
vt 0.09638 -0.73359
vt 0.09415 -0.71994
vt 0.10648 -0.71824
vt 0.1138 -0.73342
vt 0.00633 -0.73039
vt 0.0149 -0.71732
vt 0.02632 -0.72025
vt 0.02261 -0.73311
vt 0.03936 -0.72067
vt 0.03768 -0.7336
vt 0.05294 -0.7205
vt 0.05211 -0.73349
vt 0.06675 -0.7203
vt 0.06642 -0.73331
vt 0.08061 -0.72019
vt 0.08099 -0.73329
vt 0.09607 -0.74716
vt 0.11234 -0.7499
vt 0.00488 -0.74685
vt 0.02231 -0.74667
vt 0.0377 -0.74697
vt 0.05226 -0.74696
vt 0.06657 -0.74677
vt 0.081 -0.74667
vt 0.09235 -0.76003
vt 0.10377 -0.76296
vt 0.0122 -0.76202
vt 0.02453 -0.76032
vt 0.03807 -0.76007
vt 0.05192 -0.75996
vt 0.06573 -0.75977
vt 0.07931 -0.7596
vt 0.09769 -0.70668
vt 0.02445 -0.7067
vt 0.03374 -0.7078
vt 0.04607 -0.7079
vt 0.0594 -0.70772
vt 0.073 -0.70758
vt 0.08622 -0.70743
vt 0.0942 -0.77358
vt 0.02099 -0.77358
vt 0.03243 -0.77283
vt 0.04566 -0.77268
vt 0.05925 -0.77254
vt 0.07258 -0.77237
vt 0.08491 -0.77247
vt 0.24085 -0.82893
vt 0.23258 -0.83909
vt 0.2244 -0.82421
vt 0.21955 -0.84047
vt 0.20932 -0.83225
vt 0.20778 -0.81926
vt 0.21551 -0.80909
vt 0.22984 -0.80807
vt 0.23956 -0.81601
vt 0.28335 -0.68843
vt 0.26496 -0.68842
vt 0.2642 -0.67631
vt 0.28184 -0.67646
vt 0.24591 -0.67608
vt 0.24679 -0.68821
vt 0.30207 -0.68766
vt 0.29848 -0.67597
vt 0.23015 -0.67563
vt 0.22898 -0.68792
vt 0.32138 -0.68467
vt 0.31233 -0.67296
vt 0.19233 -0.68615
vt 0.174 -0.68293
vt 0.18271 -0.67053
vt 0.1962 -0.67398
vt 0.21075 -0.68743
vt 0.21241 -0.67519
vt 0.26382 -0.78559
vt 0.28135 -0.7863
vt 0.29908 -0.78787
vt 0.31698 -0.7916
vt 0.17453 -0.79112
vt 0.19348 -0.78736
vt 0.21148 -0.78606
vt 0.22899 -0.78549
vt 0.24639 -0.78535
vt 0.25478 -0.65506
vt 0.25446 -0.6677
vt 0.23888 -0.66056
vt 0.24614 -0.64562
vt 0.23334 -0.64492
vt 0.22369 -0.65339
vt 0.2226 -0.6661
vt 0.26277 -0.79309
vt 0.27953 -0.79378
vt 0.29569 -0.79524
vt 0.30959 -0.79851
vt 0.18235 -0.79884
vt 0.1963 -0.79531
vt 0.21243 -0.79378
vt 0.22894 -0.79307
vt 0.24584 -0.79288
vt 0.26198 -0.80811
vt 0.27739 -0.80884
vt 0.29179 -0.81053
vt 0.30512 -0.81347
vt 0.18774 -0.81353
vt 0.20072 -0.8105
vt 0.24603 -0.80791
vt 0.33452 -0.81811
vt 0.32842 -0.79969
vt 0.35368 -0.80157
vt 0.33707 -0.78233
vt 0.35537 -0.77612
vt 0.37298 -0.78524
vt 0.37898 -0.8035
vt 0.37025 -0.82075
vt 0.35184 -0.82682
vt 0.48705 -0.74609
vt 0.47028 -0.74199
vt 0.47264 -0.73001
vt 0.48843 -0.73406
vt 0.45867 -0.72531
vt 0.45428 -0.73685
vt 0.50463 -0.74869
vt 0.50369 -0.73661
vt 0.44333 -0.71936
vt 0.43835 -0.73062
vt 0.52354 -0.74874
vt 0.51728 -0.73593
vt 0.4074 -0.71435
vt 0.39269 -0.70327
vt 0.40553 -0.69603
vt 0.41575 -0.70496
vt 0.42269 -0.72324
vt 0.42888 -0.7126
vt 0.4497 -0.81527
vt 0.46975 -0.82003
vt 0.48971 -0.82369
vt 0.50893 -0.82678
vt 0.39138 -0.79416
vt 0.41037 -0.80225
vt 0.42985 -0.80933
vt 0.48341 -0.72452
vt 0.4708 -0.71336
vt 0.4874 -0.71261
vt 0.48191 -0.7012
vt 0.46997 -0.69692
vt 0.45846 -0.70226
vt 0.45393 -0.71405
vt 0.29671 -0.66107
vt 0.27496 -0.66107
vt 0.27496 -0.64514
vt 0.29671 -0.64514
vt 0.27496 -0.62921
vt 0.29671 -0.62921
vt 0.27496 -0.61328
vt 0.29671 -0.61328
vt 0.27496 -0.59735
vt 0.29671 -0.59735
vt 0.27496 -0.58142
vt 0.29671 -0.58142
vt 0.27496 -0.56549
vt 0.29671 -0.5655
vt 0.27496 -0.54957
vt 0.29671 -0.54957
vt 0.27496 -0.53364
vt 0.29671 -0.53364
vt 0.2637 -0.52237
vt 0.25573 -0.5416
vt 0.24777 -0.52237
vt 0.2365 -0.53364
vt 0.2365 -0.54957
vt 0.24777 -0.56083
vt 0.2637 -0.56083
vt 0.30797 -0.52237
vt 0.31594 -0.5416
vt 0.3239 -0.52237
vt 0.33516 -0.53364
vt 0.33516 -0.54957
vt 0.3239 -0.56083
vt 0.30797 -0.56083
vt 0.39186 -0.86378
vt 0.40052 -0.85511
vt 0.42243 -0.87702
vt 0.41377 -0.88568
vt 0.36886 -0.88678
vt 0.39076 -0.90869
vt 0.42353 -0.83211
vt 0.43219 -0.82345
vt 0.45409 -0.84535
vt 0.44543 -0.85401
vt 0.44543 -0.90002
vt 0.43677 -0.90869
vt 0.36886 -0.84077
vt 0.37752 -0.83211
vt 0.70099 -0.59847
vt 0.701 -0.59721
vt 0.74758 -0.59773
vt 0.74757 -0.59899
vt 0.69905 -0.54853
vt 0.69975 -0.59708
vt 0.65235 -0.59782
vt 0.65204 -0.54825
vt 0.70031 -0.54855
vt 0.74831 -0.54782
vt 0.74883 -0.5976
vt 0.74956 -0.5478
vt 0.69892 -0.3519
vt 0.70017 -0.35191
vt 0.70096 -0.40051
vt 0.69972 -0.40052
vt 0.74828 -0.35124
vt 0.74719 -0.40124
vt 0.74953 -0.35124
vt 0.74843 -0.40124
vt 0.65232 -0.40092
vt 0.65198 -0.35153
vt 0.70017 -0.45024
vt 0.69892 -0.45024
vt 0.74827 -0.44952
vt 0.74951 -0.44952
vt 0.65198 -0.44986
vt 0.69907 -0.25352
vt 0.70033 -0.25352
vt 0.701 -0.30217
vt 0.69977 -0.30217
vt 0.7483 -0.25302
vt 0.7472 -0.30299
vt 0.74954 -0.25303
vt 0.74844 -0.30299
vt 0.65235 -0.30258
vt 0.65195 -0.25323
vt 0.69962 -0.20425
vt 0.70086 -0.20411
vt 0.74755 -0.20429
vt 0.7488 -0.20441
vt 0.65244 -0.2039
vt 0.70099 -0.49885
vt 0.69975 -0.49886
vt 0.65236 -0.49925
vt 0.74843 -0.49952
vt 0.74718 -0.49952
vt 0.84001 -0.97927
vt 0.83595 -0.97927
vt 0.83595 -0.97548
vt 0.84001 -0.97548
vt 0.84373 -0.58614
vt 0.8438 -0.97548
vt 0.83995 -0.58614
vt 0.83216 -0.97548
vt 0.8321 -0.58614
vt 0.83588 -0.58614
vt 0.8478 -0.58614
vt 0.84786 -0.97548
vt 0.98703 -0.00867
vt 0.98297 -0.00867
vt 0.98297 -0.00488
vt 0.98703 -0.00488
vt 0.98701 -0.39801
vt 0.99082 -0.00867
vt 0.99079 -0.39801
vt 0.98294 -0.39801
vt 0.97916 -0.39801
vt 0.97918 -0.00867
vt 0.99488 -0.00867
vt 0.99486 -0.39801
vt 0.33577 -0.33997
vt 0.33577 -0.28023
vt 0.37363 -0.28023
vt 0.37363 -0.33997
vt 0.33577 -0.45321
vt 0.37363 -0.45321
vt 0.33577 -0.51294
vt 0.37363 -0.51294
vt 0.47123 -0.33997
vt 0.47123 -0.45321
vt 0.43336 -0.45321
vt 0.43337 -0.33997
vt 0.53096 -0.45321
vt 0.53096 -0.33997
vt 0.89099 -0.87467
vt 0.89099 -0.87061
vt 0.89598 -0.87061
vt 0.89598 -0.87467
vt 0.90495 -0.00488
vt 0.90503 -0.87061
vt 0.90004 -0.87061
vt 0.89997 -0.00488
vt 0.89092 -0.00488
vt 0.8959 -0.00488
vt 0.90902 -0.00488
vt 0.90909 -0.87061
vt 0.93344 -0.87467
vt 0.93344 -0.87061
vt 0.93843 -0.87061
vt 0.93843 -0.87467
vt 0.92941 -0.00488
vt 0.92938 -0.87061
vt 0.9244 -0.87061
vt 0.92443 -0.00488
vt 0.93348 -0.00488
vt 0.93846 -0.00488
vt 0.92033 -0.87061
vt 0.92037 -0.00488
vt 0.86162 -0.00895
vt 0.86162 -0.00488
vt 0.86661 -0.00488
vt 0.86661 -0.00895
vt 0.86151 -0.87467
vt 0.86649 -0.87467
vt 0.87565 -0.00895
vt 0.87554 -0.87467
vt 0.87056 -0.87467
vt 0.87067 -0.00895
vt 0.8796 -0.87467
vt 0.87972 -0.00895
vt 0.96286 -0.00895
vt 0.96286 -0.00488
vt 0.96784 -0.00488
vt 0.96784 -0.00895
vt 0.96286 -0.87467
vt 0.96784 -0.87467
vt 0.95879 -0.00895
vt 0.95879 -0.87467
vt 0.95381 -0.87467
vt 0.95381 -0.00895
vt 0.94974 -0.00895
vt 0.94975 -0.87467
vt 0.54389 -0.90053
vt 0.54165 -0.90053
vt 0.54165 -0.85905
vt 0.54389 -0.85905
vt 0.59883 -0.90053
vt 0.59883 -0.85905
vt 0.60107 -0.90053
vt 0.60107 -0.85905
vt 0.54389 -0.90277
vt 0.59883 -0.90277
vt 0.59883 -0.94425
vt 0.54389 -0.94425
vt 0.54389 -0.85681
vt 0.59883 -0.85681
vt 0.98715 -0.41157
vt 0.98715 -0.40729
vt 0.99084 -0.40729
vt 0.99084 -0.41157
vt 0.98713 -0.54203
vt 0.99082 -0.54203
vt 0.98287 -0.41157
vt 0.98285 -0.54203
vt 0.97916 -0.54203
vt 0.97917 -0.41157
vt 0.99512 -0.41157
vt 0.9951 -0.54203
vt 0.47036 -0.89829
vt 0.46812 -0.89829
vt 0.46812 -0.85681
vt 0.47036 -0.85681
vt 0.5253 -0.89829
vt 0.5253 -0.85681
vt 0.52754 -0.89829
vt 0.52754 -0.85681
vt 0.47036 -0.90053
vt 0.5253 -0.90053
vt 0.5253 -0.94201
vt 0.47036 -0.94201
vt 0.47036 -0.85457
vt 0.5253 -0.85457
vt 0.50158 -0.68675
vt 0.50158 -0.62702
vt 0.53944 -0.62702
vt 0.53944 -0.68675
vt 0.38833 -0.49156
vt 0.50158 -0.49156
vt 0.50158 -0.52942
vt 0.38833 -0.52942
vt 0.38833 -0.62702
vt 0.38834 -0.68675
vt 0.35048 -0.68675
vt 0.35047 -0.62702
vt 0.38833 -0.58916
vt 0.50158 -0.58916
vt 0.40562 -0.06462
vt 0.40562 -0.00488
vt 0.44349 -0.00488
vt 0.44349 -0.06462
vt 0.40562 -0.17786
vt 0.44348 -0.17786
vt 0.40562 -0.23759
vt 0.44348 -0.2376
vt 0.54108 -0.06462
vt 0.54108 -0.17786
vt 0.50322 -0.17786
vt 0.50322 -0.06462
vt 0.60081 -0.17786
vt 0.60081 -0.06462
vt 0.06608 -0.41102
vt 0.23066 -0.41102
vt 0.23066 -0.44635
vt 0.06608 -0.44635
vt 0.23066 -0.48169
vt 0.06608 -0.48169
vt 0.23066 -0.51702
vt 0.06608 -0.51702
vt 0.06608 -0.30503
vt 0.23067 -0.30503
vt 0.23067 -0.34036
vt 0.06608 -0.34036
vt 0.23066 -0.37569
vt 0.06608 -0.37569
vt 0.26126 -0.42869
vt 0.26126 -0.46402
vt 0.29186 -0.44635
vt 0.29186 -0.41102
vt 0.26126 -0.39336
vt 0.03548 -0.42869
vt 0.03548 -0.46402
vt 0.00488 -0.44635
vt 0.00488 -0.41102
vt 0.03548 -0.39336
vt 0.25732 -0.27769
vt 0.25732 -0.33831
vt 0.25465 -0.33831
vt 0.25465 -0.27769
vt 0.24792 -0.33831
vt 0.24792 -0.27769
vt 0.25059 -0.27769
vt 0.25059 -0.33831
vt 0.24386 -0.27769
vt 0.24386 -0.33831
vt 0.23588 -0.57011
vt 0.23588 -0.63073
vt 0.23321 -0.63073
vt 0.23322 -0.57011
vt 0.23995 -0.63073
vt 0.23995 -0.57011
vt 0.24262 -0.57011
vt 0.24261 -0.63073
vt 0.22915 -0.63073
vt 0.22915 -0.57011
vt 0.59125 -0.01835
vt 0.53062 -0.01835
vt 0.53062 -0.01568
vt 0.59125 -0.01568
vt 0.53062 -0.00895
vt 0.59125 -0.00895
vt 0.59125 -0.01161
vt 0.53062 -0.01161
vt 0.59125 -0.00488
vt 0.53062 -0.00488
vt 0.01568 -0.38469
vt 0.01569 -0.32407
vt 0.01835 -0.32407
vt 0.01835 -0.38469
vt 0.01162 -0.32407
vt 0.01161 -0.38469
vt 0.00895 -0.38469
vt 0.00895 -0.32407
vt 0.00489 -0.32407
vt 0.00488 -0.38469
vt 0.35353 -0.52223
vt 0.35353 -0.58285
vt 0.35086 -0.58285
vt 0.35087 -0.52223
vt 0.35759 -0.58285
vt 0.3576 -0.52223
vt 0.36026 -0.52223
vt 0.36026 -0.58285
vt 0.3468 -0.58285
vt 0.3468 -0.52223
vt 0.14621 -0.23455
vt 0.14621 -0.00489
vt 0.18154 -0.00489
vt 0.18154 -0.23455
vt 0.21687 -0.00489
vt 0.21687 -0.23455
vt 0.00488 -0.23455
vt 0.00489 -0.00488
vt 0.04022 -0.00488
vt 0.04022 -0.23455
vt 0.07555 -0.00488
vt 0.07554 -0.23455
vt 0.11088 -0.00488
vt 0.11088 -0.23455
vt 0.16387 -0.26515
vt 0.12854 -0.26515
vt 0.14621 -0.29575
vt 0.11088 -0.29575
vt 0.09321 -0.26515
vt 0.61925 -0.16719
vt 0.61926 -0.10657
vt 0.62193 -0.10657
vt 0.62191 -0.16719
vt 0.62866 -0.10657
vt 0.62865 -0.16719
vt 0.62598 -0.16719
vt 0.62599 -0.10657
vt 0.61518 -0.16719
vt 0.61519 -0.10657
vt 0.22083 -0.91192
vt 0.22083 -0.90968
vt 0.23968 -0.90968
vt 0.23968 -0.91192
vt 0.22083 -0.96686
vt 0.23968 -0.96686
vt 0.22083 -0.9691
vt 0.23968 -0.9691
vt 0.21859 -0.91192
vt 0.21859 -0.96686
vt 0.19974 -0.96686
vt 0.19974 -0.91192
vt 0.24192 -0.91192
vt 0.24192 -0.96686
vt 0.80269 -0.59288
vt 0.80268 -0.5886
vt 0.80436 -0.5886
vt 0.80436 -0.59288
vt 0.80269 -0.78462
vt 0.80437 -0.78462
vt 0.81032 -0.59288
vt 0.81033 -0.78461
vt 0.80865 -0.78462
vt 0.80864 -0.59288
vt 0.8146 -0.78461
vt 0.8146 -0.59287
vt 0.57377 -0.6294
vt 0.57377 -0.62716
vt 0.59262 -0.62716
vt 0.59262 -0.6294
vt 0.57377 -0.68434
vt 0.59262 -0.68434
vt 0.57377 -0.68658
vt 0.59262 -0.68658
vt 0.57153 -0.6294
vt 0.57153 -0.68434
vt 0.55268 -0.68434
vt 0.55268 -0.6294
vt 0.59486 -0.6294
vt 0.59486 -0.68434
vt 0.95981 -0.88619
vt 0.95981 -0.88395
vt 0.97866 -0.88395
vt 0.97866 -0.88619
vt 0.95981 -0.94113
vt 0.97866 -0.94113
vt 0.95981 -0.94337
vt 0.97866 -0.94337
vt 0.95757 -0.88619
vt 0.95757 -0.94113
vt 0.93871 -0.94113
vt 0.93872 -0.88619
vt 0.9809 -0.88619
vt 0.98089 -0.94113
vt 0.84528 -0.2275
vt 0.7647 -0.2275
vt 0.7647 -0.0246
vt 0.84528 -0.0246
vt 0.5533 -0.19681
vt 0.55374 -0.40253
vt 0.54881 -0.40253
vt 0.54838 -0.19691
vt 0.63367 -0.1968
vt 0.63341 -0.40253
vt 0.63863 -0.19705
vt 0.63834 -0.40253
vt 0.84773 -0.02144
vt 0.76224 -0.02144
vt 0.76224 -0.01485
vt 0.84773 -0.01485
vt 0.55306 -0.1873
vt 0.55326 -0.19371
vt 0.54583 -0.19401
vt 0.54533 -0.18763
vt 0.63424 -0.1871
vt 0.6339 -0.19354
vt 0.64205 -0.18798
vt 0.64128 -0.19426
vt 0.76224 -0.00488
vt 0.84773 -0.00488
vt 0.7647 -0.43041
vt 0.84528 -0.43041
vt 0.5533 -0.60824
vt 0.54838 -0.60814
vt 0.63367 -0.60825
vt 0.63863 -0.608
vt 0.76224 -0.44016
vt 0.76224 -0.43357
vt 0.84773 -0.43357
vt 0.84773 -0.44016
vt 0.54583 -0.61104
vt 0.55326 -0.61134
vt 0.55306 -0.61775
vt 0.54533 -0.61742
vt 0.6339 -0.6115
vt 0.63424 -0.61795
vt 0.64128 -0.61079
vt 0.64205 -0.61707
vt 0.76224 -0.45013
vt 0.84773 -0.45013
vt 0.77009 -0.45951
vt 0.76992 -0.57888
vt 0.76224 -0.57745
vt 0.76229 -0.45941
vt 0.82395 -0.46002
vt 0.82517 -0.57633
vt 0.81737 -0.57734
vt 0.81621 -0.45966
vt 0.80953 -0.57814
vt 0.80849 -0.45947
vt 0.80164 -0.57876
vt 0.80078 -0.45941
vt 0.79374 -0.57923
vt 0.79309 -0.45945
vt 0.7858 -0.57957
vt 0.78543 -0.45957
vt 0.77784 -0.57979
vt 0.77778 -0.45976
vt 0.7635 -0.58399
vt 0.7714 -0.58872
vt 0.77096 -0.59974
vt 0.76419 -0.59861
vt 0.77608 -0.59852
vt 0.7797 -0.59568
vt 0.78185 -0.59147
vt 0.78174 -0.58587
vt 0.61071 -0.76564
vt 0.54044 -0.76564
vt 0.54044 -0.69603
vt 0.61071 -0.69603
vt 0.61071 -0.84138
vt 0.61071 -0.77178
vt 0.61686 -0.77178
vt 0.61686 -0.84138
vt 0.54044 -0.84138
vt 0.54044 -0.77178
vt 0.5343 -0.84138
vt 0.5343 -0.77178
vt 0.61071 -0.84753
vt 0.54044 -0.84753
vt 0.70661 -0.8826
vt 0.70661 -0.86838
vt 0.75421 -0.86838
vt 0.75421 -0.8826
vt 0.70661 -0.90873
vt 0.75421 -0.90873
vt 0.70661 -0.84224
vt 0.70661 -0.82802
vt 0.75421 -0.82802
vt 0.75421 -0.84224
vt 0.76842 -0.86838
vt 0.76843 -0.84224
vt 0.69239 -0.84224
vt 0.69239 -0.86838
usemtl mat0
f 1/1/1 2/2/1 3/3/1
f 1/1/1 3/3/1 4/4/1
f 5/5/2 1/1/2 4/4/2
f 5/5/2 4/4/2 6/6/2
f 7/7/3 5/5/3 6/6/3
f 7/7/3 6/6/3 8/8/3
f 9/9/4 10/10/4 11/11/4
f 9/9/4 11/11/4 12/12/4
f 4/4/5 12/12/5 11/11/5
f 4/4/5 11/11/5 6/6/5
f 5/5/6 13/13/6 14/14/6
f 5/5/6 14/14/6 1/1/6
f 15/15/1 16/16/1 17/17/1
f 15/15/1 17/17/1 18/18/1
f 18/18/2 17/17/2 19/19/2
f 18/18/2 19/19/2 20/20/2
f 20/20/3 19/19/3 21/21/3
f 20/20/3 21/21/3 22/22/3
f 23/23/4 24/24/4 25/25/4
f 23/23/4 25/25/4 26/26/4
f 27/27/6 28/28/6 18/18/6
f 27/27/6 18/18/6 20/20/6
f 25/25/5 24/24/5 19/19/5
f 25/25/5 19/19/5 17/17/5
f 29/29/1 30/30/1 31/31/1
f 29/29/1 31/31/1 32/32/1
f 33/33/2 29/29/2 32/32/2
f 33/33/2 32/32/2 34/34/2
f 35/35/3 33/33/3 34/34/3
f 35/35/3 34/34/3 36/36/3
f 37/37/4 38/38/4 39/39/4
f 37/37/4 39/39/4 40/40/4
f 32/32/5 40/40/5 39/39/5
f 32/32/5 39/39/5 34/34/5
f 33/33/6 41/41/6 42/42/6
f 33/33/6 42/42/6 29/29/6
f 43/43/1 44/44/1 45/45/1
f 43/43/1 45/45/1 46/46/1
f 46/46/2 45/45/2 47/47/2
f 46/46/2 47/47/2 48/48/2
f 48/48/3 47/47/3 49/49/3
f 48/48/3 49/49/3 50/50/3
f 51/51/4 52/52/4 53/53/4
f 51/51/4 53/53/4 54/54/4
f 55/55/6 56/56/6 46/46/6
f 55/55/6 46/46/6 48/48/6
f 53/53/5 52/52/5 47/47/5
f 53/53/5 47/47/5 45/45/5
f 57/57/1 58/58/1 59/59/1
f 57/57/1 59/59/1 60/60/1
f 61/61/2 57/57/2 60/60/2
f 61/61/2 60/60/2 62/62/2
f 63/63/3 61/61/3 62/62/3
f 63/63/3 62/62/3 64/64/3
f 65/65/4 66/66/4 67/67/4
f 65/65/4 67/67/4 68/68/4
f 60/60/5 68/68/5 67/67/5
f 60/60/5 67/67/5 62/62/5
f 61/61/6 69/69/6 70/70/6
f 61/61/6 70/70/6 57/57/6
f 71/71/1 72/72/1 73/73/1
f 71/71/1 73/73/1 74/74/1
f 74/74/2 73/73/2 75/75/2
f 74/74/2 75/75/2 76/76/2
f 76/76/3 75/75/3 77/77/3
f 76/76/3 77/77/3 78/78/3
f 79/79/4 80/80/4 81/81/4
f 79/79/4 81/81/4 82/82/4
f 83/83/6 84/84/6 74/74/6
f 83/83/6 74/74/6 76/76/6
f 81/81/5 80/80/5 75/75/5
f 81/81/5 75/75/5 73/73/5
f 85/3/1 86/2/1 87/1/1
f 85/3/1 87/1/1 88/4/1
f 88/4/4 87/1/4 89/5/4
f 88/4/4 89/5/4 90/6/4
f 90/6/3 89/5/3 91/7/3
f 90/6/3 91/7/3 92/8/3
f 93/11/2 94/10/2 95/9/2
f 93/11/2 95/9/2 96/12/2
f 93/11/5 96/12/5 88/4/5
f 93/11/5 88/4/5 90/6/5
f 97/14/6 98/13/6 89/5/6
f 97/14/6 89/5/6 87/1/6
f 99/17/1 100/16/1 101/15/1
f 99/17/1 101/15/1 102/18/1
f 103/19/4 99/17/4 102/18/4
f 103/19/4 102/18/4 104/20/4
f 105/21/3 103/19/3 104/20/3
f 105/21/3 104/20/3 106/22/3
f 107/25/2 108/24/2 109/23/2
f 107/25/2 109/23/2 110/26/2
f 102/18/6 111/28/6 112/27/6
f 102/18/6 112/27/6 104/20/6
f 103/19/5 108/24/5 107/25/5
f 103/19/5 107/25/5 99/17/5
f 113/31/1 114/30/1 115/29/1
f 113/31/1 115/29/1 116/32/1
f 116/32/4 115/29/4 117/33/4
f 116/32/4 117/33/4 118/34/4
f 118/34/3 117/33/3 119/35/3
f 118/34/3 119/35/3 120/36/3
f 121/39/2 122/38/2 123/37/2
f 121/39/2 123/37/2 124/40/2
f 121/39/5 124/40/5 116/32/5
f 121/39/5 116/32/5 118/34/5
f 125/42/6 126/41/6 117/33/6
f 125/42/6 117/33/6 115/29/6
f 127/45/1 128/44/1 129/43/1
f 127/45/1 129/43/1 130/46/1
f 131/47/4 127/45/4 130/46/4
f 131/47/4 130/46/4 132/48/4
f 133/49/3 131/47/3 132/48/3
f 133/49/3 132/48/3 134/50/3
f 135/53/2 136/52/2 137/51/2
f 135/53/2 137/51/2 138/54/2
f 130/46/6 139/56/6 140/55/6
f 130/46/6 140/55/6 132/48/6
f 131/47/5 136/52/5 135/53/5
f 131/47/5 135/53/5 127/45/5
f 141/59/1 142/58/1 143/57/1
f 141/59/1 143/57/1 144/60/1
f 144/60/4 143/57/4 145/61/4
f 144/60/4 145/61/4 146/62/4
f 146/62/3 145/61/3 147/63/3
f 146/62/3 147/63/3 148/64/3
f 149/67/2 150/66/2 151/65/2
f 149/67/2 151/65/2 152/68/2
f 149/67/5 152/68/5 144/60/5
f 149/67/5 144/60/5 146/62/5
f 153/70/6 154/69/6 145/61/6
f 153/70/6 145/61/6 143/57/6
f 155/73/1 156/72/1 157/71/1
f 155/73/1 157/71/1 158/74/1
f 159/75/4 155/73/4 158/74/4
f 159/75/4 158/74/4 160/76/4
f 161/77/3 159/75/3 160/76/3
f 161/77/3 160/76/3 162/78/3
f 163/81/2 164/80/2 165/79/2
f 163/81/2 165/79/2 166/82/2
f 158/74/6 167/84/6 168/83/6
f 158/74/6 168/83/6 160/76/6
f 159/75/5 164/80/5 163/81/5
f 159/75/5 163/81/5 155/73/5
f 169/3/3 170/2/3 171/1/3
f 169/3/3 171/1/3 172/4/3
f 172/4/2 171/1/2 173/5/2
f 172/4/2 173/5/2 174/6/2
f 174/6/1 173/5/1 175/7/1
f 174/6/1 175/7/1 176/8/1
f 177/11/4 178/10/4 179/9/4
f 177/11/4 179/9/4 180/12/4
f 177/11/5 180/12/5 172/4/5
f 177/11/5 172/4/5 174/6/5
f 181/14/6 182/13/6 173/5/6
f 181/14/6 173/5/6 171/1/6
f 183/17/3 184/16/3 185/15/3
f 183/17/3 185/15/3 186/18/3
f 187/19/2 183/17/2 186/18/2
f 187/19/2 186/18/2 188/20/2
f 189/21/1 187/19/1 188/20/1
f 189/21/1 188/20/1 190/22/1
f 191/25/4 192/24/4 193/23/4
f 191/25/4 193/23/4 194/26/4
f 186/18/6 195/28/6 196/27/6
f 186/18/6 196/27/6 188/20/6
f 187/19/5 192/24/5 191/25/5
f 187/19/5 191/25/5 183/17/5
f 197/31/3 198/30/3 199/29/3
f 197/31/3 199/29/3 200/32/3
f 200/32/2 199/29/2 201/33/2
f 200/32/2 201/33/2 202/34/2
f 202/34/1 201/33/1 203/35/1
f 202/34/1 203/35/1 204/36/1
f 205/39/4 206/38/4 207/37/4
f 205/39/4 207/37/4 208/40/4
f 205/39/5 208/40/5 200/32/5
f 205/39/5 200/32/5 202/34/5
f 209/42/6 210/41/6 201/33/6
f 209/42/6 201/33/6 199/29/6
f 211/45/3 212/44/3 213/43/3
f 211/45/3 213/43/3 214/46/3
f 215/47/2 211/45/2 214/46/2
f 215/47/2 214/46/2 216/48/2
f 217/49/1 215/47/1 216/48/1
f 217/49/1 216/48/1 218/50/1
f 219/53/4 220/52/4 221/51/4
f 219/53/4 221/51/4 222/54/4
f 214/46/6 223/56/6 224/55/6
f 214/46/6 224/55/6 216/48/6
f 215/47/5 220/52/5 219/53/5
f 215/47/5 219/53/5 211/45/5
f 225/59/3 226/58/3 227/57/3
f 225/59/3 227/57/3 228/60/3
f 228/60/2 227/57/2 229/61/2
f 228/60/2 229/61/2 230/62/2
f 230/62/1 229/61/1 231/63/1
f 230/62/1 231/63/1 232/64/1
f 233/67/4 234/66/4 235/65/4
f 233/67/4 235/65/4 236/68/4
f 233/67/5 236/68/5 228/60/5
f 233/67/5 228/60/5 230/62/5
f 237/70/6 238/69/6 229/61/6
f 237/70/6 229/61/6 227/57/6
f 239/73/3 240/72/3 241/71/3
f 239/73/3 241/71/3 242/74/3
f 243/75/2 239/73/2 242/74/2
f 243/75/2 242/74/2 244/76/2
f 245/77/1 243/75/1 244/76/1
f 245/77/1 244/76/1 246/78/1
f 247/81/4 248/80/4 249/79/4
f 247/81/4 249/79/4 250/82/4
f 242/74/6 251/84/6 252/83/6
f 242/74/6 252/83/6 244/76/6
f 243/75/5 248/80/5 247/81/5
f 243/75/5 247/81/5 239/73/5
f 253/1/3 254/2/3 255/3/3
f 253/1/3 255/3/3 256/4/3
f 257/5/4 253/1/4 256/4/4
f 257/5/4 256/4/4 258/6/4
f 259/7/1 257/5/1 258/6/1
f 259/7/1 258/6/1 260/8/1
f 261/9/2 262/10/2 263/11/2
f 261/9/2 263/11/2 264/12/2
f 256/4/5 264/12/5 263/11/5
f 256/4/5 263/11/5 258/6/5
f 257/5/6 265/13/6 266/14/6
f 257/5/6 266/14/6 253/1/6
f 267/15/3 268/16/3 269/17/3
f 267/15/3 269/17/3 270/18/3
f 270/18/4 269/17/4 271/19/4
f 270/18/4 271/19/4 272/20/4
f 272/20/1 271/19/1 273/21/1
f 272/20/1 273/21/1 274/22/1
f 275/23/2 276/24/2 277/25/2
f 275/23/2 277/25/2 278/26/2
f 279/27/6 280/28/6 270/18/6
f 279/27/6 270/18/6 272/20/6
f 277/25/5 276/24/5 271/19/5
f 277/25/5 271/19/5 269/17/5
f 281/29/3 282/30/3 283/31/3
f 281/29/3 283/31/3 284/32/3
f 285/33/4 281/29/4 284/32/4
f 285/33/4 284/32/4 286/34/4
f 287/35/1 285/33/1 286/34/1
f 287/35/1 286/34/1 288/36/1
f 289/37/2 290/38/2 291/39/2
f 289/37/2 291/39/2 292/40/2
f 284/32/5 292/40/5 291/39/5
f 284/32/5 291/39/5 286/34/5
f 285/33/6 293/41/6 294/42/6
f 285/33/6 294/42/6 281/29/6
f 295/43/3 296/44/3 297/45/3
f 295/43/3 297/45/3 298/46/3
f 298/46/4 297/45/4 299/47/4
f 298/46/4 299/47/4 300/48/4
f 300/48/1 299/47/1 301/49/1
f 300/48/1 301/49/1 302/50/1
f 303/51/2 304/52/2 305/53/2
f 303/51/2 305/53/2 306/54/2
f 307/55/6 308/56/6 298/46/6
f 307/55/6 298/46/6 300/48/6
f 305/53/5 304/52/5 299/47/5
f 305/53/5 299/47/5 297/45/5
f 309/57/3 310/58/3 311/59/3
f 309/57/3 311/59/3 312/60/3
f 313/61/4 309/57/4 312/60/4
f 313/61/4 312/60/4 314/62/4
f 315/63/1 313/61/1 314/62/1
f 315/63/1 314/62/1 316/64/1
f 317/65/2 318/66/2 319/67/2
f 317/65/2 319/67/2 320/68/2
f 312/60/5 320/68/5 319/67/5
f 312/60/5 319/67/5 314/62/5
f 313/61/6 321/69/6 322/70/6
f 313/61/6 322/70/6 309/57/6
f 323/71/3 324/72/3 325/73/3
f 323/71/3 325/73/3 326/74/3
f 326/74/4 325/73/4 327/75/4
f 326/74/4 327/75/4 328/76/4
f 328/76/1 327/75/1 329/77/1
f 328/76/1 329/77/1 330/78/1
f 331/79/2 332/80/2 333/81/2
f 331/79/2 333/81/2 334/82/2
f 335/83/6 336/84/6 326/74/6
f 335/83/6 326/74/6 328/76/6
f 333/81/5 332/80/5 327/75/5
f 333/81/5 327/75/5 325/73/5
f 337/85/7 338/86/7 339/87/7
f 337/85/7 339/87/7 340/88/7
f 341/89/8 342/90/8 343/91/8
f 341/89/8 343/91/8 344/92/8
f 339/87/6 345/93/6 346/94/6
f 339/87/6 346/94/6 340/88/6
f 337/85/5 342/90/5 341/89/5
f 337/85/5 341/89/5 338/86/5
f 347/95/7 348/96/7 349/97/7
f 347/95/7 349/97/7 350/98/7
f 351/99/8 352/100/8 353/101/8
f 351/99/8 353/101/8 354/102/8
f 349/97/9 354/102/9 353/101/9
f 349/97/9 353/101/9 350/98/9
f 347/95/5 355/103/5 356/104/5
f 347/95/5 356/104/5 348/96/5
f 357/105/10 358/106/10 359/107/10
f 358/106/11 360/108/11 359/107/11
f 360/108/12 361/109/12 359/107/12
f 361/109/13 362/110/13 359/107/13
f 362/110/14 363/111/14 359/107/14
f 363/111/14 364/112/14 359/107/14
f 364/112/15 365/113/15 359/107/15
f 365/113/16 357/105/16 359/107/16
f 366/114/17 367/115/17 368/116/17
f 366/114/17 368/116/17 369/117/17
f 370/118/18 368/116/18 367/115/18
f 370/118/18 367/115/18 371/119/18
f 372/120/19 366/114/19 369/117/19
f 372/120/19 369/117/19 373/121/19
f 374/122/20 370/118/20 371/119/20
f 374/122/20 371/119/20 375/123/20
f 376/124/21 374/122/22 375/123/21
f 376/124/21 375/123/21 377/125/22
f 378/126/23 379/127/23 380/128/23
f 378/126/23 380/128/23 381/129/23
f 382/130/24 378/126/25 381/129/25
f 382/130/24 381/129/25 383/131/25
f 373/121/26 382/130/26 383/131/26
f 373/121/26 383/131/26 372/120/26
f 384/132/27 371/119/27 367/115/27
f 384/132/27 367/115/27 385/133/27
f 386/134/28 375/123/28 371/119/28
f 386/134/28 371/119/28 384/132/28
f 387/135/29 377/125/29 375/123/29
f 387/135/29 375/123/29 386/134/29
f 388/136/30 381/129/30 380/128/30
f 388/136/30 380/128/30 389/137/30
f 390/138/31 383/131/31 381/129/31
f 390/138/31 381/129/31 388/136/31
f 391/139/32 372/120/32 383/131/32
f 391/139/32 383/131/32 390/138/32
f 392/140/33 366/114/33 372/120/33
f 392/140/33 372/120/33 391/139/34
f 385/133/35 367/115/35 366/114/35
f 385/133/35 366/114/35 392/140/35
f 393/141/36 394/142/36 395/143/36
f 394/142/37 396/144/37 395/143/37
f 396/144/38 397/145/38 395/143/38
f 397/145/6 398/146/6 395/143/6
f 398/146/6 399/147/6 395/143/6
f 399/147/6 382/130/6 395/143/6
f 382/130/6 373/121/6 395/143/6
f 373/121/6 393/141/6 395/143/6
f 357/105/39 400/148/39 401/149/39
f 357/105/39 401/149/39 402/150/39
f 402/150/31 401/149/31 403/151/31
f 402/150/31 403/151/31 404/152/31
f 404/152/30 403/151/30 405/153/30
f 404/152/30 405/153/30 406/154/30
f 407/155/29 408/156/29 409/157/29
f 407/155/29 409/157/29 410/158/29
f 410/158/28 409/157/28 411/159/28
f 410/158/28 411/159/28 412/160/28
f 412/160/27 411/159/27 413/161/27
f 412/160/27 413/161/27 414/162/27
f 414/162/35 413/161/35 415/163/35
f 414/162/35 415/163/35 365/113/35
f 365/113/33 415/163/33 400/148/33
f 365/113/33 400/148/33 357/105/33
f 416/164/40 417/165/41 418/166/41
f 416/164/40 418/166/41 419/167/41
f 420/168/42 418/166/42 417/165/42
f 420/168/42 417/165/42 421/169/42
f 422/170/43 420/168/43 421/169/43
f 422/170/43 421/169/43 423/171/43
f 424/172/44 422/170/44 423/171/44
f 424/172/44 423/171/44 425/173/44
f 426/174/45 427/175/45 428/176/46
f 426/174/45 428/176/46 429/177/45
f 430/178/47 426/174/47 429/177/47
f 430/178/47 429/177/47 431/179/47
f 432/180/48 430/178/48 431/179/48
f 432/180/48 431/179/48 433/181/48
f 419/167/49 432/180/49 433/181/49
f 419/167/49 433/181/49 416/164/49
f 417/165/50 391/139/50 390/138/50
f 417/165/50 390/138/50 421/169/50
f 421/169/51 390/138/51 388/136/51
f 421/169/51 388/136/51 423/171/51
f 423/171/52 388/136/52 389/137/52
f 423/171/52 389/137/52 425/173/52
f 428/176/53 387/135/53 386/134/54
f 428/176/53 386/134/54 429/177/53
f 429/177/55 386/134/56 384/132/55
f 429/177/55 384/132/55 431/179/56
f 431/179/57 384/132/57 385/133/57
f 431/179/57 385/133/57 433/181/57
f 433/181/58 385/133/58 392/140/58
f 433/181/58 392/140/58 416/164/58
f 416/164/59 392/140/59 391/139/59
f 416/164/59 391/139/59 417/165/59
f 400/148/60 418/166/60 434/182/60
f 400/148/60 434/182/60 401/149/60
f 401/149/61 434/182/61 435/183/61
f 401/149/61 435/183/61 403/151/61
f 403/151/62 435/183/62 436/184/62
f 403/151/62 436/184/62 405/153/62
f 408/156/63 437/185/63 438/186/63
f 408/156/63 438/186/63 409/157/63
f 409/157/64 438/186/64 439/187/64
f 409/157/64 439/187/64 411/159/64
f 411/159/65 439/187/65 440/188/65
f 411/159/65 440/188/65 413/161/65
f 413/161/66 440/188/66 419/167/66
f 413/161/66 419/167/66 415/163/66
f 415/163/67 419/167/67 418/166/67
f 415/163/67 418/166/67 400/148/67
f 441/189/68 442/190/68 443/191/69
f 441/189/68 443/191/69 444/192/68
f 445/193/70 443/191/70 442/190/71
f 445/193/70 442/190/71 446/194/70
f 447/195/19 441/189/19 444/192/19
f 447/195/19 444/192/19 448/196/19
f 449/197/72 445/193/72 446/194/72
f 449/197/72 446/194/72 450/198/72
f 451/199/73 449/197/73 450/198/73
f 451/199/73 450/198/73 452/200/74
f 453/201/75 454/202/75 455/203/75
f 453/201/75 455/203/75 456/204/75
f 457/205/76 453/201/76 456/204/76
f 457/205/76 456/204/76 458/206/76
f 448/196/77 457/205/77 458/206/77
f 448/196/77 458/206/77 447/195/77
f 444/192/6 443/191/6 459/207/6
f 443/191/6 460/208/6 459/207/6
f 460/208/6 461/209/6 459/207/6
f 461/209/78 462/210/78 459/207/78
f 462/210/79 463/211/79 459/207/79
f 463/211/6 464/212/6 459/207/6
f 464/212/6 465/213/6 459/207/6
f 465/213/6 444/192/6 459/207/6
f 466/214/80 467/215/80 468/216/80
f 466/214/80 468/216/80 469/217/80
f 470/218/81 468/216/81 467/215/82
f 470/218/81 467/215/82 471/219/81
f 472/220/83 470/218/83 471/219/83
f 472/220/83 471/219/83 473/221/83
f 474/222/84 472/220/84 473/221/84
f 474/222/84 473/221/84 475/223/84
f 476/224/85 477/225/85 478/226/85
f 476/224/85 478/226/85 479/227/85
f 480/228/86 476/224/86 479/227/86
f 480/228/86 479/227/86 481/229/86
f 482/230/87 480/228/87 481/229/87
f 482/230/87 481/229/87 483/231/87
f 469/217/88 482/230/88 483/231/88
f 469/217/88 483/231/88 466/214/88
f 481/229/27 446/194/27 442/190/27
f 481/229/27 442/190/27 483/231/27
f 479/227/28 450/198/28 446/194/28
f 479/227/28 446/194/28 481/229/28
f 478/226/89 452/200/89 450/198/89
f 478/226/89 450/198/89 479/227/89
f 473/221/30 456/204/30 455/203/30
f 473/221/30 455/203/30 475/223/30
f 471/219/31 458/206/31 456/204/31
f 471/219/31 456/204/31 473/221/31
f 467/215/32 447/195/32 458/206/32
f 467/215/32 458/206/32 471/219/32
f 466/214/33 441/189/33 447/195/33
f 466/214/33 447/195/33 467/215/33
f 483/231/35 442/190/35 441/189/35
f 483/231/35 441/189/35 466/214/35
f 484/232/90 485/233/91 486/234/92
f 485/233/91 487/235/5 486/234/92
f 487/235/5 488/236/90 486/234/92
f 488/236/90 489/237/90 486/234/92
f 489/237/90 490/238/91 486/234/92
f 490/238/91 482/230/5 486/234/92
f 482/230/5 469/217/93 486/234/92
f 469/217/93 484/232/90 486/234/92
f 491/239/5 492/240/5 493/241/5
f 492/240/5 494/242/5 493/241/5
f 494/242/5 495/243/5 493/241/5
f 495/243/5 496/244/5 493/241/5
f 496/244/5 497/245/5 493/241/5
f 497/245/5 498/246/5 493/241/5
f 498/246/5 499/247/5 493/241/5
f 499/247/5 491/239/5 493/241/5
f 500/248/94 501/249/94 502/250/94
f 500/248/94 502/250/94 503/251/94
f 504/252/95 502/250/95 501/249/95
f 504/252/95 501/249/95 505/253/95
f 506/254/96 500/248/96 503/251/96
f 506/254/96 503/251/96 507/255/96
f 508/256/97 506/254/97 507/255/97
f 508/256/97 507/255/97 509/257/97
f 510/258/98 511/259/98 512/260/98
f 510/258/98 512/260/98 513/261/98
f 514/262/99 510/258/99 513/261/99
f 514/262/99 513/261/99 515/263/99
f 516/264/100 514/262/100 515/263/100
f 516/264/100 515/263/100 517/265/100
f 505/253/101 516/264/101 517/265/101
f 505/253/101 517/265/101 504/252/101
f 518/266/102 519/267/102 520/268/102
f 521/269/6 518/266/6 520/268/6
f 522/270/103 521/269/103 520/268/103
f 523/271/6 522/270/6 520/268/6
f 524/272/104 523/271/104 520/268/104
f 525/273/6 524/272/6 520/268/6
f 526/274/6 525/273/6 520/268/6
f 519/267/6 526/274/6 520/268/6
f 527/275/38 503/251/38 502/250/38
f 527/275/38 502/250/38 528/276/38
f 529/277/103 507/255/103 503/251/103
f 529/277/103 503/251/103 527/275/103
f 530/278/103 509/257/103 507/255/103
f 530/278/103 507/255/103 529/277/103
f 531/279/36 513/261/36 512/260/36
f 531/279/36 512/260/36 532/280/36
f 533/281/37 515/263/37 513/261/37
f 533/281/37 513/261/37 531/279/37
f 534/282/36 517/265/36 515/263/36
f 534/282/36 515/263/36 533/281/36
f 535/283/6 504/252/6 517/265/6
f 535/283/6 517/265/6 534/282/6
f 528/276/103 502/250/103 504/252/103
f 528/276/103 504/252/103 535/283/103
f 536/284/105 527/275/105 528/276/105
f 536/284/105 528/276/105 537/285/105
f 538/286/106 529/277/106 527/275/106
f 538/286/106 527/275/106 536/284/106
f 539/287/107 530/278/107 529/277/107
f 539/287/107 529/277/107 538/286/107
f 540/288/108 531/279/108 532/280/108
f 540/288/108 532/280/108 541/289/108
f 542/290/109 533/281/109 531/279/109
f 542/290/109 531/279/109 540/288/109
f 543/291/110 534/282/110 533/281/110
f 543/291/110 533/281/110 542/290/110
f 544/292/111 535/283/111 534/282/111
f 544/292/111 534/282/111 543/291/111
f 537/285/112 528/276/112 535/283/112
f 537/285/112 535/283/112 544/292/112
f 545/293/32 536/284/32 537/285/32
f 545/293/32 537/285/32 546/294/32
f 521/269/31 538/286/31 536/284/31
f 521/269/31 536/284/31 545/293/31
f 522/270/30 539/287/30 538/286/30
f 522/270/30 538/286/30 521/269/30
f 547/295/113 540/288/113 541/289/113
f 547/295/113 541/289/113 548/296/113
f 549/297/114 542/290/114 540/288/114
f 549/297/114 540/288/114 547/295/114
f 550/298/115 543/291/115 542/290/115
f 550/298/115 542/290/115 549/297/115
f 551/299/116 544/292/116 543/291/116
f 551/299/116 543/291/116 550/298/116
f 546/294/33 537/285/33 544/292/33
f 546/294/33 544/292/33 551/299/33
f 552/300/117 553/301/117 554/302/117
f 552/300/117 554/302/117 555/303/117
f 556/304/118 554/302/118 553/301/118
f 556/304/118 553/301/118 557/305/118
f 558/306/28 556/304/28 557/305/28
f 558/306/28 557/305/28 559/307/28
f 560/308/113 558/306/113 559/307/113
f 560/308/113 559/307/113 561/309/113
f 562/310/119 563/311/119 564/312/119
f 562/310/119 564/312/119 565/313/119
f 566/314/31 562/310/31 565/313/31
f 566/314/31 565/313/31 567/315/31
f 568/316/39 566/314/39 567/315/39
f 568/316/39 567/315/39 569/317/39
f 555/303/33 568/316/33 569/317/33
f 555/303/33 569/317/33 552/300/33
f 570/318/32 501/249/32 500/248/32
f 570/318/32 500/248/32 571/319/32
f 571/319/31 500/248/31 506/254/31
f 571/319/31 506/254/31 572/320/31
f 572/320/119 506/254/119 508/256/119
f 572/320/119 508/256/119 573/321/119
f 574/322/29 511/259/113 510/258/113
f 574/322/29 510/258/113 575/323/113
f 575/323/120 510/258/120 514/262/120
f 575/323/120 514/262/120 576/324/120
f 576/324/118 514/262/118 516/264/118
f 576/324/118 516/264/118 577/325/118
f 577/325/117 516/264/117 505/253/117
f 577/325/117 505/253/117 578/326/117
f 578/326/33 505/253/33 501/249/33
f 578/326/33 501/249/33 570/318/33
f 579/327/118 580/328/118 581/329/118
f 579/327/118 581/329/118 498/246/118
f 582/330/120 583/331/120 580/328/120
f 582/330/120 580/328/120 579/327/120
f 584/332/29 585/333/29 583/331/29
f 584/332/29 583/331/29 582/330/29
f 586/334/119 587/335/119 588/336/119
f 586/334/119 588/336/119 589/337/119
f 590/338/31 591/339/31 587/335/31
f 590/338/31 587/335/31 586/334/31
f 592/340/32 593/341/32 591/339/32
f 592/340/32 591/339/32 590/338/32
f 499/247/33 594/342/33 593/341/33
f 499/247/33 593/341/33 592/340/33
f 498/246/117 581/329/117 594/342/117
f 498/246/117 594/342/117 499/247/117
f 554/302/121 577/325/121 578/326/121
f 554/302/121 578/326/121 555/303/121
f 552/300/122 594/342/123 581/329/123
f 552/300/122 581/329/123 553/301/123
f 553/301/124 581/329/124 580/328/124
f 553/301/124 580/328/124 557/305/124
f 556/304/125 576/324/125 577/325/125
f 556/304/125 577/325/125 554/302/125
f 557/305/126 580/328/126 583/331/126
f 557/305/126 583/331/126 559/307/126
f 558/306/127 575/323/127 576/324/127
f 558/306/127 576/324/127 556/304/127
f 559/307/128 583/331/128 585/333/128
f 559/307/128 585/333/128 561/309/128
f 560/308/129 574/322/129 575/323/129
f 560/308/129 575/323/129 558/306/129
f 564/312/130 588/336/130 587/335/130
f 564/312/130 587/335/130 565/313/130
f 562/310/131 572/320/131 573/321/131
f 562/310/131 573/321/131 563/311/131
f 565/313/132 587/335/132 591/339/132
f 565/313/132 591/339/132 567/315/132
f 566/314/133 571/319/133 572/320/133
f 566/314/133 572/320/133 562/310/133
f 567/315/134 591/339/134 593/341/134
f 567/315/134 593/341/134 569/317/134
f 568/316/135 570/318/135 571/319/135
f 568/316/135 571/319/135 566/314/135
f 569/317/136 593/341/136 594/342/136
f 569/317/136 594/342/136 552/300/136
f 555/303/137 578/326/137 570/318/137
f 555/303/137 570/318/137 568/316/137
f 595/343/138 596/344/138 597/345/138
f 595/343/138 597/345/138 598/346/138
f 599/347/139 597/345/139 596/344/139
f 599/347/139 596/344/139 600/348/139
f 601/349/140 602/350/141 603/351/140
f 601/349/140 603/351/140 604/352/141
f 605/353/142 601/349/142 604/352/142
f 605/353/142 604/352/142 606/354/142
f 607/355/143 605/353/143 606/354/143
f 607/355/143 606/354/143 608/356/143
f 609/357/144 607/355/144 608/356/144
f 609/357/144 608/356/144 610/358/144
f 611/359/145 609/357/146 610/358/145
f 611/359/145 610/358/145 612/360/145
f 598/346/147 611/359/147 612/360/147
f 598/346/147 612/360/147 595/343/147
f 613/361/148 614/362/148 615/363/148
f 613/361/148 615/363/148 616/364/148
f 617/365/149 615/363/149 614/362/149
f 617/365/149 614/362/149 618/366/149
f 619/367/150 620/368/151 621/369/150
f 619/367/150 621/369/150 622/370/151
f 623/371/152 619/367/152 622/370/152
f 623/371/152 622/370/152 624/372/152
f 625/373/153 623/371/153 624/372/153
f 625/373/153 624/372/153 626/374/153
f 627/375/154 625/373/154 626/374/154
f 627/375/154 626/374/154 628/376/154
f 629/377/155 627/375/155 628/376/156
f 629/377/155 628/376/156 630/378/157
f 616/364/158 629/377/158 630/378/158
f 616/364/158 630/378/158 613/361/158
f 618/366/4 614/362/4 631/379/4
f 632/380/4 633/381/4 631/379/4
f 634/382/4 632/380/4 631/379/4
f 635/383/4 634/382/4 631/379/4
f 636/384/4 635/383/4 631/379/4
f 637/385/4 636/384/4 631/379/4
f 638/386/4 637/385/4 631/379/4
f 614/362/4 638/386/4 631/379/4
f 596/344/159 615/363/159 617/365/159
f 596/344/159 617/365/159 600/348/159
f 603/351/160 620/368/160 619/367/160
f 603/351/160 619/367/160 604/352/160
f 604/352/161 619/367/161 623/371/161
f 604/352/161 623/371/161 606/354/161
f 606/354/162 623/371/162 625/373/162
f 606/354/162 625/373/162 608/356/162
f 608/356/163 625/373/163 627/375/163
f 608/356/163 627/375/163 610/358/163
f 610/358/164 627/375/164 629/377/164
f 610/358/164 629/377/164 612/360/164
f 612/360/165 629/377/165 616/364/165
f 612/360/165 616/364/165 595/343/165
f 595/343/166 616/364/166 615/363/166
f 595/343/166 615/363/166 596/344/166
f 639/387/167 640/388/167 641/389/167
f 639/387/167 641/389/167 642/390/167
f 643/391/168 641/389/168 640/388/168
f 643/391/168 640/388/168 644/392/168
f 645/393/169 639/387/169 642/390/169
f 645/393/169 642/390/169 646/394/169
f 647/395/170 643/391/170 644/392/170
f 647/395/170 644/392/170 648/396/170
f 649/397/171 647/395/171 648/396/171
f 649/397/171 648/396/171 650/398/171
f 651/399/172 649/397/172 650/398/172
f 651/399/172 650/398/172 652/400/172
f 653/401/173 651/399/173 652/400/173
f 653/401/173 652/400/173 654/402/173
f 655/403/174 653/401/174 654/402/175
f 655/403/174 654/402/175 656/404/174
f 657/405/176 644/392/176 640/388/176
f 657/405/176 640/388/176 658/406/176
f 659/407/164 648/396/164 644/392/164
f 659/407/164 644/392/164 657/405/164
f 660/408/177 650/398/177 648/396/177
f 660/408/177 648/396/177 659/407/177
f 661/409/178 652/400/178 650/398/178
f 661/409/178 650/398/178 660/408/178
f 662/410/179 654/402/179 652/400/179
f 662/410/179 652/400/179 661/409/179
f 663/411/180 656/404/180 654/402/180
f 663/411/180 654/402/180 662/410/180
f 664/412/181 639/387/181 645/393/181
f 664/412/181 645/393/181 665/413/181
f 658/406/182 640/388/182 639/387/182
f 658/406/182 639/387/182 664/412/182
f 666/414/180 667/415/180 668/416/180
f 666/414/180 668/416/180 669/417/180
f 669/417/183 668/416/183 670/418/183
f 669/417/183 670/418/183 671/419/183
f 671/419/166 670/418/166 672/420/166
f 671/419/166 672/420/166 673/421/166
f 673/421/184 672/420/184 674/422/184
f 673/421/184 674/422/184 675/423/184
f 675/423/185 674/422/185 676/424/185
f 675/423/185 676/424/185 677/425/185
f 677/425/176 676/424/176 678/426/176
f 677/425/176 678/426/176 679/427/176
f 679/427/186 678/426/186 680/428/186
f 679/427/186 680/428/186 681/429/186
f 681/429/187 680/428/187 682/430/187
f 681/429/187 682/430/187 683/431/187
f 684/432/188 685/433/188 686/434/188
f 684/432/188 686/434/188 687/435/188
f 688/436/189 689/437/189 690/438/189
f 688/436/189 690/438/189 691/439/189
f 692/440/190 688/436/190 691/439/190
f 692/440/190 691/439/190 693/441/190
f 694/442/191 692/440/191 693/441/191
f 694/442/191 693/441/191 695/443/191
f 696/444/192 694/442/192 695/443/192
f 696/444/192 695/443/192 697/445/192
f 698/446/193 696/444/193 697/445/193
f 698/446/193 697/445/193 699/447/193
f 700/448/194 698/446/194 699/447/194
f 700/448/194 699/447/194 701/449/194
f 687/435/195 700/448/196 701/449/195
f 687/435/195 701/449/195 684/432/195
f 690/438/197 663/411/197 662/410/197
f 690/438/197 662/410/197 691/439/197
f 691/439/198 662/410/198 661/409/198
f 691/439/198 661/409/198 693/441/198
f 693/441/199 661/409/199 660/408/199
f 693/441/199 660/408/199 695/443/199
f 695/443/200 660/408/200 659/407/200
f 695/443/200 659/407/200 697/445/200
f 697/445/201 659/407/201 657/405/201
f 697/445/201 657/405/201 699/447/201
f 699/447/202 657/405/202 658/406/202
f 699/447/202 658/406/202 701/449/202
f 701/449/203 658/406/203 664/412/203
f 701/449/203 664/412/203 684/432/204
f 684/432/205 664/412/205 665/413/205
f 684/432/205 665/413/205 685/433/205
f 667/415/206 689/437/206 688/436/206
f 667/415/206 688/436/206 668/416/206
f 668/416/207 688/436/208 692/440/207
f 668/416/207 692/440/207 670/418/208
f 670/418/209 692/440/209 694/442/209
f 670/418/209 694/442/209 672/420/209
f 672/420/210 694/442/210 696/444/210
f 672/420/210 696/444/210 674/422/210
f 674/422/211 696/444/211 698/446/211
f 674/422/211 698/446/211 676/424/211
f 676/424/212 698/446/212 700/448/213
f 676/424/212 700/448/213 678/426/213
f 678/426/214 700/448/214 687/435/214
f 678/426/214 687/435/214 680/428/214
f 680/428/215 687/435/215 686/434/215
f 680/428/215 686/434/215 682/430/215
f 702/450/216 642/390/217 641/389/217
f 702/450/216 641/389/217 703/451/217
f 703/451/218 641/389/218 643/391/219
f 703/451/218 643/391/219 704/452/218
f 704/452/220 643/391/220 647/395/220
f 704/452/220 647/395/220 705/453/220
f 705/453/221 647/395/221 649/397/221
f 705/453/221 649/397/221 706/454/221
f 706/454/222 649/397/222 651/399/222
f 706/454/222 651/399/222 707/455/222
f 707/455/223 651/399/223 653/401/223
f 707/455/223 653/401/223 708/456/223
f 708/456/224 653/401/224 655/403/224
f 708/456/224 655/403/224 709/457/224
f 710/458/225 646/394/225 642/390/225
f 710/458/225 642/390/225 702/450/225
f 711/459/226 702/450/226 703/451/226
f 711/459/226 703/451/226 712/460/226
f 712/460/227 703/451/227 704/452/227
f 712/460/227 704/452/227 713/461/227
f 713/461/228 704/452/228 705/453/228
f 713/461/228 705/453/228 714/462/228
f 714/462/229 705/453/229 706/454/229
f 714/462/229 706/454/229 715/463/229
f 715/463/230 706/454/230 707/455/230
f 715/463/230 707/455/230 716/464/230
f 716/464/179 707/455/179 708/456/179
f 716/464/179 708/456/179 717/465/179
f 717/465/160 708/456/160 709/457/160
f 717/465/160 709/457/160 718/466/160
f 719/467/231 710/458/231 702/450/231
f 719/467/231 702/450/231 711/459/231
f 720/468/232 711/459/233 712/460/233
f 720/468/232 712/460/233 721/469/232
f 721/469/234 712/460/235 713/461/235
f 721/469/234 713/461/235 722/470/234
f 722/470/236 713/461/237 714/462/237
f 722/470/236 714/462/237 723/471/238
f 723/471/239 714/462/240 715/463/240
f 723/471/239 715/463/240 724/472/239
f 724/472/241 715/463/242 716/464/242
f 724/472/241 716/464/242 725/473/241
f 725/473/243 716/464/244 717/465/244
f 725/473/243 717/465/244 726/474/245
f 726/474/246 717/465/247 718/466/247
f 726/474/246 718/466/247 727/475/248
f 728/476/249 719/467/250 711/459/250
f 728/476/249 711/459/250 720/468/249
f 729/477/251 730/478/251 731/479/251
f 729/477/251 731/479/251 732/480/251
f 733/481/252 731/479/252 730/478/252
f 733/481/252 730/478/252 734/482/252
f 735/483/253 733/481/253 734/482/253
f 735/483/253 734/482/253 736/484/254
f 737/485/255 729/477/255 732/480/255
f 737/485/255 732/480/255 738/486/255
f 739/487/256 737/485/256 738/486/256
f 739/487/256 738/486/256 740/488/256
f 741/489/257 739/487/257 740/488/257
f 741/489/257 740/488/257 742/490/257
f 743/491/258 741/489/258 742/490/258
f 743/491/258 742/490/258 744/492/258
f 745/493/259 743/491/259 744/492/259
f 745/493/259 744/492/259 746/494/259
f 734/482/2 747/495/2 748/496/2
f 747/495/2 749/497/2 748/496/2
f 749/497/2 750/498/260 748/496/2
f 750/498/260 751/499/2 748/496/2
f 751/499/2 752/500/261 748/496/2
f 752/500/261 753/501/2 748/496/2
f 753/501/2 736/484/2 748/496/2
f 736/484/2 734/482/2 748/496/2
f 754/502/262 720/468/232 721/469/232
f 754/502/262 721/469/232 755/503/263
f 755/503/264 721/469/234 722/470/234
f 755/503/264 722/470/234 756/504/264
f 756/504/265 722/470/236 723/471/238
f 756/504/265 723/471/238 757/505/265
f 757/505/266 723/471/239 724/472/239
f 757/505/266 724/472/239 758/506/266
f 758/506/267 724/472/241 725/473/241
f 758/506/267 725/473/241 759/507/268
f 759/507/269 725/473/243 726/474/245
f 759/507/269 726/474/245 760/508/269
f 760/508/270 726/474/246 727/475/248
f 760/508/270 727/475/248 761/509/270
f 762/510/271 728/476/249 720/468/249
f 762/510/271 720/468/249 754/502/271
f 740/488/267 758/506/267 759/507/268
f 740/488/267 759/507/268 742/490/267
f 738/486/272 757/505/266 758/506/266
f 738/486/272 758/506/266 740/488/272
f 732/480/265 756/504/265 757/505/265
f 732/480/265 757/505/265 738/486/265
f 731/479/273 755/503/264 756/504/264
f 731/479/273 756/504/264 732/480/273
f 733/481/274 754/502/262 755/503/263
f 733/481/274 755/503/263 731/479/275
f 735/483/276 762/510/271 754/502/271
f 735/483/276 754/502/271 733/481/276
f 744/492/277 760/508/270 761/509/270
f 744/492/277 761/509/270 746/494/277
f 742/490/269 759/507/269 760/508/269
f 742/490/269 760/508/269 744/492/269
f 763/511/278 764/512/278 765/513/278
f 763/511/278 765/513/278 766/514/278
f 767/515/279 765/513/279 764/512/279
f 767/515/279 764/512/279 768/516/279
f 769/517/280 763/511/280 766/514/280
f 769/517/280 766/514/280 770/518/280
f 771/519/281 767/515/281 768/516/281
f 771/519/281 768/516/281 772/520/282
f 773/521/283 771/519/283 772/520/283
f 773/521/283 772/520/283 774/522/283
f 775/523/23 776/524/23 777/525/23
f 775/523/23 777/525/23 778/526/23
f 779/527/284 775/523/284 778/526/284
f 779/527/284 778/526/284 780/528/284
f 770/518/285 779/527/286 780/528/285
f 770/518/285 780/528/285 769/517/285
f 781/529/27 768/516/27 764/512/27
f 781/529/27 764/512/27 782/530/27
f 783/531/28 772/520/28 768/516/28
f 783/531/28 768/516/28 781/529/28
f 784/532/29 774/522/29 772/520/29
f 784/532/29 772/520/29 783/531/29
f 785/533/30 778/526/30 777/525/30
f 785/533/30 777/525/30 786/534/30
f 787/535/31 780/528/31 778/526/31
f 787/535/31 778/526/31 785/533/31
f 788/536/32 769/517/32 780/528/32
f 788/536/32 780/528/32 787/535/32
f 789/537/34 763/511/34 769/517/34
f 789/537/34 769/517/34 788/536/34
f 782/530/35 764/512/35 763/511/35
f 782/530/35 763/511/35 789/537/35
f 790/538/287 791/539/287 792/540/287
f 791/539/288 793/541/288 792/540/288
f 793/541/6 794/542/6 792/540/6
f 794/542/6 795/543/6 792/540/6
f 795/543/103 796/544/103 792/540/103
f 796/544/289 779/527/289 792/540/289
f 779/527/290 770/518/290 792/540/290
f 770/518/291 790/538/291 792/540/291
f 797/545/39 798/546/39 799/547/39
f 797/545/39 799/547/39 800/548/39
f 800/548/31 799/547/31 801/549/31
f 800/548/31 801/549/31 802/550/31
f 802/550/30 801/549/30 803/551/30
f 802/550/30 803/551/30 804/552/30
f 805/553/113 806/554/113 807/555/113
f 805/553/113 807/555/113 808/556/113
f 808/556/28 807/555/28 809/557/28
f 808/556/28 809/557/28 810/558/28
f 810/558/27 809/557/27 811/559/27
f 810/558/27 811/559/27 812/560/27
f 812/560/35 811/559/35 813/561/35
f 812/560/35 813/561/35 814/562/35
f 814/562/34 813/561/34 798/546/34
f 814/562/34 798/546/34 797/545/34
f 815/563/292 816/564/292 817/565/292
f 815/563/292 817/565/292 818/566/292
f 819/567/293 817/565/293 816/564/293
f 819/567/293 816/564/293 820/568/293
f 821/569/294 819/567/294 820/568/294
f 821/569/294 820/568/294 822/570/294
f 823/571/295 821/569/295 822/570/295
f 823/571/295 822/570/295 824/572/295
f 825/573/296 826/574/296 827/575/296
f 825/573/296 827/575/296 828/576/296
f 829/577/297 825/573/297 828/576/297
f 829/577/297 828/576/297 830/578/297
f 831/579/298 829/577/298 830/578/298
f 831/579/298 830/578/298 832/580/298
f 818/566/299 831/579/299 832/580/299
f 818/566/299 832/580/299 815/563/299
f 816/564/50 788/536/50 787/535/50
f 816/564/50 787/535/50 820/568/50
f 820/568/51 787/535/51 785/533/51
f 820/568/51 785/533/51 822/570/51
f 822/570/52 785/533/52 786/534/52
f 822/570/52 786/534/52 824/572/52
f 827/575/53 784/532/53 783/531/53
f 827/575/53 783/531/53 828/576/53
f 828/576/56 783/531/56 781/529/56
f 828/576/56 781/529/56 830/578/56
f 830/578/57 781/529/57 782/530/57
f 830/578/57 782/530/57 832/580/57
f 832/580/58 782/530/58 789/537/58
f 832/580/58 789/537/58 815/563/58
f 815/563/300 789/537/300 788/536/300
f 815/563/300 788/536/300 816/564/300
f 798/546/60 817/565/60 819/567/60
f 798/546/60 819/567/60 799/547/60
f 799/547/301 819/567/301 821/569/301
f 799/547/301 821/569/301 801/549/301
f 801/549/302 821/569/302 823/571/302
f 801/549/302 823/571/302 803/551/302
f 806/554/303 826/574/303 825/573/303
f 806/554/303 825/573/303 807/555/303
f 807/555/304 825/573/304 829/577/304
f 807/555/304 829/577/304 809/557/304
f 809/557/305 829/577/305 831/579/305
f 809/557/305 831/579/305 811/559/305
f 811/559/306 831/579/306 818/566/306
f 811/559/306 818/566/306 813/561/306
f 813/561/307 818/566/307 817/565/307
f 813/561/307 817/565/307 798/546/307
f 833/581/308 834/582/308 835/583/308
f 833/581/308 835/583/308 836/584/308
f 837/585/309 838/586/309 839/587/309
f 837/585/309 839/587/309 840/588/309
f 840/588/310 839/587/310 841/589/310
f 840/588/310 841/589/310 842/590/310
f 842/590/311 841/589/311 843/591/311
f 842/590/311 843/591/311 844/592/311
f 844/592/312 843/591/312 845/593/312
f 844/592/312 845/593/312 846/594/312
f 846/594/313 845/593/313 847/595/313
f 846/594/313 847/595/313 848/596/313
f 848/596/314 847/595/314 834/582/314
f 848/596/314 834/582/314 833/581/314
f 849/597/315 833/581/315 836/584/315
f 849/597/315 836/584/315 850/598/315
f 851/599/316 837/585/316 840/588/316
f 851/599/316 840/588/316 852/600/316
f 852/600/5 840/588/5 842/590/5
f 852/600/5 842/590/5 853/601/5
f 853/601/317 842/590/317 844/592/317
f 853/601/317 844/592/317 854/602/317
f 854/602/318 844/592/318 846/594/318
f 854/602/318 846/594/318 855/603/318
f 855/603/319 846/594/319 848/596/319
f 855/603/319 848/596/319 856/604/319
f 856/604/320 848/596/320 833/581/320
f 856/604/320 833/581/320 849/597/320
f 857/605/321 849/597/321 850/598/321
f 857/605/321 850/598/321 858/606/321
f 859/607/322 851/599/322 852/600/322
f 859/607/322 852/600/322 860/608/322
f 860/608/323 852/600/323 853/601/323
f 860/608/323 853/601/323 861/609/323
f 861/609/324 853/601/324 854/602/324
f 861/609/324 854/602/324 862/610/324
f 862/610/325 854/602/325 855/603/325
f 862/610/325 855/603/325 863/611/325
f 863/611/326 855/603/326 856/604/326
f 863/611/326 856/604/326 864/612/326
f 864/612/327 856/604/327 849/597/327
f 864/612/327 849/597/327 857/605/327
f 835/583/328 834/582/328 865/613/328
f 839/587/329 838/586/329 866/614/329
f 841/589/330 839/587/330 867/615/330
f 843/591/331 841/589/331 868/616/331
f 845/593/332 843/591/332 869/617/332
f 847/595/333 845/593/333 870/618/333
f 834/582/334 847/595/334 871/619/334
f 857/605/335 858/606/335 872/620/335
f 859/607/336 860/608/336 873/621/336
f 860/608/337 861/609/337 874/622/337
f 861/609/338 862/610/338 875/623/338
f 862/610/339 863/611/339 876/624/339
f 863/611/340 864/612/340 877/625/340
f 864/612/341 857/605/341 878/626/341
f 879/627/118 880/628/118 881/629/118
f 879/627/118 881/629/118 882/630/118
f 883/631/120 884/632/120 880/628/120
f 883/631/120 880/628/120 879/627/120
f 885/633/113 886/634/113 884/632/113
f 885/633/113 884/632/113 883/631/113
f 887/635/119 888/636/119 889/637/119
f 887/635/119 889/637/119 890/638/119
f 891/639/342 892/640/342 888/636/342
f 891/639/342 888/636/342 887/635/342
f 893/641/39 894/642/32 892/640/39
f 893/641/39 892/640/39 891/639/39
f 895/643/33 896/644/33 894/642/33
f 895/643/33 894/642/33 893/641/33
f 882/630/35 881/629/35 896/644/35
f 882/630/35 896/644/35 895/643/35
f 897/645/118 898/646/118 899/647/118
f 897/645/118 899/647/118 900/648/118
f 901/649/120 902/650/120 898/646/120
f 901/649/120 898/646/120 897/645/120
f 903/651/113 904/652/113 902/650/113
f 903/651/113 902/650/113 901/649/113
f 905/653/119 906/654/119 907/655/119
f 905/653/119 907/655/119 908/656/119
f 909/657/31 910/658/31 906/654/31
f 909/657/31 906/654/31 905/653/31
f 911/659/32 912/660/32 910/658/32
f 911/659/32 910/658/32 909/657/32
f 913/661/33 914/662/33 912/660/33
f 913/661/33 912/660/33 911/659/33
f 900/648/117 899/647/117 914/662/117
f 900/648/117 914/662/117 913/661/117
f 898/646/343 879/627/343 882/630/344
f 898/646/343 882/630/344 899/647/345
f 902/650/346 883/631/346 879/627/343
f 902/650/346 879/627/343 898/646/343
f 904/652/347 885/633/347 883/631/346
f 904/652/347 883/631/346 902/650/346
f 906/654/348 887/635/349 890/638/347
f 906/654/348 890/638/347 907/655/347
f 910/658/350 891/639/350 887/635/349
f 910/658/350 887/635/349 906/654/348
f 912/660/351 893/641/352 891/639/350
f 912/660/351 891/639/350 910/658/350
f 914/662/353 895/643/353 893/641/352
f 914/662/353 893/641/352 912/660/351
f 899/647/345 882/630/344 895/643/353
f 899/647/345 895/643/353 914/662/353
f 915/663/354 916/664/354 917/665/354
f 915/663/354 917/665/354 918/666/354
f 919/667/355 920/668/355 921/669/355
f 919/667/355 921/669/355 922/670/355
f 922/670/310 921/669/310 923/671/310
f 922/670/310 923/671/310 924/672/310
f 924/672/356 923/671/357 925/673/357
f 924/672/356 925/673/357 926/674/356
f 926/674/358 925/673/358 927/675/358
f 926/674/358 927/675/358 928/676/358
f 928/676/359 927/675/360 929/677/359
f 928/676/359 929/677/359 930/678/359
f 930/678/361 929/677/361 916/664/361
f 930/678/361 916/664/361 915/663/361
f 931/679/315 915/663/315 918/666/315
f 931/679/315 918/666/315 932/680/315
f 933/681/362 919/667/362 922/670/362
f 933/681/362 922/670/362 934/682/362
f 934/682/5 922/670/5 924/672/5
f 934/682/5 924/672/5 935/683/5
f 935/683/317 924/672/317 926/674/317
f 935/683/317 926/674/317 936/684/317
f 936/684/318 926/674/318 928/676/318
f 936/684/318 928/676/318 937/685/318
f 937/685/319 928/676/319 930/678/319
f 937/685/319 930/678/319 938/686/319
f 938/686/320 930/678/320 915/663/320
f 938/686/320 915/663/320 931/679/320
f 939/687/321 931/679/321 932/680/321
f 939/687/321 932/680/321 940/688/321
f 941/689/363 933/681/363 934/682/364
f 941/689/363 934/682/364 942/690/363
f 942/690/365 934/682/365 935/683/365
f 942/690/365 935/683/365 943/691/365
f 943/691/366 935/683/367 936/684/367
f 943/691/366 936/684/367 944/692/366
f 944/692/325 936/684/325 937/685/325
f 944/692/325 937/685/325 945/693/325
f 945/693/368 937/685/368 938/686/368
f 945/693/368 938/686/368 946/694/368
f 946/694/369 938/686/369 931/679/369
f 946/694/369 931/679/369 939/687/369
f 917/665/370 916/664/370 947/695/370
f 921/669/371 920/668/371 948/696/371
f 923/671/330 921/669/330 949/697/330
f 925/673/372 923/671/331 950/698/331
f 927/675/373 925/673/373 951/699/373
f 929/677/333 927/675/333 952/700/333
f 916/664/334 929/677/334 953/701/334
f 939/687/374 940/688/374 954/702/374
f 941/689/375 942/690/375 955/703/375
f 942/690/337 943/691/337 956/704/337
f 943/691/376 944/692/338 957/705/376
f 944/692/377 945/693/377 958/706/377
f 945/693/378 946/694/378 959/707/378
f 946/694/341 939/687/341 960/708/341
f 961/709/3 962/710/3 963/711/3
f 962/710/3 964/712/3 963/711/3
f 964/712/3 965/713/3 963/711/3
f 965/713/3 966/714/3 963/711/3
f 966/714/3 967/715/3 963/711/3
f 967/715/3 968/716/3 963/711/3
f 968/716/3 969/717/3 963/711/3
f 969/717/3 961/709/3 963/711/3
f 970/718/379 971/719/379 972/720/379
f 970/718/379 972/720/379 973/721/379
f 974/722/380 972/720/380 971/719/380
f 974/722/380 971/719/380 975/723/381
f 976/724/382 970/718/382 973/721/382
f 976/724/382 973/721/382 977/725/382
f 978/726/383 974/722/383 975/723/383
f 978/726/383 975/723/383 979/727/383
f 980/728/384 976/724/384 977/725/384
f 980/728/384 977/725/384 981/729/384
f 982/730/385 983/731/385 984/732/385
f 982/730/385 984/732/385 985/733/385
f 986/734/386 982/730/386 985/733/386
f 986/734/386 985/733/386 987/735/386
f 979/727/387 986/734/387 987/735/387
f 979/727/387 987/735/387 978/726/387
f 988/736/388 971/719/388 970/718/388
f 988/736/388 970/718/388 989/737/388
f 989/737/389 970/718/389 976/724/389
f 989/737/389 976/724/389 990/738/389
f 990/738/390 976/724/390 980/728/390
f 990/738/390 980/728/390 991/739/390
f 992/740/391 983/731/391 982/730/391
f 992/740/391 982/730/391 993/741/391
f 993/741/392 982/730/392 986/734/392
f 993/741/392 986/734/392 994/742/392
f 994/742/393 986/734/393 979/727/393
f 994/742/393 979/727/393 995/743/393
f 995/743/394 979/727/394 975/723/394
f 995/743/394 975/723/394 996/744/394
f 996/744/395 975/723/395 971/719/395
f 996/744/395 971/719/395 988/736/395
f 997/745/396 998/746/397 999/747/1
f 998/746/397 974/722/398 999/747/1
f 1000/748/399 997/745/396 999/747/1
f 1001/749/400 1000/748/399 999/747/1
f 1002/750/401 1001/749/400 999/747/1
f 1003/751/402 1002/750/401 999/747/1
f 978/726/403 1003/751/402 999/747/1
f 974/722/398 978/726/403 999/747/1
f 1004/752/3 988/736/3 989/737/3
f 1004/752/3 989/737/3 1005/753/3
f 1005/753/3 989/737/3 990/738/3
f 1005/753/3 990/738/3 1006/754/3
f 1006/754/3 990/738/3 991/739/3
f 1006/754/3 991/739/3 1007/755/3
f 1008/756/3 992/740/3 993/741/3
f 1008/756/3 993/741/3 1009/757/3
f 1009/757/3 993/741/3 994/742/3
f 1009/757/3 994/742/3 1010/758/3
f 1010/758/3 994/742/3 995/743/3
f 1010/758/3 995/743/3 1011/759/3
f 1011/759/3 995/743/3 996/744/3
f 1011/759/3 996/744/3 1012/760/3
f 1012/760/3 996/744/3 988/736/3
f 1012/760/3 988/736/3 1004/752/3
f 1013/761/404 1004/752/404 1005/753/404
f 1013/761/404 1005/753/404 1014/762/404
f 1014/762/405 1005/753/405 1006/754/405
f 1014/762/405 1006/754/405 1015/763/405
f 1015/763/390 1006/754/390 1007/755/390
f 1015/763/390 1007/755/390 1016/764/390
f 1017/765/391 1008/756/391 1009/757/391
f 1017/765/391 1009/757/391 1018/766/391
f 1018/766/406 1009/757/406 1010/758/406
f 1018/766/406 1010/758/406 967/715/406
f 967/715/407 1010/758/407 1011/759/407
f 967/715/407 1011/759/407 968/716/407
f 968/716/408 1011/759/408 1012/760/408
f 968/716/408 1012/760/408 1019/767/408
f 1019/767/409 1012/760/409 1004/752/409
f 1019/767/409 1004/752/409 1013/761/409
f 1020/768/1 1021/769/1 1022/770/1
f 1021/769/1 1023/771/1 1022/770/1
f 1023/771/1 1024/772/1 1022/770/1
f 1024/772/1 1025/773/1 1022/770/1
f 1025/773/1 1026/774/1 1022/770/1
f 1026/774/1 1027/775/1 1022/770/1
f 1027/775/1 1028/776/1 1022/770/1
f 1028/776/1 1020/768/1 1022/770/1
f 1029/777/410 1030/778/410 1031/779/410
f 1029/777/410 1031/779/410 1032/780/410
f 1033/781/411 1031/779/411 1030/778/411
f 1033/781/411 1030/778/411 1034/782/411
f 1035/783/412 1029/777/412 1032/780/412
f 1035/783/412 1032/780/412 1036/784/412
f 1037/785/413 1033/781/413 1034/782/413
f 1037/785/413 1034/782/413 1038/786/413
f 1039/787/414 1035/783/414 1036/784/414
f 1039/787/414 1036/784/414 1040/788/414
f 1041/789/415 1042/790/415 1043/791/415
f 1041/789/415 1043/791/415 1044/792/415
f 1045/793/416 1041/789/416 1044/792/416
f 1045/793/416 1044/792/416 1046/794/416
f 1038/786/417 1045/793/417 1046/794/417
f 1038/786/417 1046/794/417 1037/785/417
f 1047/795/418 1030/778/418 1029/777/418
f 1047/795/418 1029/777/418 1048/796/418
f 1048/796/406 1029/777/406 1035/783/406
f 1048/796/406 1035/783/406 1049/797/406
f 1049/797/419 1035/783/419 1039/787/419
f 1049/797/419 1039/787/419 1050/798/419
f 1024/772/420 1042/790/420 1041/789/420
f 1024/772/420 1041/789/420 1025/773/420
f 1025/773/421 1041/789/421 1045/793/421
f 1025/773/421 1045/793/421 1051/799/421
f 1051/799/422 1045/793/422 1038/786/422
f 1051/799/422 1038/786/422 1052/800/422
f 1052/800/395 1038/786/395 1034/782/395
f 1052/800/395 1034/782/395 1053/801/395
f 1053/801/408 1034/782/408 1030/778/408
f 1053/801/408 1030/778/408 1047/795/408
f 1054/802/423 1031/779/424 1055/803/3
f 1031/779/424 1033/781/425 1055/803/3
f 1056/804/426 1054/802/423 1055/803/3
f 1057/805/427 1056/804/426 1055/803/3
f 1058/806/428 1057/805/427 1055/803/3
f 1059/807/429 1058/806/428 1055/803/3
f 1060/808/430 1059/807/429 1055/803/3
f 1033/781/425 1060/808/430 1055/803/3
f 1061/809/431 1062/810/431 1063/811/431
f 1061/809/431 1063/811/431 1064/812/431
f 1064/812/432 1063/811/432 1065/813/432
f 1064/812/432 1065/813/432 1066/814/432
f 1066/814/433 1065/813/433 1067/815/433
f 1066/814/433 1067/815/433 1068/816/433
f 1068/816/434 1067/815/434 1069/817/434
f 1068/816/434 1069/817/434 1070/818/434
f 1070/818/163 1069/817/163 1071/819/163
f 1070/818/163 1071/819/163 1072/820/163
f 1072/820/228 1071/819/228 1073/821/228
f 1072/820/228 1073/821/228 1074/822/228
f 1074/822/435 1073/821/435 1075/823/435
f 1074/822/435 1075/823/435 1076/824/435
f 1076/824/436 1075/823/436 1077/825/436
f 1076/824/436 1077/825/436 1078/826/436
f 1079/827/4 1077/825/4 1080/828/4
f 1081/829/4 1079/827/4 1080/828/4
f 1082/830/4 1081/829/4 1080/828/4
f 1083/831/4 1082/830/4 1080/828/4
f 1084/832/4 1083/831/4 1080/828/4
f 1085/833/4 1084/832/4 1080/828/4
f 1075/823/4 1085/833/4 1080/828/4
f 1077/825/4 1075/823/4 1080/828/4
f 1078/826/2 1086/834/2 1087/835/2
f 1086/834/2 1088/836/2 1087/835/2
f 1088/836/2 1089/837/2 1087/835/2
f 1089/837/2 1090/838/2 1087/835/2
f 1090/838/2 1091/839/2 1087/835/2
f 1091/839/2 1092/840/2 1087/835/2
f 1092/840/2 1076/824/2 1087/835/2
f 1076/824/2 1078/826/2 1087/835/2
f 1093/841/3 1094/842/3 1095/843/3
f 1093/841/3 1095/843/3 1096/844/3
f 1097/845/2 1093/841/2 1096/844/2
f 1097/845/2 1096/844/2 1098/846/2
f 1099/847/1 1100/848/1 1101/849/1
f 1099/847/1 1101/849/1 1102/850/1
f 1094/842/4 1099/847/4 1102/850/4
f 1094/842/4 1102/850/4 1095/843/4
f 1096/844/6 1095/843/6 1103/851/6
f 1096/844/6 1103/851/6 1104/852/6
f 1105/853/5 1106/854/5 1094/842/5
f 1105/853/5 1094/842/5 1093/841/5
f 1107/855/5 1108/856/5 1109/857/5
f 1107/855/5 1109/857/5 1110/858/5
f 1111/859/437 1112/860/437 1113/861/437
f 1111/859/437 1113/861/437 1114/862/437
f 1108/856/438 1115/863/438 1116/864/438
f 1108/856/438 1116/864/438 1109/857/438
f 1117/865/3 1109/857/3 1116/864/3
f 1117/865/3 1116/864/3 1118/866/3
f 1111/859/1 1115/863/1 1108/856/1
f 1111/859/1 1108/856/1 1112/860/1
f 1119/867/1 1120/868/1 1121/869/1
f 1119/867/1 1121/869/1 1122/870/1
f 1121/869/438 1120/868/438 1123/871/438
f 1121/869/438 1123/871/438 1124/872/438
f 1125/873/3 1126/874/3 1124/872/3
f 1125/873/3 1124/872/3 1123/871/3
f 1119/867/437 1122/870/437 1127/875/437
f 1119/867/437 1127/875/437 1128/876/437
f 1122/870/1 1121/869/1 1129/877/1
f 1122/870/1 1129/877/1 1130/878/1
f 1129/877/439 1121/869/439 1124/872/439
f 1129/877/439 1124/872/439 1131/879/439
f 1126/874/3 1132/880/3 1131/879/3
f 1126/874/3 1131/879/3 1124/872/3
f 1122/870/440 1130/878/440 1133/881/440
f 1122/870/440 1133/881/440 1127/875/440
f 1134/882/1 1135/883/1 1136/884/1
f 1134/882/1 1136/884/1 1137/885/1
f 1136/884/438 1135/883/438 1138/886/438
f 1136/884/438 1138/886/438 1139/887/438
f 1140/888/3 1141/889/3 1139/887/3
f 1140/888/3 1139/887/3 1138/886/3
f 1134/882/437 1137/885/437 1142/890/437
f 1134/882/437 1142/890/437 1143/891/437
f 1144/892/1 1145/893/1 1135/883/1
f 1144/892/1 1135/883/1 1134/882/1
f 1135/883/439 1145/893/439 1146/894/439
f 1135/883/439 1146/894/439 1138/886/439
f 1147/895/3 1140/888/3 1138/886/3
f 1147/895/3 1138/886/3 1146/894/3
f 1144/892/440 1134/882/440 1143/891/440
f 1144/892/440 1143/891/440 1148/896/440
f 1137/885/1 1136/884/1 1120/868/1
f 1137/885/1 1120/868/1 1119/867/1
f 1120/868/439 1136/884/439 1139/887/439
f 1120/868/439 1139/887/439 1123/871/439
f 1141/889/3 1125/873/3 1123/871/3
f 1141/889/3 1123/871/3 1139/887/3
f 1137/885/440 1119/867/440 1128/876/440
f 1137/885/440 1128/876/440 1142/890/440
f 1130/878/1 1129/877/1 1149/897/1
f 1130/878/1 1149/897/1 1150/898/1
f 1130/878/437 1150/898/437 1151/899/437
f 1130/878/437 1151/899/437 1133/881/437
f 1132/880/3 1152/900/3 1153/901/3
f 1132/880/3 1153/901/3 1131/879/3
f 1149/897/438 1129/877/438 1131/879/438
f 1149/897/438 1131/879/438 1153/901/438
f 1150/898/1 1149/897/1 1115/863/1
f 1150/898/1 1115/863/1 1111/859/1
f 1115/863/439 1149/897/439 1153/901/439
f 1115/863/439 1153/901/439 1116/864/439
f 1152/900/3 1118/866/3 1116/864/3
f 1152/900/3 1116/864/3 1153/901/3
f 1150/898/440 1111/859/440 1114/862/440
f 1150/898/440 1114/862/440 1151/899/440
f 1154/902/5 1155/903/5 1156/904/5
f 1154/902/5 1156/904/5 1157/905/5
f 1158/906/2 1159/907/2 1157/905/2
f 1158/906/2 1157/905/2 1160/908/2
f 1161/909/4 1162/910/4 1163/911/4
f 1161/909/4 1163/911/4 1156/904/4
f 1157/905/3 1156/904/3 1163/911/3
f 1157/905/3 1163/911/3 1160/908/3
f 1158/906/1 1164/912/1 1165/913/1
f 1158/906/1 1165/913/1 1159/907/1
f 1166/914/5 1167/915/5 1168/916/5
f 1166/914/5 1168/916/5 1169/917/5
f 1170/918/2 1166/914/2 1171/919/2
f 1170/918/2 1171/919/2 1172/920/2
f 1167/915/4 1173/921/4 1174/922/4
f 1167/915/4 1174/922/4 1175/923/4
f 1171/919/3 1176/924/3 1177/925/3
f 1171/919/3 1177/925/3 1172/920/3
f 1170/918/1 1173/921/1 1167/915/1
f 1170/918/1 1167/915/1 1166/914/1
f 1178/926/3 1179/927/3 1180/928/3
f 1178/926/3 1180/928/3 1181/929/3
f 1182/930/2 1178/926/2 1181/929/2
f 1182/930/2 1181/929/2 1183/931/2
f 1184/932/1 1182/930/1 1183/931/1
f 1184/932/1 1183/931/1 1185/933/1
f 1186/934/4 1187/935/4 1188/936/4
f 1186/934/4 1188/936/4 1189/937/4
f 1181/929/6 1189/937/6 1188/936/6
f 1181/929/6 1188/936/6 1183/931/6
f 1190/938/5 1187/935/5 1186/934/5
f 1190/938/5 1186/934/5 1191/939/5
f 1192/940/3 1193/941/3 1194/942/3
f 1192/940/3 1194/942/3 1195/943/3
f 1196/944/2 1197/945/2 1198/946/2
f 1196/944/2 1198/946/2 1199/947/2
f 1193/941/4 1200/948/4 1201/949/4
f 1193/941/4 1201/949/4 1194/942/4
f 1198/946/6 1194/942/6 1201/949/6
f 1198/946/6 1201/949/6 1199/947/6
f 1196/944/5 1202/950/5 1203/951/5
f 1196/944/5 1203/951/5 1197/945/5
f 1204/952/3 1205/953/3 1206/954/3
f 1204/952/3 1206/954/3 1207/955/3
f 1208/956/2 1209/957/2 1210/958/2
f 1208/956/2 1210/958/2 1211/959/2
f 1205/953/4 1212/960/4 1213/961/4
f 1205/953/4 1213/961/4 1206/954/4
f 1210/958/6 1214/962/6 1215/963/6
f 1210/958/6 1215/963/6 1211/959/6
f 1208/956/5 1212/960/5 1205/953/5
f 1208/956/5 1205/953/5 1209/957/5
f 1216/964/3 1217/965/3 1218/966/3
f 1216/964/3 1218/966/3 1219/967/3
f 1220/968/2 1216/964/2 1219/967/2
f 1220/968/2 1219/967/2 1221/969/2
f 1222/970/4 1223/971/4 1224/972/4
f 1222/970/4 1224/972/4 1225/973/4
f 1219/967/6 1225/973/6 1224/972/6
f 1219/967/6 1224/972/6 1221/969/6
f 1226/974/5 1223/971/5 1222/970/5
f 1226/974/5 1222/970/5 1227/975/5
f 1228/976/3 1229/977/3 1230/978/3
f 1228/976/3 1230/978/3 1231/979/3
f 1232/980/2 1228/976/2 1231/979/2
f 1232/980/2 1231/979/2 1233/981/2
f 1234/982/4 1235/983/4 1236/984/4
f 1234/982/4 1236/984/4 1237/985/4
f 1238/986/6 1237/985/6 1236/984/6
f 1238/986/6 1236/984/6 1239/987/6
f 1232/980/5 1235/983/5 1234/982/5
f 1232/980/5 1234/982/5 1228/976/5
f 1240/988/3 1241/989/3 1242/990/3
f 1240/988/3 1242/990/3 1243/991/3
f 1244/992/5 1240/988/5 1243/991/5
f 1244/992/5 1243/991/5 1245/993/5
f 1246/994/1 1244/992/1 1245/993/1
f 1246/994/1 1245/993/1 1247/995/1
f 1248/996/6 1249/997/6 1250/998/6
f 1248/996/6 1250/998/6 1251/999/6
f 1243/991/2 1252/1000/2 1253/1001/2
f 1243/991/2 1253/1001/2 1245/993/2
f 1244/992/4 1249/997/4 1248/996/4
f 1244/992/4 1248/996/4 1240/988/4
f 1254/1002/3 1255/1003/3 1256/1004/3
f 1254/1002/3 1256/1004/3 1257/1005/3
f 1258/1006/5 1254/1002/5 1257/1005/5
f 1258/1006/5 1257/1005/5 1259/1007/5
f 1260/1008/6 1261/1009/6 1262/1010/6
f 1260/1008/6 1262/1010/6 1263/1011/6
f 1257/1005/2 1264/1012/2 1265/1013/2
f 1257/1005/2 1265/1013/2 1259/1007/2
f 1258/1006/4 1261/1009/4 1260/1008/4
f 1258/1006/4 1260/1008/4 1254/1002/4
f 1266/1014/3 1267/1015/3 1268/1016/3
f 1266/1014/3 1268/1016/3 1269/1017/3
f 1270/1018/5 1266/1014/5 1269/1017/5
f 1270/1018/5 1269/1017/5 1271/1019/5
f 1272/1020/1 1270/1018/1 1271/1019/1
f 1272/1020/1 1271/1019/1 1273/1021/1
f 1274/1022/6 1275/1023/6 1276/1024/6
f 1274/1022/6 1276/1024/6 1277/1025/6
f 1269/1017/2 1278/1026/2 1279/1027/2
f 1269/1017/2 1279/1027/2 1271/1019/2
f 1270/1018/4 1275/1023/4 1274/1022/4
f 1270/1018/4 1274/1022/4 1266/1014/4
f 1280/1028/3 1281/1029/3 1282/1030/3
f 1280/1028/3 1282/1030/3 1283/1031/3
f 1284/1032/2 1285/1033/2 1286/1034/2
f 1284/1032/2 1286/1034/2 1287/1035/2
f 1288/1036/1 1289/1037/1 1290/1038/1
f 1288/1036/1 1290/1038/1 1291/1039/1
f 1281/1029/4 1288/1036/4 1292/1040/4
f 1281/1029/4 1292/1040/4 1293/1041/4
f 1286/1034/6 1293/1041/6 1292/1040/6
f 1286/1034/6 1292/1040/6 1287/1035/6
f 1289/1037/5 1288/1036/5 1281/1029/5
f 1289/1037/5 1281/1029/5 1280/1028/5
f 1294/1042/3 1295/1043/3 1296/1044/3
f 1294/1042/3 1296/1044/3 1297/1045/3
f 1298/1046/2 1294/1042/2 1297/1045/2
f 1298/1046/2 1297/1045/2 1299/1047/2
f 1300/1048/1 1298/1046/1 1299/1047/1
f 1300/1048/1 1299/1047/1 1301/1049/1
f 1302/1050/4 1303/1051/4 1304/1052/4
f 1302/1050/4 1304/1052/4 1305/1053/4
f 1297/1045/6 1305/1053/6 1304/1052/6
f 1297/1045/6 1304/1052/6 1299/1047/6
f 1306/1054/5 1303/1051/5 1302/1050/5
f 1306/1054/5 1302/1050/5 1307/1055/5
f 1308/1056/441 1309/1057/441 1310/1058/441
f 1308/1056/441 1310/1058/441 1311/1059/441
f 1311/1059/5 1310/1058/5 1312/1060/5
f 1311/1059/5 1312/1060/5 1313/1061/5
f 1313/1061/442 1312/1060/442 1314/1062/442
f 1313/1061/442 1314/1062/442 1315/1063/442
f 1316/1064/443 1317/1065/443 1318/1066/443
f 1316/1064/443 1318/1066/443 1319/1067/443
f 1319/1067/6 1318/1066/6 1320/1068/6
f 1319/1067/6 1320/1068/6 1321/1069/6
f 1321/1069/444 1320/1068/444 1309/1057/444
f 1321/1069/444 1309/1057/444 1308/1056/444
f 1310/1058/1 1309/1057/1 1322/1070/1
f 1323/1071/1 1310/1058/1 1322/1070/1
f 1324/1072/1 1323/1071/1 1322/1070/1
f 1325/1073/1 1324/1072/1 1322/1070/1
f 1326/1074/1 1325/1073/1 1322/1070/1
f 1309/1057/1 1326/1074/1 1322/1070/1
f 1308/1056/3 1311/1059/3 1327/1075/3
f 1311/1059/3 1328/1076/3 1327/1075/3
f 1328/1076/3 1329/1077/3 1327/1075/3
f 1329/1077/3 1330/1078/3 1327/1075/3
f 1330/1078/3 1331/1079/3 1327/1075/3
f 1331/1079/3 1308/1056/3 1327/1075/3
f 1332/1080/7 1333/1081/7 1334/1082/7
f 1332/1080/7 1334/1082/7 1335/1083/7
f 1336/1084/445 1337/1085/445 1338/1086/445
f 1336/1084/445 1338/1086/445 1339/1087/445
f 1334/1082/9 1339/1087/9 1338/1086/9
f 1334/1082/9 1338/1086/9 1335/1083/9
f 1340/1088/5 1337/1085/5 1336/1084/5
f 1340/1088/5 1336/1084/5 1341/1089/5
f 1342/1090/446 1343/1091/446 1344/1092/446
f 1342/1090/446 1344/1092/446 1345/1093/446
f 1346/1094/8 1347/1095/8 1348/1096/8
f 1346/1094/8 1348/1096/8 1349/1097/8
f 1344/1092/6 1350/1098/6 1351/1099/6
f 1344/1092/6 1351/1099/6 1345/1093/6
f 1342/1090/5 1347/1095/5 1346/1094/5
f 1342/1090/5 1346/1094/5 1343/1091/5
f 1352/1100/446 1353/1101/446 1354/1102/446
f 1352/1100/446 1354/1102/446 1355/1103/446
f 1356/1104/8 1357/1105/8 1358/1106/8
f 1356/1104/8 1358/1106/8 1359/1107/8
f 1354/1102/9 1359/1107/9 1358/1106/9
f 1354/1102/9 1358/1106/9 1355/1103/9
f 1360/1108/5 1357/1105/5 1356/1104/5
f 1360/1108/5 1356/1104/5 1361/1109/5
f 1362/1110/7 1363/1111/7 1364/1112/7
f 1362/1110/7 1364/1112/7 1365/1113/7
f 1366/1114/445 1367/1115/445 1368/1116/445
f 1366/1114/445 1368/1116/445 1369/1117/445
f 1370/1118/6 1369/1117/6 1368/1116/6
f 1370/1118/6 1368/1116/6 1371/1119/6
f 1362/1110/5 1367/1115/5 1366/1114/5
f 1362/1110/5 1366/1114/5 1363/1111/5
f 1372/1120/447 1373/1121/447 1374/1122/447
f 1372/1120/447 1374/1122/447 1375/1123/447
f 1376/1124/448 1377/1125/448 1378/1126/448
f 1376/1124/448 1378/1126/448 1379/1127/448
f 1374/1122/6 1380/1128/6 1381/1129/6
f 1374/1122/6 1381/1129/6 1375/1123/6
f 1372/1120/5 1377/1125/5 1376/1124/5
f 1372/1120/5 1376/1124/5 1373/1121/5
f 1382/1130/92 1383/1131/92 1384/1132/92
f 1382/1130/92 1384/1132/92 1385/1133/92
f 1385/1133/449 1384/1132/449 1386/1134/449
f 1385/1133/449 1386/1134/449 1387/1135/449
f 1388/1136/450 1389/1137/450 1390/1138/450
f 1388/1136/450 1390/1138/450 1391/1139/450
f 1391/1139/6 1390/1138/6 1392/1140/6
f 1391/1139/6 1392/1140/6 1393/1141/6
f 1393/1141/444 1392/1140/444 1394/1142/444
f 1393/1141/444 1394/1142/444 1395/1143/444
f 1395/1143/451 1394/1142/451 1383/1131/451
f 1395/1143/451 1383/1131/451 1382/1130/451
f 1382/1130/452 1396/1144/452 1397/1145/452
f 1396/1144/453 1398/1146/453 1397/1145/453
f 1398/1146/453 1399/1147/453 1397/1145/453
f 1399/1147/454 1400/1148/454 1397/1145/454
f 1400/1148/455 1395/1143/455 1397/1145/455
f 1395/1143/455 1382/1130/455 1397/1145/455
f 1401/1149/447 1402/1150/447 1403/1151/447
f 1401/1149/447 1403/1151/447 1404/1152/447
f 1405/1153/448 1406/1154/448 1407/1155/448
f 1405/1153/448 1407/1155/448 1408/1156/448
f 1403/1151/9 1408/1156/9 1407/1155/9
f 1403/1151/9 1407/1155/9 1404/1152/9
f 1401/1149/5 1409/1157/5 1410/1158/5
f 1401/1149/5 1410/1158/5 1402/1150/5
f 1411/1159/3 1412/1160/3 1413/1161/3
f 1411/1159/3 1413/1161/3 1414/1162/3
f 1415/1163/5 1411/1159/5 1414/1162/5
f 1415/1163/5 1414/1162/5 1416/1164/5
f 1417/1165/1 1415/1163/1 1416/1164/1
f 1417/1165/1 1416/1164/1 1418/1166/1
f 1419/1167/6 1420/1168/6 1421/1169/6
f 1419/1167/6 1421/1169/6 1422/1170/6
f 1414/1162/2 1423/1171/2 1424/1172/2
f 1414/1162/2 1424/1172/2 1416/1164/2
f 1415/1163/4 1420/1168/4 1419/1167/4
f 1415/1163/4 1419/1167/4 1411/1159/4
f 1425/1173/3 1426/1174/3 1427/1175/3
f 1425/1173/3 1427/1175/3 1428/1176/3
f 1429/1177/5 1425/1173/5 1428/1176/5
f 1429/1177/5 1428/1176/5 1430/1178/5
f 1431/1179/6 1432/1180/6 1433/1181/6
f 1431/1179/6 1433/1181/6 1434/1182/6
f 1428/1176/2 1434/1182/2 1433/1181/2
f 1428/1176/2 1433/1181/2 1430/1178/2
f 1435/1183/4 1432/1180/4 1431/1179/4
f 1435/1183/4 1431/1179/4 1436/1184/4
f 1437/1185/3 1438/1186/3 1439/1187/3
f 1437/1185/3 1439/1187/3 1440/1188/3
f 1441/1189/5 1437/1185/5 1440/1188/5
f 1441/1189/5 1440/1188/5 1442/1190/5
f 1443/1191/1 1441/1189/1 1442/1190/1
f 1443/1191/1 1442/1190/1 1444/1192/1
f 1445/1193/6 1446/1194/6 1447/1195/6
f 1445/1193/6 1447/1195/6 1448/1196/6
f 1440/1188/2 1449/1197/2 1450/1198/2
f 1440/1188/2 1450/1198/2 1442/1190/2
f 1441/1189/4 1446/1194/4 1445/1193/4
f 1441/1189/4 1445/1193/4 1437/1185/4
f 1451/1199/3 1452/1200/3 1453/1201/3
f 1451/1199/3 1453/1201/3 1454/1202/3
f 1455/1203/5 1451/1199/5 1454/1202/5
f 1455/1203/5 1454/1202/5 1456/1204/5
f 1457/1205/1 1455/1203/1 1456/1204/1
f 1457/1205/1 1456/1204/1 1458/1206/1
f 1459/1207/6 1460/1208/6 1461/1209/6
f 1459/1207/6 1461/1209/6 1462/1210/6
f 1454/1202/2 1463/1211/2 1464/1212/2
f 1454/1202/2 1464/1212/2 1456/1204/2
f 1455/1203/4 1460/1208/4 1459/1207/4
f 1455/1203/4 1459/1207/4 1451/1199/4
f 1465/855/5 1466/856/5 1467/857/5
f 1465/855/5 1467/857/5 1468/858/5
f 1469/859/437 1470/860/437 1471/861/437
f 1469/859/437 1471/861/437 1472/862/437
f 1466/856/438 1473/863/438 1474/864/438
f 1466/856/438 1474/864/438 1467/857/438
f 1475/865/456 1467/857/456 1474/864/456
f 1475/865/456 1474/864/456 1476/866/456
f 1469/859/1 1473/863/1 1466/856/1
f 1469/859/1 1466/856/1 1470/860/1
f 1477/867/1 1478/868/1 1479/869/1
f 1477/867/1 1479/869/1 1480/870/1
f 1479/869/438 1478/868/438 1481/871/438
f 1479/869/438 1481/871/438 1482/872/438
f 1483/873/456 1484/874/456 1482/872/456
f 1483/873/456 1482/872/456 1481/871/456
f 1477/867/437 1480/870/437 1485/875/437
f 1477/867/437 1485/875/437 1486/876/437
f 1480/870/1 1479/869/1 1487/877/1
f 1480/870/1 1487/877/1 1488/878/1
f 1487/877/439 1479/869/439 1482/872/439
f 1487/877/439 1482/872/439 1489/879/439
f 1484/874/455 1490/880/455 1489/879/455
f 1484/874/455 1489/879/455 1482/872/455
f 1480/870/440 1488/878/440 1491/881/440
f 1480/870/440 1491/881/440 1485/875/440
f 1492/882/1 1493/883/1 1494/884/1
f 1492/882/1 1494/884/1 1495/885/1
f 1494/884/438 1493/883/438 1496/886/438
f 1494/884/438 1496/886/438 1497/887/438
f 1498/888/456 1499/889/456 1497/887/456
f 1498/888/456 1497/887/456 1496/886/456
f 1492/882/437 1495/885/437 1500/890/437
f 1492/882/437 1500/890/437 1501/891/437
f 1502/892/1 1503/893/1 1493/883/1
f 1502/892/1 1493/883/1 1492/882/1
f 1493/883/439 1503/893/439 1504/894/439
f 1493/883/439 1504/894/439 1496/886/439
f 1505/895/455 1498/888/455 1496/886/455
f 1505/895/455 1496/886/455 1504/894/455
f 1502/892/440 1492/882/440 1501/891/440
f 1502/892/440 1501/891/440 1506/896/440
f 1495/885/1 1494/884/1 1478/868/1
f 1495/885/1 1478/868/1 1477/867/1
f 1478/868/439 1494/884/439 1497/887/439
f 1478/868/439 1497/887/439 1481/871/439
f 1499/889/455 1483/873/455 1481/871/455
f 1499/889/455 1481/871/455 1497/887/455
f 1495/885/440 1477/867/440 1486/876/440
f 1495/885/440 1486/876/440 1500/890/440
f 1488/878/1 1487/877/1 1507/897/1
f 1488/878/1 1507/897/1 1508/898/1
f 1488/878/437 1508/898/437 1509/899/437
f 1488/878/437 1509/899/437 1491/881/437
f 1490/880/456 1510/900/456 1511/901/456
f 1490/880/456 1511/901/456 1489/879/456
f 1507/897/438 1487/877/438 1489/879/438
f 1507/897/438 1489/879/438 1511/901/438
f 1508/898/1 1507/897/1 1473/863/1
f 1508/898/1 1473/863/1 1469/859/1
f 1473/863/439 1507/897/439 1511/901/439
f 1473/863/439 1511/901/439 1474/864/439
f 1510/900/455 1476/866/455 1474/864/455
f 1510/900/455 1474/864/455 1511/901/455
f 1508/898/440 1469/859/440 1472/862/440
f 1508/898/440 1472/862/440 1509/899/440
f 1512/902/5 1513/903/5 1514/904/5
f 1512/902/5 1514/904/5 1515/905/5
f 1516/906/2 1517/907/2 1515/905/2
f 1516/906/2 1515/905/2 1518/908/2
f 1519/909/4 1520/910/4 1521/911/4
f 1519/909/4 1521/911/4 1514/904/4
f 1515/905/3 1514/904/3 1521/911/3
f 1515/905/3 1521/911/3 1518/908/3
f 1516/906/1 1522/912/1 1523/913/1
f 1516/906/1 1523/913/1 1517/907/1
f 1524/914/5 1525/915/5 1526/916/5
f 1524/914/5 1526/916/5 1527/917/5
f 1528/918/2 1524/914/2 1529/919/2
f 1528/918/2 1529/919/2 1530/920/2
f 1525/915/4 1531/921/4 1532/922/4
f 1525/915/4 1532/922/4 1533/923/4
f 1529/919/3 1534/924/3 1535/925/3
f 1529/919/3 1535/925/3 1530/920/3
f 1528/918/1 1531/921/1 1525/915/1
f 1528/918/1 1525/915/1 1524/914/1
f 1536/855/5 1537/856/5 1538/857/5
f 1536/855/5 1538/857/5 1539/858/5
f 1540/859/437 1541/860/437 1542/861/437
f 1540/859/437 1542/861/437 1543/862/437
f 1537/856/438 1544/863/438 1545/864/438
f 1537/856/438 1545/864/438 1538/857/438
f 1546/865/456 1538/857/456 1545/864/456
f 1546/865/456 1545/864/456 1547/866/456
f 1540/859/457 1544/863/457 1537/856/457
f 1540/859/457 1537/856/457 1541/860/457
f 1548/867/457 1549/868/457 1550/869/457
f 1548/867/457 1550/869/457 1551/870/457
f 1550/869/438 1549/868/438 1552/871/438
f 1550/869/438 1552/871/438 1553/872/438
f 1554/873/3 1555/874/3 1553/872/3
f 1554/873/3 1553/872/3 1552/871/3
f 1548/867/437 1551/870/437 1556/875/437
f 1548/867/437 1556/875/437 1557/876/437
f 1551/870/457 1550/869/457 1558/877/457
f 1551/870/457 1558/877/457 1559/878/457
f 1558/877/439 1550/869/439 1553/872/439
f 1558/877/439 1553/872/439 1560/879/439
f 1555/874/3 1561/880/3 1560/879/3
f 1555/874/3 1560/879/3 1553/872/3
f 1551/870/440 1559/878/440 1562/881/440
f 1551/870/440 1562/881/440 1556/875/440
f 1563/882/457 1564/883/457 1565/884/457
f 1563/882/457 1565/884/457 1566/885/457
f 1565/884/438 1564/883/438 1567/886/438
f 1565/884/438 1567/886/438 1568/887/438
f 1569/888/3 1570/889/3 1568/887/3
f 1569/888/3 1568/887/3 1567/886/3
f 1563/882/437 1566/885/437 1571/890/437
f 1563/882/437 1571/890/437 1572/891/437
f 1573/892/457 1574/893/457 1564/883/457
f 1573/892/457 1564/883/457 1563/882/457
f 1564/883/439 1574/893/439 1575/894/439
f 1564/883/439 1575/894/439 1567/886/439
f 1576/895/3 1569/888/3 1567/886/3
f 1576/895/3 1567/886/3 1575/894/3
f 1573/892/440 1563/882/440 1572/891/440
f 1573/892/440 1572/891/440 1577/896/440
f 1566/885/457 1565/884/457 1549/868/457
f 1566/885/457 1549/868/457 1548/867/457
f 1549/868/439 1565/884/439 1568/887/439
f 1549/868/439 1568/887/439 1552/871/439
f 1570/889/3 1554/873/3 1552/871/3
f 1570/889/3 1552/871/3 1568/887/3
f 1566/885/440 1548/867/440 1557/876/440
f 1566/885/440 1557/876/440 1571/890/440
f 1559/878/457 1558/877/457 1578/897/457
f 1559/878/457 1578/897/457 1579/898/457
f 1559/878/437 1579/898/437 1580/899/437
f 1559/878/437 1580/899/437 1562/881/437
f 1561/880/3 1581/900/3 1582/901/3
f 1561/880/3 1582/901/3 1560/879/3
f 1578/897/438 1558/877/438 1560/879/438
f 1578/897/438 1560/879/438 1582/901/438
f 1579/898/457 1578/897/457 1544/863/457
f 1579/898/457 1544/863/457 1540/859/457
f 1544/863/439 1578/897/439 1582/901/439
f 1544/863/439 1582/901/439 1545/864/439
f 1581/900/3 1547/866/3 1545/864/3
f 1581/900/3 1545/864/3 1582/901/3
f 1579/898/440 1540/859/440 1543/862/440
f 1579/898/440 1543/862/440 1580/899/440
f 1583/902/5 1584/903/5 1585/904/5
f 1583/902/5 1585/904/5 1586/905/5
f 1587/906/2 1588/907/2 1586/905/2
f 1587/906/2 1586/905/2 1589/908/2
f 1590/909/4 1591/910/4 1592/911/4
f 1590/909/4 1592/911/4 1585/904/4
f 1586/905/3 1585/904/3 1592/911/3
f 1586/905/3 1592/911/3 1589/908/3
f 1587/906/1 1593/912/1 1594/913/1
f 1587/906/1 1594/913/1 1588/907/1
f 1595/914/5 1596/915/5 1597/916/5
f 1595/914/5 1597/916/5 1598/917/5
f 1599/918/2 1595/914/2 1600/919/2
f 1599/918/2 1600/919/2 1601/920/2
f 1596/915/4 1602/921/4 1603/922/4
f 1596/915/4 1603/922/4 1604/923/4
f 1600/919/3 1605/924/3 1606/925/3
f 1600/919/3 1606/925/3 1601/920/3
f 1599/918/1 1602/921/1 1596/915/1
f 1599/918/1 1596/915/1 1595/914/1
f 1607/1213/2 1608/1214/2 1609/1215/2
f 1607/1213/2 1609/1215/2 1610/1216/2
f 1611/1217/1 1612/1218/1 1613/1219/1
f 1611/1217/1 1613/1219/1 1614/1220/1
f 1615/1221/4 1616/1222/4 1612/1218/4
f 1615/1221/4 1612/1218/4 1611/1217/4
f 1617/1223/3 1618/1224/3 1616/1222/3
f 1617/1223/3 1616/1222/3 1615/1221/3
f 1619/1225/2 1620/1226/2 1621/1227/2
f 1619/1225/2 1621/1227/2 1622/1228/2
f 1623/1229/1 1624/1230/1 1625/1231/1
f 1623/1229/1 1625/1231/1 1626/1232/1
f 1627/1233/4 1628/1234/4 1624/1230/4
f 1627/1233/4 1624/1230/4 1623/1229/4
f 1629/1235/3 1630/1236/3 1628/1234/3
f 1629/1235/3 1628/1234/3 1627/1233/3
f 1619/1225/458 1610/1216/459 1609/1215/459
f 1619/1225/458 1609/1215/459 1620/1226/458
f 1624/1230/460 1611/1217/460 1614/1220/460
f 1624/1230/460 1614/1220/460 1625/1231/460
f 1631/1237/6 1632/1238/6 1622/1228/6
f 1631/1237/6 1622/1228/6 1621/1227/6
f 1628/1234/461 1615/1221/462 1611/1217/462
f 1628/1234/461 1611/1217/462 1624/1230/461
f 1630/1236/463 1617/1223/463 1615/1221/463
f 1630/1236/463 1615/1221/463 1628/1234/463
f 1633/1239/2 1608/1214/2 1607/1213/2
f 1633/1239/2 1607/1213/2 1634/1240/2
f 1613/1219/1 1612/1218/1 1635/1241/1
f 1613/1219/1 1635/1241/1 1636/1242/1
f 1612/1218/4 1616/1222/4 1637/1243/4
f 1612/1218/4 1637/1243/4 1635/1241/4
f 1616/1222/3 1618/1224/3 1638/1244/3
f 1616/1222/3 1638/1244/3 1637/1243/3
f 1639/1245/2 1640/1246/2 1641/1247/2
f 1639/1245/2 1641/1247/2 1642/1248/2
f 1643/1249/1 1644/1250/1 1645/1251/1
f 1643/1249/1 1645/1251/1 1646/1252/1
f 1644/1250/4 1647/1253/4 1648/1254/4
f 1644/1250/4 1648/1254/4 1645/1251/4
f 1647/1253/3 1649/1255/3 1650/1256/3
f 1647/1253/3 1650/1256/3 1648/1254/3
f 1633/1239/464 1634/1240/464 1641/1247/464
f 1633/1239/464 1641/1247/464 1640/1246/464
f 1636/1242/465 1635/1241/465 1644/1250/465
f 1636/1242/465 1644/1250/465 1643/1249/465
f 1651/1257/5 1639/1245/5 1642/1248/5
f 1651/1257/5 1642/1248/5 1652/1258/5
f 1635/1241/466 1637/1243/466 1647/1253/466
f 1635/1241/466 1647/1253/466 1644/1250/466
f 1637/1243/467 1638/1244/467 1649/1255/467
f 1637/1243/467 1649/1255/467 1647/1253/467
f 1653/1259/468 1654/1260/468 1655/1261/468
f 1653/1259/468 1655/1261/468 1656/1262/468
f 1657/1263/469 1658/1264/469 1659/1265/469
f 1657/1263/469 1659/1265/469 1660/1266/469
f 1660/1266/119 1659/1265/119 1661/1267/119
f 1660/1266/119 1661/1267/119 1662/1268/119
f 1662/1268/470 1661/1267/470 1663/1269/470
f 1662/1268/470 1663/1269/470 1664/1270/470
f 1664/1270/28 1663/1269/28 1665/1271/28
f 1664/1270/28 1665/1271/28 1666/1272/28
f 1666/1272/27 1665/1271/27 1667/1273/27
f 1666/1272/27 1667/1273/27 1668/1274/27
f 1668/1274/471 1667/1273/471 1669/1275/471
f 1668/1274/471 1669/1275/471 1670/1276/471
f 1670/1276/33 1669/1275/33 1654/1260/33
f 1670/1276/33 1654/1260/33 1653/1259/33
f 1671/1277/472 1654/1260/472 1672/1278/472
f 1673/1279/37 1674/1280/37 1672/1278/37
f 1675/1281/6 1673/1279/6 1672/1278/6
f 1676/1282/6 1675/1281/6 1672/1278/6
f 1677/1283/6 1676/1282/6 1672/1278/6
f 1678/1284/6 1677/1283/6 1672/1278/6
f 1669/1275/6 1678/1284/6 1672/1278/6
f 1654/1260/6 1669/1275/6 1672/1278/6
f 1607/1213/2 1608/1214/2 1609/1215/2
f 1607/1213/2 1609/1215/2 1610/1216/2
f 1611/1217/1 1612/1218/1 1613/1219/1
f 1611/1217/1 1613/1219/1 1614/1220/1
f 1615/1221/4 1616/1222/4 1612/1218/4
f 1615/1221/4 1612/1218/4 1611/1217/4
f 1617/1223/3 1618/1224/3 1616/1222/3
f 1617/1223/3 1616/1222/3 1615/1221/3
f 1619/1225/2 1620/1226/2 1621/1227/2
f 1619/1225/2 1621/1227/2 1622/1228/2
f 1623/1229/1 1624/1230/1 1625/1231/1
f 1623/1229/1 1625/1231/1 1626/1232/1
f 1627/1233/4 1628/1234/4 1624/1230/4
f 1627/1233/4 1624/1230/4 1623/1229/4
f 1629/1235/3 1630/1236/3 1628/1234/3
f 1629/1235/3 1628/1234/3 1627/1233/3
f 1619/1225/458 1610/1216/459 1609/1215/459
f 1619/1225/458 1609/1215/459 1620/1226/458
f 1624/1230/460 1611/1217/460 1614/1220/460
f 1624/1230/460 1614/1220/460 1625/1231/460
f 1631/1237/6 1632/1238/6 1622/1228/6
f 1631/1237/6 1622/1228/6 1621/1227/6
f 1628/1234/461 1615/1221/462 1611/1217/462
f 1628/1234/461 1611/1217/462 1624/1230/461
f 1630/1236/463 1617/1223/463 1615/1221/463
f 1630/1236/463 1615/1221/463 1628/1234/463
f 1633/1239/2 1608/1214/2 1607/1213/2
f 1633/1239/2 1607/1213/2 1634/1240/2
f 1613/1219/1 1612/1218/1 1635/1241/1
f 1613/1219/1 1635/1241/1 1636/1242/1
f 1612/1218/4 1616/1222/4 1637/1243/4
f 1612/1218/4 1637/1243/4 1635/1241/4
f 1616/1222/3 1618/1224/3 1638/1244/3
f 1616/1222/3 1638/1244/3 1637/1243/3
f 1639/1245/2 1640/1246/2 1641/1247/2
f 1639/1245/2 1641/1247/2 1642/1248/2
f 1643/1249/1 1644/1250/1 1645/1251/1
f 1643/1249/1 1645/1251/1 1646/1252/1
f 1644/1250/4 1647/1253/4 1648/1254/4
f 1644/1250/4 1648/1254/4 1645/1251/4
f 1647/1253/3 1649/1255/3 1650/1256/3
f 1647/1253/3 1650/1256/3 1648/1254/3
f 1633/1239/464 1634/1240/464 1641/1247/464
f 1633/1239/464 1641/1247/464 1640/1246/464
f 1636/1242/465 1635/1241/465 1644/1250/465
f 1636/1242/465 1644/1250/465 1643/1249/465
f 1651/1257/5 1639/1245/5 1642/1248/5
f 1651/1257/5 1642/1248/5 1652/1258/5
f 1635/1241/466 1637/1243/466 1647/1253/466
f 1635/1241/466 1647/1253/466 1644/1250/466
f 1637/1243/467 1638/1244/467 1649/1255/467
f 1637/1243/467 1649/1255/467 1647/1253/467
f 1679/1215/2 1680/1214/2 1681/1213/2
f 1679/1215/2 1681/1213/2 1682/1216/2
f 1683/1219/3 1684/1218/3 1685/1217/3
f 1683/1219/3 1685/1217/3 1686/1220/3
f 1684/1218/4 1687/1222/4 1688/1221/4
f 1684/1218/4 1688/1221/4 1685/1217/4
f 1687/1222/1 1689/1224/1 1690/1223/1
f 1687/1222/1 1690/1223/1 1688/1221/1
f 1691/1227/2 1692/1226/2 1693/1225/2
f 1691/1227/2 1693/1225/2 1694/1228/2
f 1695/1231/3 1696/1230/3 1697/1229/3
f 1695/1231/3 1697/1229/3 1698/1232/3
f 1696/1230/4 1699/1234/4 1700/1233/4
f 1696/1230/4 1700/1233/4 1697/1229/4
f 1699/1234/1 1701/1236/1 1702/1235/1
f 1699/1234/1 1702/1235/1 1700/1233/1
f 1679/1215/473 1682/1216/473 1693/1225/473
f 1679/1215/473 1693/1225/473 1692/1226/473
f 1686/1220/474 1685/1217/474 1696/1230/474
f 1686/1220/474 1696/1230/474 1695/1231/474
f 1694/1228/6 1703/1238/6 1704/1237/6
f 1694/1228/6 1704/1237/6 1691/1227/6
f 1685/1217/475 1688/1221/475 1699/1234/475
f 1685/1217/475 1699/1234/475 1696/1230/475
f 1688/1221/476 1690/1223/476 1701/1236/476
f 1688/1221/476 1701/1236/476 1699/1234/476
f 1681/1213/2 1680/1214/2 1705/1239/2
f 1681/1213/2 1705/1239/2 1706/1240/2
f 1707/1241/3 1684/1218/3 1683/1219/3
f 1707/1241/3 1683/1219/3 1708/1242/3
f 1709/1243/4 1687/1222/4 1684/1218/4
f 1709/1243/4 1684/1218/4 1707/1241/4
f 1710/1244/1 1689/1224/1 1687/1222/1
f 1710/1244/1 1687/1222/1 1709/1243/1
f 1711/1247/2 1712/1246/2 1713/1245/2
f 1711/1247/2 1713/1245/2 1714/1248/2
f 1715/1251/3 1716/1250/3 1717/1249/3
f 1715/1251/3 1717/1249/3 1718/1252/3
f 1719/1254/4 1720/1253/4 1716/1250/4
f 1719/1254/4 1716/1250/4 1715/1251/4
f 1721/1256/1 1722/1255/1 1720/1253/1
f 1721/1256/1 1720/1253/1 1719/1254/1
f 1711/1247/464 1706/1240/464 1705/1239/464
f 1711/1247/464 1705/1239/464 1712/1246/464
f 1716/1250/477 1707/1241/477 1708/1242/477
f 1716/1250/477 1708/1242/477 1717/1249/477
f 1714/1248/5 1713/1245/5 1723/1257/5
f 1714/1248/5 1723/1257/5 1724/1258/5
f 1720/1253/466 1709/1243/466 1707/1241/466
f 1720/1253/466 1707/1241/466 1716/1250/466
f 1722/1255/478 1710/1244/478 1709/1243/478
f 1722/1255/478 1709/1243/478 1720/1253/478
f 1725/1215/2 1726/1214/2 1727/1213/2
f 1725/1215/2 1727/1213/2 1728/1216/2
f 1729/1219/1 1730/1218/1 1731/1217/1
f 1729/1219/1 1731/1217/1 1732/1220/1
f 1730/1218/4 1733/1222/4 1734/1221/4
f 1730/1218/4 1734/1221/4 1731/1217/4
f 1733/1222/3 1735/1224/3 1736/1223/3
f 1733/1222/3 1736/1223/3 1734/1221/3
f 1737/1227/2 1738/1226/2 1739/1225/2
f 1737/1227/2 1739/1225/2 1740/1228/2
f 1741/1231/1 1742/1230/1 1743/1229/1
f 1741/1231/1 1743/1229/1 1744/1232/1
f 1742/1230/4 1745/1234/4 1746/1233/4
f 1742/1230/4 1746/1233/4 1743/1229/4
f 1745/1234/3 1747/1236/3 1748/1235/3
f 1745/1234/3 1748/1235/3 1746/1233/3
f 1725/1215/479 1728/1216/479 1739/1225/479
f 1725/1215/479 1739/1225/479 1738/1226/479
f 1732/1220/465 1731/1217/465 1742/1230/465
f 1732/1220/465 1742/1230/465 1741/1231/465
f 1740/1228/5 1749/1238/5 1750/1237/5
f 1740/1228/5 1750/1237/5 1737/1227/5
f 1731/1217/480 1734/1221/480 1745/1234/480
f 1731/1217/480 1745/1234/480 1742/1230/480
f 1734/1221/467 1736/1223/467 1747/1236/467
f 1734/1221/467 1747/1236/467 1745/1234/467
f 1727/1213/2 1726/1214/2 1751/1239/2
f 1727/1213/2 1751/1239/2 1752/1240/2
f 1753/1241/1 1730/1218/1 1729/1219/1
f 1753/1241/1 1729/1219/1 1754/1242/1
f 1755/1243/4 1733/1222/4 1730/1218/4
f 1755/1243/4 1730/1218/4 1753/1241/4
f 1756/1244/3 1735/1224/3 1733/1222/3
f 1756/1244/3 1733/1222/3 1755/1243/3
f 1757/1247/2 1758/1246/2 1759/1245/2
f 1757/1247/2 1759/1245/2 1760/1248/2
f 1761/1251/1 1762/1250/1 1763/1249/1
f 1761/1251/1 1763/1249/1 1764/1252/1
f 1765/1254/4 1766/1253/4 1762/1250/4
f 1765/1254/4 1762/1250/4 1761/1251/4
f 1767/1256/3 1768/1255/3 1766/1253/3
f 1767/1256/3 1766/1253/3 1765/1254/3
f 1757/1247/481 1752/1240/481 1751/1239/481
f 1757/1247/481 1751/1239/481 1758/1246/481
f 1762/1250/460 1753/1241/460 1754/1242/460
f 1762/1250/460 1754/1242/460 1763/1249/460
f 1760/1248/6 1759/1245/6 1769/1257/6
f 1760/1248/6 1769/1257/6 1770/1258/6
f 1766/1253/482 1755/1243/482 1753/1241/482
f 1766/1253/482 1753/1241/482 1762/1250/482
f 1768/1255/463 1756/1244/463 1755/1243/463
f 1768/1255/463 1755/1243/463 1766/1253/463
f 1771/1261/468 1772/1260/468 1653/1259/468
f 1771/1261/468 1653/1259/468 1656/1262/468
f 1773/1265/469 1774/1264/469 1657/1263/469
f 1773/1265/469 1657/1263/469 1660/1266/469
f 1775/1267/119 1773/1265/119 1660/1266/119
f 1775/1267/119 1660/1266/119 1662/1268/119
f 1776/1269/470 1775/1267/470 1662/1268/470
f 1776/1269/470 1662/1268/470 1664/1270/470
f 1777/1271/28 1776/1269/28 1664/1270/28
f 1777/1271/28 1664/1270/28 1666/1272/28
f 1778/1273/27 1777/1271/27 1666/1272/27
f 1778/1273/27 1666/1272/27 1668/1274/27
f 1779/1275/471 1778/1273/471 1668/1274/471
f 1779/1275/471 1668/1274/471 1670/1276/471
f 1772/1260/33 1779/1275/33 1670/1276/33
f 1772/1260/33 1670/1276/33 1653/1259/33
f 1780/1277/5 1781/1278/5 1772/1260/5
f 1782/1279/5 1781/1278/5 1783/1280/5
f 1784/1281/5 1781/1278/5 1782/1279/5
f 1785/1282/5 1781/1278/5 1784/1281/5
f 1786/1283/90 1781/1278/90 1785/1282/90
f 1787/1284/483 1781/1278/483 1786/1283/483
f 1779/1275/5 1781/1278/5 1787/1284/5
f 1772/1260/5 1781/1278/5 1779/1275/5
f 1725/1215/2 1726/1214/2 1727/1213/2
f 1725/1215/2 1727/1213/2 1728/1216/2
f 1729/1219/1 1730/1218/1 1731/1217/1
f 1729/1219/1 1731/1217/1 1732/1220/1
f 1730/1218/4 1733/1222/4 1734/1221/4
f 1730/1218/4 1734/1221/4 1731/1217/4
f 1733/1222/3 1735/1224/3 1736/1223/3
f 1733/1222/3 1736/1223/3 1734/1221/3
f 1737/1227/2 1738/1226/2 1739/1225/2
f 1737/1227/2 1739/1225/2 1740/1228/2
f 1741/1231/1 1742/1230/1 1743/1229/1
f 1741/1231/1 1743/1229/1 1744/1232/1
f 1742/1230/4 1745/1234/4 1746/1233/4
f 1742/1230/4 1746/1233/4 1743/1229/4
f 1745/1234/3 1747/1236/3 1748/1235/3
f 1745/1234/3 1748/1235/3 1746/1233/3
f 1725/1215/479 1728/1216/479 1739/1225/479
f 1725/1215/479 1739/1225/479 1738/1226/479
f 1732/1220/465 1731/1217/465 1742/1230/465
f 1732/1220/465 1742/1230/465 1741/1231/465
f 1740/1228/5 1749/1238/5 1750/1237/5
f 1740/1228/5 1750/1237/5 1737/1227/5
f 1731/1217/480 1734/1221/480 1745/1234/480
f 1731/1217/480 1745/1234/480 1742/1230/480
f 1734/1221/467 1736/1223/467 1747/1236/467
f 1734/1221/467 1747/1236/467 1745/1234/467
f 1727/1213/2 1726/1214/2 1751/1239/2
f 1727/1213/2 1751/1239/2 1752/1240/2
f 1753/1241/1 1730/1218/1 1729/1219/1
f 1753/1241/1 1729/1219/1 1754/1242/1
f 1755/1243/4 1733/1222/4 1730/1218/4
f 1755/1243/4 1730/1218/4 1753/1241/4
f 1756/1244/3 1735/1224/3 1733/1222/3
f 1756/1244/3 1733/1222/3 1755/1243/3
f 1757/1247/2 1758/1246/2 1759/1245/2
f 1757/1247/2 1759/1245/2 1760/1248/2
f 1761/1251/1 1762/1250/1 1763/1249/1
f 1761/1251/1 1763/1249/1 1764/1252/1
f 1765/1254/4 1766/1253/4 1762/1250/4
f 1765/1254/4 1762/1250/4 1761/1251/4
f 1767/1256/3 1768/1255/3 1766/1253/3
f 1767/1256/3 1766/1253/3 1765/1254/3
f 1757/1247/481 1752/1240/481 1751/1239/481
f 1757/1247/481 1751/1239/481 1758/1246/481
f 1762/1250/460 1753/1241/460 1754/1242/460
f 1762/1250/460 1754/1242/460 1763/1249/460
f 1760/1248/6 1759/1245/6 1769/1257/6
f 1760/1248/6 1769/1257/6 1770/1258/6
f 1766/1253/482 1755/1243/482 1753/1241/482
f 1766/1253/482 1753/1241/482 1762/1250/482
f 1768/1255/463 1756/1244/463 1755/1243/463
f 1768/1255/463 1755/1243/463 1766/1253/463
f 1788/1213/2 1789/1214/2 1790/1215/2
f 1788/1213/2 1790/1215/2 1791/1216/2
f 1792/1217/3 1793/1218/3 1794/1219/3
f 1792/1217/3 1794/1219/3 1795/1220/3
f 1796/1221/4 1797/1222/4 1793/1218/4
f 1796/1221/4 1793/1218/4 1792/1217/4
f 1798/1223/1 1799/1224/1 1797/1222/1
f 1798/1223/1 1797/1222/1 1796/1221/1
f 1800/1225/2 1801/1226/2 1802/1227/2
f 1800/1225/2 1802/1227/2 1803/1228/2
f 1804/1229/3 1805/1230/3 1806/1231/3
f 1804/1229/3 1806/1231/3 1807/1232/3
f 1808/1233/4 1809/1234/4 1805/1230/4
f 1808/1233/4 1805/1230/4 1804/1229/4
f 1810/1235/1 1811/1236/1 1809/1234/1
f 1810/1235/1 1809/1234/1 1808/1233/1
f 1800/1225/484 1791/1216/484 1790/1215/484
f 1800/1225/484 1790/1215/484 1801/1226/484
f 1805/1230/477 1792/1217/477 1795/1220/477
f 1805/1230/477 1795/1220/477 1806/1231/477
f 1812/1237/5 1813/1238/5 1803/1228/5
f 1812/1237/5 1803/1228/5 1802/1227/5
f 1809/1234/485 1796/1221/485 1792/1217/485
f 1809/1234/485 1792/1217/485 1805/1230/485
f 1811/1236/478 1798/1223/478 1796/1221/478
f 1811/1236/478 1796/1221/478 1809/1234/478
f 1814/1239/2 1789/1214/2 1788/1213/2
f 1814/1239/2 1788/1213/2 1815/1240/2
f 1794/1219/3 1793/1218/3 1816/1241/3
f 1794/1219/3 1816/1241/3 1817/1242/3
f 1793/1218/4 1797/1222/4 1818/1243/4
f 1793/1218/4 1818/1243/4 1816/1241/4
f 1797/1222/1 1799/1224/1 1819/1244/1
f 1797/1222/1 1819/1244/1 1818/1243/1
f 1820/1245/2 1821/1246/2 1822/1247/2
f 1820/1245/2 1822/1247/2 1823/1248/2
f 1824/1249/3 1825/1250/3 1826/1251/3
f 1824/1249/3 1826/1251/3 1827/1252/3
f 1825/1250/4 1828/1253/4 1829/1254/4
f 1825/1250/4 1829/1254/4 1826/1251/4
f 1828/1253/1 1830/1255/1 1831/1256/1
f 1828/1253/1 1831/1256/1 1829/1254/1
f 1814/1239/486 1815/1240/486 1822/1247/486
f 1814/1239/486 1822/1247/486 1821/1246/486
f 1817/1242/474 1816/1241/474 1825/1250/474
f 1817/1242/474 1825/1250/474 1824/1249/474
f 1832/1257/6 1820/1245/6 1823/1248/6
f 1832/1257/6 1823/1248/6 1833/1258/6
f 1816/1241/487 1818/1243/487 1828/1253/487
f 1816/1241/487 1828/1253/487 1825/1250/487
f 1818/1243/476 1819/1244/476 1830/1255/476
f 1818/1243/476 1830/1255/476 1828/1253/476
f 1834/1213/2 1835/1214/2 1836/1215/2
f 1834/1213/2 1836/1215/2 1837/1216/2
f 1838/1217/1 1839/1218/1 1840/1219/1
f 1838/1217/1 1840/1219/1 1841/1220/1
f 1842/1221/4 1843/1222/4 1839/1218/4
f 1842/1221/4 1839/1218/4 1838/1217/4
f 1844/1223/3 1845/1224/3 1843/1222/3
f 1844/1223/3 1843/1222/3 1842/1221/3
f 1846/1225/2 1847/1226/2 1848/1227/2
f 1846/1225/2 1848/1227/2 1849/1228/2
f 1850/1229/1 1851/1230/1 1852/1231/1
f 1850/1229/1 1852/1231/1 1853/1232/1
f 1854/1233/4 1855/1234/4 1851/1230/4
f 1854/1233/4 1851/1230/4 1850/1229/4
f 1856/1235/3 1857/1236/3 1855/1234/3
f 1856/1235/3 1855/1234/3 1854/1233/3
f 1846/1225/488 1837/1216/488 1836/1215/488
f 1846/1225/488 1836/1215/488 1847/1226/488
f 1851/1230/489 1838/1217/490 1841/1220/490
f 1851/1230/489 1841/1220/490 1852/1231/489
f 1858/1237/6 1859/1238/6 1849/1228/6
f 1858/1237/6 1849/1228/6 1848/1227/6
f 1855/1234/491 1842/1221/491 1838/1217/491
f 1855/1234/491 1838/1217/491 1851/1230/491
f 1857/1236/492 1844/1223/492 1842/1221/492
f 1857/1236/492 1842/1221/492 1855/1234/492
f 1860/1239/2 1835/1214/2 1834/1213/2
f 1860/1239/2 1834/1213/2 1861/1240/2
f 1840/1219/1 1839/1218/1 1862/1241/1
f 1840/1219/1 1862/1241/1 1863/1242/1
f 1839/1218/4 1843/1222/4 1864/1243/4
f 1839/1218/4 1864/1243/4 1862/1241/4
f 1843/1222/3 1845/1224/3 1865/1244/3
f 1843/1222/3 1865/1244/3 1864/1243/3
f 1866/1245/2 1867/1246/2 1868/1247/2
f 1866/1245/2 1868/1247/2 1869/1248/2
f 1870/1249/1 1871/1250/1 1872/1251/1
f 1870/1249/1 1872/1251/1 1873/1252/1
f 1871/1250/4 1874/1253/4 1875/1254/4
f 1871/1250/4 1875/1254/4 1872/1251/4
f 1874/1253/3 1876/1255/3 1877/1256/3
f 1874/1253/3 1877/1256/3 1875/1254/3
f 1860/1239/464 1861/1240/464 1868/1247/464
f 1860/1239/464 1868/1247/464 1867/1246/464
f 1863/1242/493 1862/1241/493 1871/1250/493
f 1863/1242/493 1871/1250/493 1870/1249/493
f 1878/1257/5 1866/1245/5 1869/1248/5
f 1878/1257/5 1869/1248/5 1879/1258/5
f 1862/1241/466 1864/1243/466 1874/1253/466
f 1862/1241/466 1874/1253/466 1871/1250/466
f 1864/1243/494 1865/1244/494 1876/1255/494
f 1864/1243/494 1876/1255/494 1874/1253/494
f 1880/1259/468 1881/1260/468 1882/1261/468
f 1880/1259/468 1882/1261/468 1883/1262/468
f 1884/1263/469 1885/1264/469 1886/1265/469
f 1884/1263/469 1886/1265/469 1887/1266/469
f 1887/1266/495 1886/1265/495 1888/1267/495
f 1887/1266/495 1888/1267/495 1889/1268/495
f 1889/1268/470 1888/1267/470 1890/1269/470
f 1889/1268/470 1890/1269/470 1891/1270/470
f 1891/1270/28 1890/1269/28 1892/1271/28
f 1891/1270/28 1892/1271/28 1893/1272/28
f 1893/1272/27 1892/1271/27 1894/1273/27
f 1893/1272/27 1894/1273/27 1895/1274/27
f 1895/1274/471 1894/1273/471 1896/1275/471
f 1895/1274/471 1896/1275/471 1897/1276/471
f 1897/1276/496 1896/1275/496 1881/1260/496
f 1897/1276/496 1881/1260/496 1880/1259/496
f 1898/1277/79 1881/1260/79 1899/1278/79
f 1900/1279/38 1901/1280/38 1899/1278/38
f 1902/1281/6 1900/1279/6 1899/1278/6
f 1903/1282/6 1902/1281/6 1899/1278/6
f 1904/1283/6 1903/1282/6 1899/1278/6
f 1905/1284/6 1904/1283/6 1899/1278/6
f 1896/1275/6 1905/1284/6 1899/1278/6
f 1881/1260/6 1896/1275/6 1899/1278/6
f 1834/1213/2 1835/1214/2 1836/1215/2
f 1834/1213/2 1836/1215/2 1837/1216/2
f 1838/1217/1 1839/1218/1 1840/1219/1
f 1838/1217/1 1840/1219/1 1841/1220/1
f 1842/1221/4 1843/1222/4 1839/1218/4
f 1842/1221/4 1839/1218/4 1838/1217/4
f 1844/1223/3 1845/1224/3 1843/1222/3
f 1844/1223/3 1843/1222/3 1842/1221/3
f 1846/1225/2 1847/1226/2 1848/1227/2
f 1846/1225/2 1848/1227/2 1849/1228/2
f 1850/1229/1 1851/1230/1 1852/1231/1
f 1850/1229/1 1852/1231/1 1853/1232/1
f 1854/1233/4 1855/1234/4 1851/1230/4
f 1854/1233/4 1851/1230/4 1850/1229/4
f 1856/1235/3 1857/1236/3 1855/1234/3
f 1856/1235/3 1855/1234/3 1854/1233/3
f 1846/1225/488 1837/1216/488 1836/1215/488
f 1846/1225/488 1836/1215/488 1847/1226/488
f 1851/1230/489 1838/1217/490 1841/1220/490
f 1851/1230/489 1841/1220/490 1852/1231/489
f 1858/1237/6 1859/1238/6 1849/1228/6
f 1858/1237/6 1849/1228/6 1848/1227/6
f 1855/1234/491 1842/1221/491 1838/1217/491
f 1855/1234/491 1838/1217/491 1851/1230/491
f 1857/1236/492 1844/1223/492 1842/1221/492
f 1857/1236/492 1842/1221/492 1855/1234/492
f 1860/1239/2 1835/1214/2 1834/1213/2
f 1860/1239/2 1834/1213/2 1861/1240/2
f 1840/1219/1 1839/1218/1 1862/1241/1
f 1840/1219/1 1862/1241/1 1863/1242/1
f 1839/1218/4 1843/1222/4 1864/1243/4
f 1839/1218/4 1864/1243/4 1862/1241/4
f 1843/1222/3 1845/1224/3 1865/1244/3
f 1843/1222/3 1865/1244/3 1864/1243/3
f 1866/1245/2 1867/1246/2 1868/1247/2
f 1866/1245/2 1868/1247/2 1869/1248/2
f 1870/1249/1 1871/1250/1 1872/1251/1
f 1870/1249/1 1872/1251/1 1873/1252/1
f 1871/1250/4 1874/1253/4 1875/1254/4
f 1871/1250/4 1875/1254/4 1872/1251/4
f 1874/1253/3 1876/1255/3 1877/1256/3
f 1874/1253/3 1877/1256/3 1875/1254/3
f 1860/1239/464 1861/1240/464 1868/1247/464
f 1860/1239/464 1868/1247/464 1867/1246/464
f 1863/1242/493 1862/1241/493 1871/1250/493
f 1863/1242/493 1871/1250/493 1870/1249/493
f 1878/1257/5 1866/1245/5 1869/1248/5
f 1878/1257/5 1869/1248/5 1879/1258/5
f 1862/1241/466 1864/1243/466 1874/1253/466
f 1862/1241/466 1874/1253/466 1871/1250/466
f 1864/1243/494 1865/1244/494 1876/1255/494
f 1864/1243/494 1876/1255/494 1874/1253/494
f 1906/1215/2 1907/1214/2 1908/1213/2
f 1906/1215/2 1908/1213/2 1909/1216/2
f 1910/1219/3 1911/1218/3 1912/1217/3
f 1910/1219/3 1912/1217/3 1913/1220/3
f 1911/1218/4 1914/1222/4 1915/1221/4
f 1911/1218/4 1915/1221/4 1912/1217/4
f 1914/1222/1 1916/1224/1 1917/1223/1
f 1914/1222/1 1917/1223/1 1915/1221/1
f 1918/1227/2 1919/1226/2 1920/1225/2
f 1918/1227/2 1920/1225/2 1921/1228/2
f 1922/1231/3 1923/1230/3 1924/1229/3
f 1922/1231/3 1924/1229/3 1925/1232/3
f 1923/1230/4 1926/1234/4 1927/1233/4
f 1923/1230/4 1927/1233/4 1924/1229/4
f 1926/1234/1 1928/1236/1 1929/1235/1
f 1926/1234/1 1929/1235/1 1927/1233/1
f 1906/1215/497 1909/1216/497 1920/1225/497
f 1906/1215/497 1920/1225/497 1919/1226/497
f 1913/1220/498 1912/1217/498 1923/1230/498
f 1913/1220/498 1923/1230/498 1922/1231/498
f 1921/1228/6 1930/1238/6 1931/1237/6
f 1921/1228/6 1931/1237/6 1918/1227/6
f 1912/1217/499 1915/1221/499 1926/1234/499
f 1912/1217/499 1926/1234/499 1923/1230/499
f 1915/1221/489 1917/1223/489 1928/1236/490
f 1915/1221/489 1928/1236/490 1926/1234/490
f 1908/1213/2 1907/1214/2 1932/1239/2
f 1908/1213/2 1932/1239/2 1933/1240/2
f 1934/1241/3 1911/1218/3 1910/1219/3
f 1934/1241/3 1910/1219/3 1935/1242/3
f 1936/1243/4 1914/1222/4 1911/1218/4
f 1936/1243/4 1911/1218/4 1934/1241/4
f 1937/1244/1 1916/1224/1 1914/1222/1
f 1937/1244/1 1914/1222/1 1936/1243/1
f 1938/1247/2 1939/1246/2 1940/1245/2
f 1938/1247/2 1940/1245/2 1941/1248/2
f 1942/1251/3 1943/1250/3 1944/1249/3
f 1942/1251/3 1944/1249/3 1945/1252/3
f 1946/1254/4 1947/1253/4 1943/1250/4
f 1946/1254/4 1943/1250/4 1942/1251/4
f 1948/1256/1 1949/1255/1 1947/1253/1
f 1948/1256/1 1947/1253/1 1946/1254/1
f 1938/1247/464 1933/1240/464 1932/1239/464
f 1938/1247/464 1932/1239/464 1939/1246/464
f 1943/1250/500 1934/1241/500 1935/1242/500
f 1943/1250/500 1935/1242/500 1944/1249/500
f 1941/1248/5 1940/1245/5 1950/1257/5
f 1941/1248/5 1950/1257/5 1951/1258/5
f 1947/1253/466 1936/1243/466 1934/1241/466
f 1947/1253/466 1934/1241/466 1943/1250/466
f 1949/1255/501 1937/1244/501 1936/1243/501
f 1949/1255/501 1936/1243/501 1947/1253/501
f 1952/1215/2 1953/1214/2 1954/1213/2
f 1952/1215/2 1954/1213/2 1955/1216/2
f 1956/1219/1 1957/1218/1 1958/1217/1
f 1956/1219/1 1958/1217/1 1959/1220/1
f 1957/1218/4 1960/1222/4 1961/1221/4
f 1957/1218/4 1961/1221/4 1958/1217/4
f 1960/1222/3 1962/1224/3 1963/1223/3
f 1960/1222/3 1963/1223/3 1961/1221/3
f 1964/1227/2 1965/1226/2 1966/1225/2
f 1964/1227/2 1966/1225/2 1967/1228/2
f 1968/1231/1 1969/1230/1 1970/1229/1
f 1968/1231/1 1970/1229/1 1971/1232/1
f 1969/1230/4 1972/1234/4 1973/1233/4
f 1969/1230/4 1973/1233/4 1970/1229/4
f 1972/1234/3 1974/1236/3 1975/1235/3
f 1972/1234/3 1975/1235/3 1973/1233/3
f 1952/1215/479 1955/1216/479 1966/1225/479
f 1952/1215/479 1966/1225/479 1965/1226/479
f 1959/1220/493 1958/1217/493 1969/1230/493
f 1959/1220/493 1969/1230/493 1968/1231/493
f 1967/1228/5 1976/1238/5 1977/1237/5
f 1967/1228/5 1977/1237/5 1964/1227/5
f 1958/1217/480 1961/1221/480 1972/1234/480
f 1958/1217/480 1972/1234/480 1969/1230/480
f 1961/1221/494 1963/1223/494 1974/1236/494
f 1961/1221/494 1974/1236/494 1972/1234/494
f 1954/1213/2 1953/1214/2 1978/1239/2
f 1954/1213/2 1978/1239/2 1979/1240/2
f 1980/1241/1 1957/1218/1 1956/1219/1
f 1980/1241/1 1956/1219/1 1981/1242/1
f 1982/1243/4 1960/1222/4 1957/1218/4
f 1982/1243/4 1957/1218/4 1980/1241/4
f 1983/1244/3 1962/1224/3 1960/1222/3
f 1983/1244/3 1960/1222/3 1982/1243/3
f 1984/1247/2 1985/1246/2 1986/1245/2
f 1984/1247/2 1986/1245/2 1987/1248/2
f 1988/1251/1 1989/1250/1 1990/1249/1
f 1988/1251/1 1990/1249/1 1991/1252/1
f 1992/1254/4 1993/1253/4 1989/1250/4
f 1992/1254/4 1989/1250/4 1988/1251/4
f 1994/1256/3 1995/1255/3 1993/1253/3
f 1994/1256/3 1993/1253/3 1992/1254/3
f 1984/1247/481 1979/1240/481 1978/1239/481
f 1984/1247/481 1978/1239/481 1985/1246/481
f 1989/1250/489 1980/1241/490 1981/1242/490
f 1989/1250/489 1981/1242/490 1990/1249/489
f 1987/1248/6 1986/1245/6 1996/1257/6
f 1987/1248/6 1996/1257/6 1997/1258/6
f 1993/1253/482 1982/1243/482 1980/1241/482
f 1993/1253/482 1980/1241/482 1989/1250/482
f 1995/1255/492 1983/1244/492 1982/1243/492
f 1995/1255/492 1982/1243/492 1993/1253/492
f 1998/1261/468 1999/1260/468 1880/1259/468
f 1998/1261/468 1880/1259/468 1883/1262/468
f 2000/1265/469 2001/1264/469 1884/1263/469
f 2000/1265/469 1884/1263/469 1887/1266/469
f 2002/1267/495 2000/1265/495 1887/1266/495
f 2002/1267/495 1887/1266/495 1889/1268/495
f 2003/1269/470 2002/1267/470 1889/1268/470
f 2003/1269/470 1889/1268/470 1891/1270/470
f 2004/1271/28 2003/1269/28 1891/1270/28
f 2004/1271/28 1891/1270/28 1893/1272/28
f 2005/1273/27 2004/1271/27 1893/1272/27
f 2005/1273/27 1893/1272/27 1895/1274/27
f 2006/1275/471 2005/1273/471 1895/1274/471
f 2006/1275/471 1895/1274/471 1897/1276/471
f 1999/1260/496 2006/1275/496 1897/1276/496
f 1999/1260/496 1897/1276/496 1880/1259/496
f 2007/1277/5 2008/1278/5 1999/1260/5
f 2009/1279/5 2008/1278/5 2010/1280/5
f 2011/1281/5 2008/1278/5 2009/1279/5
f 2012/1282/5 2008/1278/5 2011/1281/5
f 2013/1283/90 2008/1278/90 2012/1282/90
f 2014/1284/483 2008/1278/483 2013/1283/483
f 2006/1275/5 2008/1278/5 2014/1284/5
f 1999/1260/5 2008/1278/5 2006/1275/5
f 1952/1215/2 1953/1214/2 1954/1213/2
f 1952/1215/2 1954/1213/2 1955/1216/2
f 1956/1219/1 1957/1218/1 1958/1217/1
f 1956/1219/1 1958/1217/1 1959/1220/1
f 1957/1218/4 1960/1222/4 1961/1221/4
f 1957/1218/4 1961/1221/4 1958/1217/4
f 1960/1222/3 1962/1224/3 1963/1223/3
f 1960/1222/3 1963/1223/3 1961/1221/3
f 1964/1227/2 1965/1226/2 1966/1225/2
f 1964/1227/2 1966/1225/2 1967/1228/2
f 1968/1231/1 1969/1230/1 1970/1229/1
f 1968/1231/1 1970/1229/1 1971/1232/1
f 1969/1230/4 1972/1234/4 1973/1233/4
f 1969/1230/4 1973/1233/4 1970/1229/4
f 1972/1234/3 1974/1236/3 1975/1235/3
f 1972/1234/3 1975/1235/3 1973/1233/3
f 1952/1215/479 1955/1216/479 1966/1225/479
f 1952/1215/479 1966/1225/479 1965/1226/479
f 1959/1220/493 1958/1217/493 1969/1230/493
f 1959/1220/493 1969/1230/493 1968/1231/493
f 1967/1228/5 1976/1238/5 1977/1237/5
f 1967/1228/5 1977/1237/5 1964/1227/5
f 1958/1217/480 1961/1221/480 1972/1234/480
f 1958/1217/480 1972/1234/480 1969/1230/480
f 1961/1221/494 1963/1223/494 1974/1236/494
f 1961/1221/494 1974/1236/494 1972/1234/494
f 1954/1213/2 1953/1214/2 1978/1239/2
f 1954/1213/2 1978/1239/2 1979/1240/2
f 1980/1241/1 1957/1218/1 1956/1219/1
f 1980/1241/1 1956/1219/1 1981/1242/1
f 1982/1243/4 1960/1222/4 1957/1218/4
f 1982/1243/4 1957/1218/4 1980/1241/4
f 1983/1244/3 1962/1224/3 1960/1222/3
f 1983/1244/3 1960/1222/3 1982/1243/3
f 1984/1247/2 1985/1246/2 1986/1245/2
f 1984/1247/2 1986/1245/2 1987/1248/2
f 1988/1251/1 1989/1250/1 1990/1249/1
f 1988/1251/1 1990/1249/1 1991/1252/1
f 1992/1254/4 1993/1253/4 1989/1250/4
f 1992/1254/4 1989/1250/4 1988/1251/4
f 1994/1256/3 1995/1255/3 1993/1253/3
f 1994/1256/3 1993/1253/3 1992/1254/3
f 1984/1247/481 1979/1240/481 1978/1239/481
f 1984/1247/481 1978/1239/481 1985/1246/481
f 1989/1250/489 1980/1241/490 1981/1242/490
f 1989/1250/489 1981/1242/490 1990/1249/489
f 1987/1248/6 1986/1245/6 1996/1257/6
f 1987/1248/6 1996/1257/6 1997/1258/6
f 1993/1253/482 1982/1243/482 1980/1241/482
f 1993/1253/482 1980/1241/482 1989/1250/482
f 1995/1255/492 1983/1244/492 1982/1243/492
f 1995/1255/492 1982/1243/492 1993/1253/492
f 2015/1213/2 2016/1214/2 2017/1215/2
f 2015/1213/2 2017/1215/2 2018/1216/2
f 2019/1217/3 2020/1218/3 2021/1219/3
f 2019/1217/3 2021/1219/3 2022/1220/3
f 2023/1221/4 2024/1222/4 2020/1218/4
f 2023/1221/4 2020/1218/4 2019/1217/4
f 2025/1223/1 2026/1224/1 2024/1222/1
f 2025/1223/1 2024/1222/1 2023/1221/1
f 2027/1225/2 2028/1226/2 2029/1227/2
f 2027/1225/2 2029/1227/2 2030/1228/2
f 2031/1229/3 2032/1230/3 2033/1231/3
f 2031/1229/3 2033/1231/3 2034/1232/3
f 2035/1233/4 2036/1234/4 2032/1230/4
f 2035/1233/4 2032/1230/4 2031/1229/4
f 2037/1235/1 2038/1236/1 2036/1234/1
f 2037/1235/1 2036/1234/1 2035/1233/1
f 2027/1225/502 2018/1216/502 2017/1215/502
f 2027/1225/502 2017/1215/502 2028/1226/502
f 2032/1230/500 2019/1217/500 2022/1220/500
f 2032/1230/500 2022/1220/500 2033/1231/500
f 2039/1237/5 2040/1238/5 2030/1228/5
f 2039/1237/5 2030/1228/5 2029/1227/5
f 2036/1234/485 2023/1221/485 2019/1217/485
f 2036/1234/485 2019/1217/485 2032/1230/485
f 2038/1236/501 2025/1223/501 2023/1221/501
f 2038/1236/501 2023/1221/501 2036/1234/501
f 2041/1239/2 2016/1214/2 2015/1213/2
f 2041/1239/2 2015/1213/2 2042/1240/2
f 2021/1219/3 2020/1218/3 2043/1241/3
f 2021/1219/3 2043/1241/3 2044/1242/3
f 2020/1218/4 2024/1222/4 2045/1243/4
f 2020/1218/4 2045/1243/4 2043/1241/4
f 2024/1222/1 2026/1224/1 2046/1244/1
f 2024/1222/1 2046/1244/1 2045/1243/1
f 2047/1245/2 2048/1246/2 2049/1247/2
f 2047/1245/2 2049/1247/2 2050/1248/2
f 2051/1249/3 2052/1250/3 2053/1251/3
f 2051/1249/3 2053/1251/3 2054/1252/3
f 2052/1250/4 2055/1253/4 2056/1254/4
f 2052/1250/4 2056/1254/4 2053/1251/4
f 2055/1253/1 2057/1255/1 2058/1256/1
f 2055/1253/1 2058/1256/1 2056/1254/1
f 2041/1239/481 2042/1240/481 2049/1247/481
f 2041/1239/481 2049/1247/481 2048/1246/481
f 2044/1242/498 2043/1241/498 2052/1250/498
f 2044/1242/498 2052/1250/498 2051/1249/498
f 2059/1257/6 2047/1245/6 2050/1248/6
f 2059/1257/6 2050/1248/6 2060/1258/6
f 2043/1241/482 2045/1243/482 2055/1253/482
f 2043/1241/482 2055/1253/482 2052/1250/482
f 2045/1243/489 2046/1244/489 2057/1255/490
f 2045/1243/489 2057/1255/490 2055/1253/490
f 2061/1285/3 2062/1286/3 2063/1287/3
f 2061/1285/3 2063/1287/3 2064/1288/3
f 2065/1289/2 2066/1290/2 2067/1291/2
f 2065/1289/2 2067/1291/2 2068/1292/2
f 2065/1289/1 2069/1293/1 2070/1294/1
f 2065/1289/1 2070/1294/1 2066/1290/1
f 2071/1295/4 2072/1296/4 2070/1294/4
f 2071/1295/4 2070/1294/4 2069/1293/4
f 2073/1297/6 2074/1298/6 2069/1293/6
f 2073/1297/6 2069/1293/6 2065/1289/6
f 2066/1290/5 2070/1294/5 2062/1286/5
f 2066/1290/5 2062/1286/5 2061/1285/5
f 2075/1299/3 2076/1300/3 2077/1301/3
f 2075/1299/3 2077/1301/3 2078/1302/3
f 2079/1303/2 2075/1299/2 2078/1302/2
f 2079/1303/2 2078/1302/2 2080/1304/2
f 2081/1305/1 2082/1306/1 2083/1307/1
f 2081/1305/1 2083/1307/1 2084/1308/1
f 2076/1300/4 2081/1305/4 2084/1308/4
f 2076/1300/4 2084/1308/4 2077/1301/4
f 2085/1309/6 2077/1301/6 2084/1308/6
f 2085/1309/6 2084/1308/6 2086/1310/6
f 2087/1311/5 2081/1305/5 2076/1300/5
f 2087/1311/5 2076/1300/5 2088/1312/5
f 2089/3/3 2090/2/3 2091/1/3
f 2089/3/3 2091/1/3 2092/4/3
f 2092/4/2 2091/1/2 2093/5/2
f 2092/4/2 2093/5/2 2094/6/2
f 2094/6/1 2093/5/1 2095/7/1
f 2094/6/1 2095/7/1 2096/8/1
f 2097/11/4 2098/10/4 2099/9/4
f 2097/11/4 2099/9/4 2100/12/4
f 2097/11/5 2100/12/5 2092/4/5
f 2097/11/5 2092/4/5 2094/6/5
f 2101/14/6 2102/13/6 2093/5/6
f 2101/14/6 2093/5/6 2091/1/6
f 2103/1285/3 2104/1286/3 2105/1287/3
f 2103/1285/3 2105/1287/3 2106/1288/3
f 2107/1289/2 2108/1290/2 2109/1291/2
f 2107/1289/2 2109/1291/2 2110/1292/2
f 2107/1289/1 2111/1293/1 2112/1294/1
f 2107/1289/1 2112/1294/1 2108/1290/1
f 2113/1295/4 2114/1296/4 2112/1294/4
f 2113/1295/4 2112/1294/4 2111/1293/4
f 2115/1297/6 2116/1298/6 2111/1293/6
f 2115/1297/6 2111/1293/6 2107/1289/6
f 2108/1290/5 2112/1294/5 2104/1286/5
f 2108/1290/5 2104/1286/5 2103/1285/5
f 2117/17/3 2118/16/3 2119/15/3
f 2117/17/3 2119/15/3 2120/18/3
f 2121/19/2 2117/17/2 2120/18/2
f 2121/19/2 2120/18/2 2122/20/2
f 2123/21/1 2121/19/1 2122/20/1
f 2123/21/1 2122/20/1 2124/22/1
f 2125/25/4 2126/24/4 2127/23/4
f 2125/25/4 2127/23/4 2128/26/4
f 2120/18/6 2129/28/6 2130/27/6
f 2120/18/6 2130/27/6 2122/20/6
f 2121/19/5 2126/24/5 2125/25/5
f 2121/19/5 2125/25/5 2117/17/5
f 2131/31/3 2132/30/3 2133/29/3
f 2131/31/3 2133/29/3 2134/32/3
f 2134/32/2 2133/29/2 2135/33/2
f 2134/32/2 2135/33/2 2136/34/2
f 2136/34/1 2135/33/1 2137/35/1
f 2136/34/1 2137/35/1 2138/36/1
f 2139/39/4 2140/38/4 2141/37/4
f 2139/39/4 2141/37/4 2142/40/4
f 2139/39/5 2142/40/5 2134/32/5
f 2139/39/5 2134/32/5 2136/34/5
f 2143/42/6 2144/41/6 2135/33/6
f 2143/42/6 2135/33/6 2133/29/6
f 2145/45/3 2146/44/3 2147/43/3
f 2145/45/3 2147/43/3 2148/46/3
f 2149/47/2 2145/45/2 2148/46/2
f 2149/47/2 2148/46/2 2150/48/2
f 2151/49/1 2149/47/1 2150/48/1
f 2151/49/1 2150/48/1 2152/50/1
f 2153/53/4 2154/52/4 2155/51/4
f 2153/53/4 2155/51/4 2156/54/4
f 2148/46/6 2157/56/6 2158/55/6
f 2148/46/6 2158/55/6 2150/48/6
f 2149/47/5 2154/52/5 2153/53/5
f 2149/47/5 2153/53/5 2145/45/5
f 2159/59/3 2160/58/3 2161/57/3
f 2159/59/3 2161/57/3 2162/60/3
f 2162/60/2 2161/57/2 2163/61/2
f 2162/60/2 2163/61/2 2164/62/2
f 2164/62/1 2163/61/1 2165/63/1
f 2164/62/1 2165/63/1 2166/64/1
f 2167/67/4 2168/66/4 2169/65/4
f 2167/67/4 2169/65/4 2170/68/4
f 2167/67/5 2170/68/5 2162/60/5
f 2167/67/5 2162/60/5 2164/62/5
f 2171/70/6 2172/69/6 2163/61/6
f 2171/70/6 2163/61/6 2161/57/6
f 2173/73/3 2174/72/3 2175/71/3
f 2173/73/3 2175/71/3 2176/74/3
f 2177/75/2 2173/73/2 2176/74/2
f 2177/75/2 2176/74/2 2178/76/2
f 2179/77/1 2177/75/1 2178/76/1
f 2179/77/1 2178/76/1 2180/78/1
f 2181/81/4 2182/80/4 2183/79/4
f 2181/81/4 2183/79/4 2184/82/4
f 2176/74/6 2185/84/6 2186/83/6
f 2176/74/6 2186/83/6 2178/76/6
f 2177/75/5 2182/80/5 2181/81/5
f 2177/75/5 2181/81/5 2173/73/5
f 2187/1299/3 2188/1300/3 2189/1301/3
f 2187/1299/3 2189/1301/3 2190/1302/3
f 2191/1303/2 2187/1299/2 2190/1302/2
f 2191/1303/2 2190/1302/2 2192/1304/2
f 2193/1305/1 2194/1306/1 2195/1307/1
f 2193/1305/1 2195/1307/1 2196/1308/1
f 2188/1300/4 2193/1305/4 2196/1308/4
f 2188/1300/4 2196/1308/4 2189/1301/4
f 2197/1309/6 2189/1301/6 2196/1308/6
f 2197/1309/6 2196/1308/6 2198/1310/6
f 2199/1311/5 2193/1305/5 2188/1300/5
f 2199/1311/5 2188/1300/5 2200/1312/5
f 2201/1287/3 2202/1286/3 2203/1285/3
f 2201/1287/3 2203/1285/3 2204/1288/3
f 2205/1291/4 2206/1290/4 2207/1289/4
f 2205/1291/4 2207/1289/4 2208/1292/4
f 2209/1294/1 2210/1293/1 2207/1289/1
f 2209/1294/1 2207/1289/1 2206/1290/1
f 2209/1294/2 2211/1296/2 2212/1295/2
f 2209/1294/2 2212/1295/2 2210/1293/2
f 2210/1293/6 2213/1298/6 2214/1297/6
f 2210/1293/6 2214/1297/6 2207/1289/6
f 2202/1286/5 2209/1294/5 2206/1290/5
f 2202/1286/5 2206/1290/5 2203/1285/5
f 2215/1301/3 2216/1300/3 2217/1299/3
f 2215/1301/3 2217/1299/3 2218/1302/3
f 2218/1302/4 2217/1299/4 2219/1303/4
f 2218/1302/4 2219/1303/4 2220/1304/4
f 2221/1307/1 2222/1306/1 2223/1305/1
f 2221/1307/1 2223/1305/1 2224/1308/1
f 2224/1308/2 2223/1305/2 2216/1300/2
f 2224/1308/2 2216/1300/2 2215/1301/2
f 2224/1308/6 2215/1301/6 2225/1309/6
f 2224/1308/6 2225/1309/6 2226/1310/6
f 2216/1300/5 2223/1305/5 2227/1311/5
f 2216/1300/5 2227/1311/5 2228/1312/5
f 2229/1/3 2230/2/3 2231/3/3
f 2229/1/3 2231/3/3 2232/4/3
f 2233/5/4 2229/1/4 2232/4/4
f 2233/5/4 2232/4/4 2234/6/4
f 2235/7/1 2233/5/1 2234/6/1
f 2235/7/1 2234/6/1 2236/8/1
f 2237/9/2 2238/10/2 2239/11/2
f 2237/9/2 2239/11/2 2240/12/2
f 2232/4/5 2240/12/5 2239/11/5
f 2232/4/5 2239/11/5 2234/6/5
f 2233/5/6 2241/13/6 2242/14/6
f 2233/5/6 2242/14/6 2229/1/6
f 2243/1287/3 2244/1286/3 2245/1285/3
f 2243/1287/3 2245/1285/3 2246/1288/3
f 2247/1291/4 2248/1290/4 2249/1289/4
f 2247/1291/4 2249/1289/4 2250/1292/4
f 2251/1294/1 2252/1293/1 2249/1289/1
f 2251/1294/1 2249/1289/1 2248/1290/1
f 2251/1294/2 2253/1296/2 2254/1295/2
f 2251/1294/2 2254/1295/2 2252/1293/2
f 2252/1293/6 2255/1298/6 2256/1297/6
f 2252/1293/6 2256/1297/6 2249/1289/6
f 2244/1286/5 2251/1294/5 2248/1290/5
f 2244/1286/5 2248/1290/5 2245/1285/5
f 2257/15/3 2258/16/3 2259/17/3
f 2257/15/3 2259/17/3 2260/18/3
f 2260/18/4 2259/17/4 2261/19/4
f 2260/18/4 2261/19/4 2262/20/4
f 2262/20/1 2261/19/1 2263/21/1
f 2262/20/1 2263/21/1 2264/22/1
f 2265/23/2 2266/24/2 2267/25/2
f 2265/23/2 2267/25/2 2268/26/2
f 2269/27/6 2270/28/6 2260/18/6
f 2269/27/6 2260/18/6 2262/20/6
f 2267/25/5 2266/24/5 2261/19/5
f 2267/25/5 2261/19/5 2259/17/5
f 2271/29/3 2272/30/3 2273/31/3
f 2271/29/3 2273/31/3 2274/32/3
f 2275/33/4 2271/29/4 2274/32/4
f 2275/33/4 2274/32/4 2276/34/4
f 2277/35/1 2275/33/1 2276/34/1
f 2277/35/1 2276/34/1 2278/36/1
f 2279/37/2 2280/38/2 2281/39/2
f 2279/37/2 2281/39/2 2282/40/2
f 2274/32/5 2282/40/5 2281/39/5
f 2274/32/5 2281/39/5 2276/34/5
f 2275/33/6 2283/41/6 2284/42/6
f 2275/33/6 2284/42/6 2271/29/6
f 2285/43/3 2286/44/3 2287/45/3
f 2285/43/3 2287/45/3 2288/46/3
f 2288/46/4 2287/45/4 2289/47/4
f 2288/46/4 2289/47/4 2290/48/4
f 2290/48/1 2289/47/1 2291/49/1
f 2290/48/1 2291/49/1 2292/50/1
f 2293/51/2 2294/52/2 2295/53/2
f 2293/51/2 2295/53/2 2296/54/2
f 2297/55/6 2298/56/6 2288/46/6
f 2297/55/6 2288/46/6 2290/48/6
f 2295/53/5 2294/52/5 2289/47/5
f 2295/53/5 2289/47/5 2287/45/5
f 2299/57/3 2300/58/3 2301/59/3
f 2299/57/3 2301/59/3 2302/60/3
f 2303/61/4 2299/57/4 2302/60/4
f 2303/61/4 2302/60/4 2304/62/4
f 2305/63/1 2303/61/1 2304/62/1
f 2305/63/1 2304/62/1 2306/64/1
f 2307/65/2 2308/66/2 2309/67/2
f 2307/65/2 2309/67/2 2310/68/2
f 2302/60/5 2310/68/5 2309/67/5
f 2302/60/5 2309/67/5 2304/62/5
f 2303/61/6 2311/69/6 2312/70/6
f 2303/61/6 2312/70/6 2299/57/6
f 2313/71/3 2314/72/3 2315/73/3
f 2313/71/3 2315/73/3 2316/74/3
f 2316/74/4 2315/73/4 2317/75/4
f 2316/74/4 2317/75/4 2318/76/4
f 2318/76/1 2317/75/1 2319/77/1
f 2318/76/1 2319/77/1 2320/78/1
f 2321/79/2 2322/80/2 2323/81/2
f 2321/79/2 2323/81/2 2324/82/2
f 2325/83/6 2326/84/6 2316/74/6
f 2325/83/6 2316/74/6 2318/76/6
f 2323/81/5 2322/80/5 2317/75/5
f 2323/81/5 2317/75/5 2315/73/5
f 2327/1301/3 2328/1300/3 2329/1299/3
f 2327/1301/3 2329/1299/3 2330/1302/3
f 2330/1302/4 2329/1299/4 2331/1303/4
f 2330/1302/4 2331/1303/4 2332/1304/4
f 2333/1307/1 2334/1306/1 2335/1305/1
f 2333/1307/1 2335/1305/1 2336/1308/1
f 2336/1308/2 2335/1305/2 2328/1300/2
f 2336/1308/2 2328/1300/2 2327/1301/2
f 2336/1308/6 2327/1301/6 2337/1309/6
f 2336/1308/6 2337/1309/6 2338/1310/6
f 2328/1300/5 2335/1305/5 2339/1311/5
f 2328/1300/5 2339/1311/5 2340/1312/5
f 2341/857/5 2342/856/5 2343/855/5
f 2341/857/5 2343/855/5 2344/858/5
f 2345/861/437 2346/860/437 2347/859/437
f 2345/861/437 2347/859/437 2348/862/437
f 2349/864/438 2350/863/438 2342/856/438
f 2349/864/438 2342/856/438 2341/857/438
f 2349/864/1 2341/857/1 2351/865/1
f 2349/864/1 2351/865/1 2352/866/1
f 2342/856/3 2350/863/3 2347/859/3
f 2342/856/3 2347/859/3 2346/860/3
f 2353/869/3 2354/868/3 2355/867/3
f 2353/869/3 2355/867/3 2356/870/3
f 2357/871/438 2354/868/438 2353/869/438
f 2357/871/438 2353/869/438 2358/872/438
f 2358/872/1 2359/874/1 2360/873/1
f 2358/872/1 2360/873/1 2357/871/1
f 2361/875/437 2356/870/437 2355/867/437
f 2361/875/437 2355/867/437 2362/876/437
f 2363/877/3 2353/869/3 2356/870/3
f 2363/877/3 2356/870/3 2364/878/3
f 2358/872/439 2353/869/439 2363/877/439
f 2358/872/439 2363/877/439 2365/879/439
f 2365/879/1 2366/880/1 2359/874/1
f 2365/879/1 2359/874/1 2358/872/1
f 2367/881/440 2364/878/440 2356/870/440
f 2367/881/440 2356/870/440 2361/875/440
f 2368/884/3 2369/883/3 2370/882/3
f 2368/884/3 2370/882/3 2371/885/3
f 2372/886/438 2369/883/438 2368/884/438
f 2372/886/438 2368/884/438 2373/887/438
f 2373/887/1 2374/889/1 2375/888/1
f 2373/887/1 2375/888/1 2372/886/1
f 2376/890/437 2371/885/437 2370/882/437
f 2376/890/437 2370/882/437 2377/891/437
f 2369/883/3 2378/893/3 2379/892/3
f 2369/883/3 2379/892/3 2370/882/3
f 2380/894/439 2378/893/439 2369/883/439
f 2380/894/439 2369/883/439 2372/886/439
f 2372/886/1 2375/888/1 2381/895/1
f 2372/886/1 2381/895/1 2380/894/1
f 2377/891/440 2370/882/440 2379/892/440
f 2377/891/440 2379/892/440 2382/896/440
f 2354/868/3 2368/884/3 2371/885/3
f 2354/868/3 2371/885/3 2355/867/3
f 2373/887/439 2368/884/439 2354/868/439
f 2373/887/439 2354/868/439 2357/871/439
f 2357/871/1 2360/873/1 2374/889/1
f 2357/871/1 2374/889/1 2373/887/1
f 2362/876/440 2355/867/440 2371/885/440
f 2362/876/440 2371/885/440 2376/890/440
f 2383/897/3 2363/877/3 2364/878/3
f 2383/897/3 2364/878/3 2384/898/3
f 2385/899/437 2384/898/437 2364/878/437
f 2385/899/437 2364/878/437 2367/881/437
f 2386/901/1 2387/900/1 2366/880/1
f 2386/901/1 2366/880/1 2365/879/1
f 2365/879/438 2363/877/438 2383/897/438
f 2365/879/438 2383/897/438 2386/901/438
f 2350/863/3 2383/897/3 2384/898/3
f 2350/863/3 2384/898/3 2347/859/3
f 2386/901/439 2383/897/439 2350/863/439
f 2386/901/439 2350/863/439 2349/864/439
f 2349/864/1 2352/866/1 2387/900/1
f 2349/864/1 2387/900/1 2386/901/1
f 2348/862/440 2347/859/440 2384/898/440
f 2348/862/440 2384/898/440 2385/899/440
f 2388/904/5 2389/903/5 2390/902/5
f 2388/904/5 2390/902/5 2391/905/5
f 2391/905/2 2392/907/2 2393/906/2
f 2391/905/2 2393/906/2 2394/908/2
f 2395/911/4 2396/910/4 2397/909/4
f 2395/911/4 2397/909/4 2388/904/4
f 2395/911/1 2388/904/1 2391/905/1
f 2395/911/1 2391/905/1 2394/908/1
f 2398/913/3 2399/912/3 2393/906/3
f 2398/913/3 2393/906/3 2392/907/3
f 2400/916/5 2401/915/5 2402/914/5
f 2400/916/5 2402/914/5 2403/917/5
f 2404/919/2 2402/914/2 2405/918/2
f 2404/919/2 2405/918/2 2406/920/2
f 2407/922/4 2408/921/4 2401/915/4
f 2407/922/4 2401/915/4 2409/923/4
f 2410/925/1 2411/924/1 2404/919/1
f 2410/925/1 2404/919/1 2406/920/1
f 2401/915/3 2408/921/3 2405/918/3
f 2401/915/3 2405/918/3 2402/914/3
f 2412/928/1 2413/927/1 2414/926/1
f 2412/928/1 2414/926/1 2415/929/1
f 2415/929/2 2414/926/2 2416/930/2
f 2415/929/2 2416/930/2 2417/931/2
f 2417/931/3 2416/930/3 2418/932/3
f 2417/931/3 2418/932/3 2419/933/3
f 2420/936/4 2421/935/4 2422/934/4
f 2420/936/4 2422/934/4 2423/937/4
f 2420/936/6 2423/937/6 2415/929/6
f 2420/936/6 2415/929/6 2417/931/6
f 2422/934/5 2421/935/5 2424/938/5
f 2422/934/5 2424/938/5 2425/939/5
f 2426/942/1 2427/941/1 2428/940/1
f 2426/942/1 2428/940/1 2429/943/1
f 2430/946/2 2431/945/2 1196/944/2
f 2430/946/2 1196/944/2 1199/947/2
f 1201/949/4 1200/948/4 2427/941/4
f 1201/949/4 2427/941/4 2426/942/4
f 1201/949/6 2426/942/6 2430/946/6
f 1201/949/6 2430/946/6 1199/947/6
f 2432/951/5 1202/950/5 1196/944/5
f 2432/951/5 1196/944/5 2431/945/5
f 2433/954/1 2434/953/1 2435/952/1
f 2433/954/1 2435/952/1 2436/955/1
f 2437/958/2 2438/957/2 1208/956/2
f 2437/958/2 1208/956/2 1211/959/2
f 1213/961/4 1212/960/4 2434/953/4
f 1213/961/4 2434/953/4 2433/954/4
f 1215/963/6 2439/962/6 2437/958/6
f 1215/963/6 2437/958/6 1211/959/6
f 2434/953/5 1212/960/5 1208/956/5
f 2434/953/5 1208/956/5 2438/957/5
f 2440/966/1 2441/965/1 2442/964/1
f 2440/966/1 2442/964/1 2443/967/1
f 2443/967/2 2442/964/2 1220/968/2
f 2443/967/2 1220/968/2 1221/969/2
f 1224/972/4 1223/971/4 2444/970/4
f 1224/972/4 2444/970/4 2445/973/4
f 1224/972/6 2445/973/6 2443/967/6
f 1224/972/6 2443/967/6 1221/969/6
f 2444/970/5 1223/971/5 1226/974/5
f 2444/970/5 1226/974/5 2446/975/5
f 2447/978/1 2448/977/1 2449/976/1
f 2447/978/1 2449/976/1 2450/979/1
f 2450/979/2 2449/976/2 1232/980/2
f 2450/979/2 1232/980/2 1233/981/2
f 1236/984/4 1235/983/4 2451/982/4
f 1236/984/4 2451/982/4 2452/985/4
f 1236/984/6 2452/985/6 2453/986/6
f 1236/984/6 2453/986/6 1239/987/6
f 2451/982/5 1235/983/5 1232/980/5
f 2451/982/5 1232/980/5 2449/976/5
f 2454/990/1 2455/989/1 2456/988/1
f 2454/990/1 2456/988/1 2457/991/1
f 2457/991/5 2456/988/5 2458/992/5
f 2457/991/5 2458/992/5 2459/993/5
f 2459/993/3 2458/992/3 2460/994/3
f 2459/993/3 2460/994/3 2461/995/3
f 2462/998/6 2463/997/6 2464/996/6
f 2462/998/6 2464/996/6 2465/999/6
f 2466/1001/2 2467/1000/2 2457/991/2
f 2466/1001/2 2457/991/2 2459/993/2
f 2464/996/4 2463/997/4 2458/992/4
f 2464/996/4 2458/992/4 2456/988/4
f 2468/1004/1 2469/1003/1 2470/1002/1
f 2468/1004/1 2470/1002/1 2471/1005/1
f 2471/1005/5 2470/1002/5 2472/1006/5
f 2471/1005/5 2472/1006/5 2473/1007/5
f 2474/1010/6 2475/1009/6 2476/1008/6
f 2474/1010/6 2476/1008/6 2477/1011/6
f 2478/1013/2 2479/1012/2 2471/1005/2
f 2478/1013/2 2471/1005/2 2473/1007/2
f 2476/1008/4 2475/1009/4 2472/1006/4
f 2476/1008/4 2472/1006/4 2470/1002/4
f 2480/1016/1 2481/1015/1 2482/1014/1
f 2480/1016/1 2482/1014/1 2483/1017/1
f 2483/1017/5 2482/1014/5 2484/1018/5
f 2483/1017/5 2484/1018/5 2485/1019/5
f 2485/1019/3 2484/1018/3 2486/1020/3
f 2485/1019/3 2486/1020/3 2487/1021/3
f 2488/1024/6 2489/1023/6 2490/1022/6
f 2488/1024/6 2490/1022/6 2491/1025/6
f 2492/1027/2 2493/1026/2 2483/1017/2
f 2492/1027/2 2483/1017/2 2485/1019/2
f 2490/1022/4 2489/1023/4 2484/1018/4
f 2490/1022/4 2484/1018/4 2482/1014/4
f 2494/1030/1 2495/1029/1 2496/1028/1
f 2494/1030/1 2496/1028/1 2497/1031/1
f 2498/1034/2 2499/1033/2 2500/1032/2
f 2498/1034/2 2500/1032/2 2501/1035/2
f 2502/1038/3 2503/1037/3 2504/1036/3
f 2502/1038/3 2504/1036/3 2505/1039/3
f 2506/1040/4 2504/1036/4 2495/1029/4
f 2506/1040/4 2495/1029/4 2507/1041/4
f 2506/1040/6 2507/1041/6 2498/1034/6
f 2506/1040/6 2498/1034/6 2501/1035/6
f 2495/1029/5 2504/1036/5 2503/1037/5
f 2495/1029/5 2503/1037/5 2496/1028/5
f 2508/1044/1 2509/1043/1 2510/1042/1
f 2508/1044/1 2510/1042/1 2511/1045/1
f 2511/1045/2 2510/1042/2 2512/1046/2
f 2511/1045/2 2512/1046/2 2513/1047/2
f 2513/1047/3 2512/1046/3 2514/1048/3
f 2513/1047/3 2514/1048/3 2515/1049/3
f 2516/1052/4 2517/1051/4 2518/1050/4
f 2516/1052/4 2518/1050/4 2519/1053/4
f 2516/1052/6 2519/1053/6 2511/1045/6
f 2516/1052/6 2511/1045/6 2513/1047/6
f 2518/1050/5 2517/1051/5 2520/1054/5
f 2518/1050/5 2520/1054/5 2521/1055/5
f 2522/1058/441 2523/1057/441 2524/1056/441
f 2522/1058/441 2524/1056/441 2525/1059/441
f 2526/1060/5 2522/1058/5 2525/1059/5
f 2526/1060/5 2525/1059/5 2527/1061/5
f 2528/1062/442 2526/1060/442 2527/1061/442
f 2528/1062/442 2527/1061/442 2529/1063/442
f 2530/1066/443 2531/1065/443 2532/1064/443
f 2530/1066/443 2532/1064/443 2533/1067/443
f 2534/1068/6 2530/1066/6 2533/1067/6
f 2534/1068/6 2533/1067/6 2535/1069/6
f 2523/1057/444 2534/1068/444 2535/1069/444
f 2523/1057/444 2535/1069/444 2524/1056/444
f 2522/1058/3 2536/1070/3 2523/1057/3
f 2537/1071/3 2536/1070/3 2522/1058/3
f 2538/1072/3 2536/1070/3 2537/1071/3
f 2539/1073/3 2536/1070/3 2538/1072/3
f 2540/1074/3 2536/1070/3 2539/1073/3
f 2523/1057/3 2536/1070/3 2540/1074/3
f 2524/1056/1 2541/1075/1 2525/1059/1
f 2525/1059/1 2541/1075/1 2542/1076/1
f 2542/1076/1 2541/1075/1 2543/1077/1
f 2543/1077/1 2541/1075/1 2544/1078/1
f 2544/1078/1 2541/1075/1 2545/1079/1
f 2545/1079/1 2541/1075/1 2524/1056/1
f 2546/1082/503 2547/1081/503 2548/1080/503
f 2546/1082/503 2548/1080/503 2549/1083/503
f 2550/1086/504 2551/1085/504 2552/1084/504
f 2550/1086/504 2552/1084/504 2553/1087/504
f 2550/1086/505 2553/1087/505 2546/1082/505
f 2550/1086/505 2546/1082/505 2549/1083/505
f 2552/1084/5 2551/1085/5 2554/1088/5
f 2552/1084/5 2554/1088/5 2555/1089/5
f 2556/1092/506 2557/1091/506 2558/1090/506
f 2556/1092/506 2558/1090/506 2559/1093/506
f 2560/1096/507 2561/1095/507 2562/1094/507
f 2560/1096/507 2562/1094/507 2563/1097/507
f 2564/1099/6 2565/1098/6 2556/1092/6
f 2564/1099/6 2556/1092/6 2559/1093/6
f 2562/1094/5 2561/1095/5 2558/1090/5
f 2562/1094/5 2558/1090/5 2557/1091/5
f 2566/1102/506 2567/1101/506 2568/1100/506
f 2566/1102/506 2568/1100/506 2569/1103/506
f 2570/1106/507 2571/1105/507 2572/1104/507
f 2570/1106/507 2572/1104/507 2573/1107/507
f 2570/1106/505 2573/1107/505 2566/1102/505
f 2570/1106/505 2566/1102/505 2569/1103/505
f 2572/1104/5 2571/1105/5 2574/1108/5
f 2572/1104/5 2574/1108/5 2575/1109/5
f 2576/1112/508 2577/1111/508 2578/1110/508
f 2576/1112/508 2578/1110/508 2579/1113/508
f 2580/1116/504 2581/1115/504 2582/1114/504
f 2580/1116/504 2582/1114/504 2583/1117/504
f 2580/1116/6 2583/1117/6 2584/1118/6
f 2580/1116/6 2584/1118/6 2585/1119/6
f 2582/1114/5 2581/1115/5 2578/1110/5
f 2582/1114/5 2578/1110/5 2577/1111/5
f 2586/87/509 2587/86/509 2588/85/509
f 2586/87/509 2588/85/509 2589/88/509
f 2590/91/507 2591/90/507 2592/89/507
f 2590/91/507 2592/89/507 2593/92/507
f 2594/94/6 2595/93/6 2586/87/6
f 2594/94/6 2586/87/6 2589/88/6
f 2592/89/5 2591/90/5 2588/85/5
f 2592/89/5 2588/85/5 2587/86/5
f 2596/97/509 2597/96/509 2598/95/509
f 2596/97/509 2598/95/509 2599/98/509
f 2600/101/507 2601/100/507 2602/99/507
f 2600/101/507 2602/99/507 2603/102/507
f 2600/101/505 2603/102/505 2596/97/505
f 2600/101/505 2596/97/505 2599/98/505
f 2604/104/5 2605/103/5 2598/95/5
f 2604/104/5 2598/95/5 2597/96/5
f 2606/1122/510 2607/1121/510 2608/1120/510
f 2606/1122/510 2608/1120/510 2609/1123/510
f 2610/1126/511 2611/1125/511 2612/1124/511
f 2610/1126/511 2612/1124/511 2613/1127/511
f 2614/1129/6 2615/1128/6 2606/1122/6
f 2614/1129/6 2606/1122/6 2609/1123/6
f 2612/1124/5 2611/1125/5 2608/1120/5
f 2612/1124/5 2608/1120/5 2607/1121/5
f 1384/1132/92 1383/1131/92 2616/1130/92
f 1384/1132/92 2616/1130/92 2617/1133/92
f 1386/1134/449 1384/1132/449 2617/1133/449
f 1386/1134/449 2617/1133/449 2618/1135/449
f 1390/1138/450 1389/1137/450 2619/1136/450
f 1390/1138/450 2619/1136/450 2620/1139/450
f 1392/1140/6 1390/1138/6 2620/1139/6
f 1392/1140/6 2620/1139/6 2621/1141/6
f 1394/1142/444 1392/1140/444 2621/1141/444
f 1394/1142/444 2621/1141/444 2622/1143/444
f 1383/1131/451 1394/1142/451 2622/1143/451
f 1383/1131/451 2622/1143/451 2616/1130/451
f 2616/1130/512 2623/1145/512 2624/1144/512
f 2624/1144/400 2623/1145/400 2625/1146/400
f 2625/1146/400 2623/1145/400 2626/1147/400
f 2626/1147/513 2623/1145/513 2627/1148/513
f 2627/1148/457 2623/1145/457 2622/1143/457
f 2622/1143/457 2623/1145/457 2616/1130/457
f 2628/1151/510 2629/1150/510 2630/1149/510
f 2628/1151/510 2630/1149/510 2631/1152/510
f 2632/1155/511 2633/1154/511 2634/1153/511
f 2632/1155/511 2634/1153/511 2635/1156/511
f 2632/1155/505 2635/1156/505 2628/1151/505
f 2632/1155/505 2628/1151/505 2631/1152/505
f 2636/1158/5 2637/1157/5 2630/1149/5
f 2636/1158/5 2630/1149/5 2629/1150/5
f 2638/1161/1 2639/1160/1 2640/1159/1
f 2638/1161/1 2640/1159/1 2641/1162/1
f 2641/1162/5 2640/1159/5 2642/1163/5
f 2641/1162/5 2642/1163/5 2643/1164/5
f 2643/1164/3 2642/1163/3 2644/1165/3
f 2643/1164/3 2644/1165/3 2645/1166/3
f 2646/1169/6 2647/1168/6 2648/1167/6
f 2646/1169/6 2648/1167/6 2649/1170/6
f 2650/1172/2 2651/1171/2 2641/1162/2
f 2650/1172/2 2641/1162/2 2643/1164/2
f 2648/1167/4 2647/1168/4 2642/1163/4
f 2648/1167/4 2642/1163/4 2640/1159/4
f 2652/1175/1 2653/1174/1 2654/1173/1
f 2652/1175/1 2654/1173/1 2655/1176/1
f 2655/1176/5 2654/1173/5 2656/1177/5
f 2655/1176/5 2656/1177/5 2657/1178/5
f 2658/1181/6 2659/1180/6 2660/1179/6
f 2658/1181/6 2660/1179/6 2661/1182/6
f 2658/1181/2 2661/1182/2 2655/1176/2
f 2658/1181/2 2655/1176/2 2657/1178/2
f 2660/1179/4 2659/1180/4 2662/1183/4
f 2660/1179/4 2662/1183/4 2663/1184/4
f 2664/1187/1 2665/1186/1 2666/1185/1
f 2664/1187/1 2666/1185/1 2667/1188/1
f 2667/1188/5 2666/1185/5 2668/1189/5
f 2667/1188/5 2668/1189/5 2669/1190/5
f 2669/1190/3 2668/1189/3 2670/1191/3
f 2669/1190/3 2670/1191/3 2671/1192/3
f 2672/1195/6 2673/1194/6 2674/1193/6
f 2672/1195/6 2674/1193/6 2675/1196/6
f 2676/1198/2 2677/1197/2 2667/1188/2
f 2676/1198/2 2667/1188/2 2669/1190/2
f 2674/1193/4 2673/1194/4 2668/1189/4
f 2674/1193/4 2668/1189/4 2666/1185/4
f 2678/1201/1 2679/1200/1 2680/1199/1
f 2678/1201/1 2680/1199/1 2681/1202/1
f 2681/1202/5 2680/1199/5 2682/1203/5
f 2681/1202/5 2682/1203/5 2683/1204/5
f 2683/1204/3 2682/1203/3 2684/1205/3
f 2683/1204/3 2684/1205/3 2685/1206/3
f 2686/1209/6 2687/1208/6 2688/1207/6
f 2686/1209/6 2688/1207/6 2689/1210/6
f 2690/1212/2 2691/1211/2 2681/1202/2
f 2690/1212/2 2681/1202/2 2683/1204/2
f 2688/1207/4 2687/1208/4 2682/1203/4
f 2688/1207/4 2682/1203/4 2680/1199/4
f 2692/857/5 2693/856/5 2694/855/5
f 2692/857/5 2694/855/5 2695/858/5
f 2696/861/437 2697/860/437 2698/859/437
f 2696/861/437 2698/859/437 2699/862/437
f 2700/864/438 2701/863/438 2693/856/438
f 2700/864/438 2693/856/438 2692/857/438
f 2700/864/1 2692/857/1 2702/865/1
f 2700/864/1 2702/865/1 2703/866/1
f 2693/856/3 2701/863/3 2698/859/3
f 2693/856/3 2698/859/3 2697/860/3
f 2704/869/3 2705/868/3 2706/867/3
f 2704/869/3 2706/867/3 2707/870/3
f 2708/871/438 2705/868/438 2704/869/438
f 2708/871/438 2704/869/438 2709/872/438
f 2709/872/1 2710/874/1 2711/873/1
f 2709/872/1 2711/873/1 2708/871/1
f 2712/875/437 2707/870/437 2706/867/437
f 2712/875/437 2706/867/437 2713/876/437
f 2714/877/3 2704/869/3 2707/870/3
f 2714/877/3 2707/870/3 2715/878/3
f 2709/872/439 2704/869/439 2714/877/439
f 2709/872/439 2714/877/439 2716/879/439
f 2716/879/514 2717/880/514 2710/874/514
f 2716/879/514 2710/874/514 2709/872/514
f 2718/881/440 2715/878/440 2707/870/440
f 2718/881/440 2707/870/440 2712/875/440
f 2719/884/3 2720/883/3 2721/882/3
f 2719/884/3 2721/882/3 2722/885/3
f 2723/886/438 2720/883/438 2719/884/438
f 2723/886/438 2719/884/438 2724/887/438
f 2724/887/1 2725/889/1 2726/888/1
f 2724/887/1 2726/888/1 2723/886/1
f 2727/890/437 2722/885/437 2721/882/437
f 2727/890/437 2721/882/437 2728/891/437
f 2720/883/3 2729/893/3 2730/892/3
f 2720/883/3 2730/892/3 2721/882/3
f 2731/894/439 2729/893/439 2720/883/439
f 2731/894/439 2720/883/439 2723/886/439
f 2723/886/514 2726/888/514 2732/895/514
f 2723/886/514 2732/895/514 2731/894/514
f 2728/891/440 2721/882/440 2730/892/440
f 2728/891/440 2730/892/440 2733/896/440
f 2705/868/3 2719/884/3 2722/885/3
f 2705/868/3 2722/885/3 2706/867/3
f 2724/887/439 2719/884/439 2705/868/439
f 2724/887/439 2705/868/439 2708/871/439
f 2708/871/514 2711/873/514 2725/889/514
f 2708/871/514 2725/889/514 2724/887/514
f 2713/876/440 2706/867/440 2722/885/440
f 2713/876/440 2722/885/440 2727/890/440
f 2734/897/3 2714/877/3 2715/878/3
f 2734/897/3 2715/878/3 2735/898/3
f 2736/899/437 2735/898/437 2715/878/437
f 2736/899/437 2715/878/437 2718/881/437
f 2737/901/1 2738/900/1 2717/880/1
f 2737/901/1 2717/880/1 2716/879/1
f 2716/879/438 2714/877/438 2734/897/438
f 2716/879/438 2734/897/438 2737/901/438
f 2701/863/3 2734/897/3 2735/898/3
f 2701/863/3 2735/898/3 2698/859/3
f 2737/901/439 2734/897/439 2701/863/439
f 2737/901/439 2701/863/439 2700/864/439
f 2700/864/514 2703/866/514 2738/900/514
f 2700/864/514 2738/900/514 2737/901/514
f 2699/862/440 2698/859/440 2735/898/440
f 2699/862/440 2735/898/440 2736/899/440
f 2739/904/5 2740/903/5 2741/902/5
f 2739/904/5 2741/902/5 2742/905/5
f 2742/905/2 2743/907/2 2744/906/2
f 2742/905/2 2744/906/2 2745/908/2
f 2746/911/4 2747/910/4 2748/909/4
f 2746/911/4 2748/909/4 2739/904/4
f 2746/911/1 2739/904/1 2742/905/1
f 2746/911/1 2742/905/1 2745/908/1
f 2749/913/3 2750/912/3 2744/906/3
f 2749/913/3 2744/906/3 2743/907/3
f 2751/916/5 2752/915/5 2753/914/5
f 2751/916/5 2753/914/5 2754/917/5
f 2755/919/2 2753/914/2 2756/918/2
f 2755/919/2 2756/918/2 2757/920/2
f 2758/922/4 2759/921/4 2752/915/4
f 2758/922/4 2752/915/4 2760/923/4
f 2761/925/1 2762/924/1 2755/919/1
f 2761/925/1 2755/919/1 2757/920/1
f 2752/915/3 2759/921/3 2756/918/3
f 2752/915/3 2756/918/3 2753/914/3
f 2763/857/5 2764/856/5 2765/855/5
f 2763/857/5 2765/855/5 2766/858/5
f 2767/861/437 2768/860/437 2769/859/437
f 2767/861/437 2769/859/437 2770/862/437
f 2771/864/438 2772/863/438 2764/856/438
f 2771/864/438 2764/856/438 2763/857/438
f 2771/864/1 2763/857/1 2773/865/1
f 2771/864/1 2773/865/1 2774/866/1
f 2764/856/3 2772/863/3 2769/859/3
f 2764/856/3 2769/859/3 2768/860/3
f 2775/869/3 2776/868/3 2777/867/3
f 2775/869/3 2777/867/3 2778/870/3
f 2779/871/438 2776/868/438 2775/869/438
f 2779/871/438 2775/869/438 2780/872/438
f 2780/872/514 2781/874/514 2782/873/514
f 2780/872/514 2782/873/514 2779/871/514
f 2783/875/437 2778/870/437 2777/867/437
f 2783/875/437 2777/867/437 2784/876/437
f 2785/877/3 2775/869/3 2778/870/3
f 2785/877/3 2778/870/3 2786/878/3
f 2780/872/439 2775/869/439 2785/877/439
f 2780/872/439 2785/877/439 2787/879/439
f 2787/879/514 2788/880/514 2781/874/514
f 2787/879/514 2781/874/514 2780/872/514
f 2789/881/440 2786/878/440 2778/870/440
f 2789/881/440 2778/870/440 2783/875/440
f 2790/884/3 2791/883/3 2792/882/3
f 2790/884/3 2792/882/3 2793/885/3
f 2794/886/438 2791/883/438 2790/884/438
f 2794/886/438 2790/884/438 2795/887/438
f 2795/887/514 2796/889/514 2797/888/514
f 2795/887/514 2797/888/514 2794/886/514
f 2798/890/437 2793/885/437 2792/882/437
f 2798/890/437 2792/882/437 2799/891/437
f 2791/883/3 2800/893/3 2801/892/3
f 2791/883/3 2801/892/3 2792/882/3
f 2802/894/439 2800/893/439 2791/883/439
f 2802/894/439 2791/883/439 2794/886/439
f 2794/886/514 2797/888/514 2803/895/514
f 2794/886/514 2803/895/514 2802/894/514
f 2799/891/440 2792/882/440 2801/892/440
f 2799/891/440 2801/892/440 2804/896/440
f 2776/868/3 2790/884/3 2793/885/3
f 2776/868/3 2793/885/3 2777/867/3
f 2795/887/439 2790/884/439 2776/868/439
f 2795/887/439 2776/868/439 2779/871/439
f 2779/871/514 2782/873/514 2796/889/514
f 2779/871/514 2796/889/514 2795/887/514
f 2784/876/440 2777/867/440 2793/885/440
f 2784/876/440 2793/885/440 2798/890/440
f 2805/897/3 2785/877/3 2786/878/3
f 2805/897/3 2786/878/3 2806/898/3
f 2807/899/437 2806/898/437 2786/878/437
f 2807/899/437 2786/878/437 2789/881/437
f 2808/901/514 2809/900/514 2788/880/514
f 2808/901/514 2788/880/514 2787/879/514
f 2787/879/438 2785/877/438 2805/897/438
f 2787/879/438 2805/897/438 2808/901/438
f 2772/863/3 2805/897/3 2806/898/3
f 2772/863/3 2806/898/3 2769/859/3
f 2808/901/439 2805/897/439 2772/863/439
f 2808/901/439 2772/863/439 2771/864/439
f 2771/864/514 2774/866/514 2809/900/514
f 2771/864/514 2809/900/514 2808/901/514
f 2770/862/440 2769/859/440 2806/898/440
f 2770/862/440 2806/898/440 2807/899/440
f 2810/904/5 2811/903/5 2812/902/5
f 2810/904/5 2812/902/5 2813/905/5
f 2813/905/2 2814/907/2 2815/906/2
f 2813/905/2 2815/906/2 2816/908/2
f 2817/911/4 2818/910/4 2819/909/4
f 2817/911/4 2819/909/4 2810/904/4
f 2817/911/1 2810/904/1 2813/905/1
f 2817/911/1 2813/905/1 2816/908/1
f 2820/913/3 2821/912/3 2815/906/3
f 2820/913/3 2815/906/3 2814/907/3
f 2822/916/5 2823/915/5 2824/914/5
f 2822/916/5 2824/914/5 2825/917/5
f 2826/919/2 2824/914/2 2827/918/2
f 2826/919/2 2827/918/2 2828/920/2
f 2829/922/4 2830/921/4 2823/915/4
f 2829/922/4 2823/915/4 2831/923/4
f 2832/925/1 2833/924/1 2826/919/1
f 2832/925/1 2826/919/1 2828/920/1
f 2823/915/3 2830/921/3 2827/918/3
f 2823/915/3 2827/918/3 2824/914/3
f 2834/1215/2 2835/1214/2 2836/1213/2
f 2834/1215/2 2836/1213/2 2837/1216/2
f 2838/1219/3 2839/1218/3 2840/1217/3
f 2838/1219/3 2840/1217/3 2841/1220/3
f 2839/1218/4 2842/1222/4 2843/1221/4
f 2839/1218/4 2843/1221/4 2840/1217/4
f 2842/1222/1 2844/1224/1 2845/1223/1
f 2842/1222/1 2845/1223/1 2843/1221/1
f 2846/1227/2 2847/1226/2 2848/1225/2
f 2846/1227/2 2848/1225/2 2849/1228/2
f 2850/1231/3 2851/1230/3 2852/1229/3
f 2850/1231/3 2852/1229/3 2853/1232/3
f 2851/1230/4 2854/1234/4 2855/1233/4
f 2851/1230/4 2855/1233/4 2852/1229/4
f 2854/1234/1 2856/1236/1 2857/1235/1
f 2854/1234/1 2857/1235/1 2855/1233/1
f 2834/1215/515 2837/1216/515 2848/1225/515
f 2834/1215/515 2848/1225/515 2847/1226/515
f 2841/1220/516 2840/1217/516 2851/1230/516
f 2841/1220/516 2851/1230/516 2850/1231/516
f 2849/1228/6 2858/1238/6 2859/1237/6
f 2849/1228/6 2859/1237/6 2846/1227/6
f 2840/1217/517 2843/1221/517 2854/1234/517
f 2840/1217/517 2854/1234/517 2851/1230/517
f 2843/1221/518 2845/1223/518 2856/1236/518
f 2843/1221/518 2856/1236/518 2854/1234/518
f 2836/1213/2 2835/1214/2 2860/1239/2
f 2836/1213/2 2860/1239/2 2861/1240/2
f 2862/1241/3 2839/1218/3 2838/1219/3
f 2862/1241/3 2838/1219/3 2863/1242/3
f 2864/1243/4 2842/1222/4 2839/1218/4
f 2864/1243/4 2839/1218/4 2862/1241/4
f 2865/1244/1 2844/1224/1 2842/1222/1
f 2865/1244/1 2842/1222/1 2864/1243/1
f 2866/1247/2 2867/1246/2 2868/1245/2
f 2866/1247/2 2868/1245/2 2869/1248/2
f 2870/1251/3 2871/1250/3 2872/1249/3
f 2870/1251/3 2872/1249/3 2873/1252/3
f 2874/1254/4 2875/1253/4 2871/1250/4
f 2874/1254/4 2871/1250/4 2870/1251/4
f 2876/1256/1 2877/1255/1 2875/1253/1
f 2876/1256/1 2875/1253/1 2874/1254/1
f 2866/1247/464 2861/1240/464 2860/1239/464
f 2866/1247/464 2860/1239/464 2867/1246/464
f 2871/1250/519 2862/1241/519 2863/1242/519
f 2871/1250/519 2863/1242/519 2872/1249/519
f 2869/1248/5 2868/1245/5 2878/1257/5
f 2869/1248/5 2878/1257/5 2879/1258/5
f 2875/1253/466 2864/1243/466 2862/1241/466
f 2875/1253/466 2862/1241/466 2871/1250/466
f 2877/1255/520 2865/1244/520 2864/1243/520
f 2877/1255/520 2864/1243/520 2875/1253/520
f 2880/1261/27 2881/1260/27 2882/1259/27
f 2880/1261/27 2882/1259/27 2883/1262/27
f 2884/1265/28 2885/1264/28 2886/1263/28
f 2884/1265/28 2886/1263/28 2887/1266/28
f 2888/1267/113 2884/1265/113 2887/1266/113
f 2888/1267/113 2887/1266/113 2889/1268/113
f 2890/1269/521 2888/1267/521 2889/1268/521
f 2890/1269/521 2889/1268/521 2891/1270/521
f 2892/1271/469 2890/1269/469 2891/1270/469
f 2892/1271/469 2891/1270/469 2893/1272/469
f 2894/1273/468 2892/1271/468 2893/1272/468
f 2894/1273/468 2893/1272/468 2895/1274/468
f 2896/1275/522 2894/1273/522 2895/1274/522
f 2896/1275/522 2895/1274/522 2897/1276/522
f 2881/1260/117 2896/1275/117 2897/1276/117
f 2881/1260/117 2897/1276/117 2882/1259/117
f 2898/1277/38 2899/1278/38 2881/1260/38
f 2900/1279/37 2899/1278/37 2901/1280/37
f 2902/1281/6 2899/1278/6 2900/1279/6
f 2903/1282/6 2899/1278/6 2902/1281/6
f 2904/1283/6 2899/1278/6 2903/1282/6
f 2905/1284/6 2899/1278/6 2904/1283/6
f 2896/1275/6 2899/1278/6 2905/1284/6
f 2881/1260/6 2899/1278/6 2896/1275/6
f 2834/1215/2 2835/1214/2 2836/1213/2
f 2834/1215/2 2836/1213/2 2837/1216/2
f 2838/1219/3 2839/1218/3 2840/1217/3
f 2838/1219/3 2840/1217/3 2841/1220/3
f 2839/1218/4 2842/1222/4 2843/1221/4
f 2839/1218/4 2843/1221/4 2840/1217/4
f 2842/1222/1 2844/1224/1 2845/1223/1
f 2842/1222/1 2845/1223/1 2843/1221/1
f 2846/1227/2 2847/1226/2 2848/1225/2
f 2846/1227/2 2848/1225/2 2849/1228/2
f 2850/1231/3 2851/1230/3 2852/1229/3
f 2850/1231/3 2852/1229/3 2853/1232/3
f 2851/1230/4 2854/1234/4 2855/1233/4
f 2851/1230/4 2855/1233/4 2852/1229/4
f 2854/1234/1 2856/1236/1 2857/1235/1
f 2854/1234/1 2857/1235/1 2855/1233/1
f 2834/1215/515 2837/1216/515 2848/1225/515
f 2834/1215/515 2848/1225/515 2847/1226/515
f 2841/1220/516 2840/1217/516 2851/1230/516
f 2841/1220/516 2851/1230/516 2850/1231/516
f 2849/1228/6 2858/1238/6 2859/1237/6
f 2849/1228/6 2859/1237/6 2846/1227/6
f 2840/1217/517 2843/1221/517 2854/1234/517
f 2840/1217/517 2854/1234/517 2851/1230/517
f 2843/1221/518 2845/1223/518 2856/1236/518
f 2843/1221/518 2856/1236/518 2854/1234/518
f 2836/1213/2 2835/1214/2 2860/1239/2
f 2836/1213/2 2860/1239/2 2861/1240/2
f 2862/1241/3 2839/1218/3 2838/1219/3
f 2862/1241/3 2838/1219/3 2863/1242/3
f 2864/1243/4 2842/1222/4 2839/1218/4
f 2864/1243/4 2839/1218/4 2862/1241/4
f 2865/1244/1 2844/1224/1 2842/1222/1
f 2865/1244/1 2842/1222/1 2864/1243/1
f 2866/1247/2 2867/1246/2 2868/1245/2
f 2866/1247/2 2868/1245/2 2869/1248/2
f 2870/1251/3 2871/1250/3 2872/1249/3
f 2870/1251/3 2872/1249/3 2873/1252/3
f 2874/1254/4 2875/1253/4 2871/1250/4
f 2874/1254/4 2871/1250/4 2870/1251/4
f 2876/1256/1 2877/1255/1 2875/1253/1
f 2876/1256/1 2875/1253/1 2874/1254/1
f 2866/1247/464 2861/1240/464 2860/1239/464
f 2866/1247/464 2860/1239/464 2867/1246/464
f 2871/1250/519 2862/1241/519 2863/1242/519
f 2871/1250/519 2863/1242/519 2872/1249/519
f 2869/1248/5 2868/1245/5 2878/1257/5
f 2869/1248/5 2878/1257/5 2879/1258/5
f 2875/1253/466 2864/1243/466 2862/1241/466
f 2875/1253/466 2862/1241/466 2871/1250/466
f 2877/1255/520 2865/1244/520 2864/1243/520
f 2877/1255/520 2864/1243/520 2875/1253/520
f 2906/1213/2 2907/1214/2 2908/1215/2
f 2906/1213/2 2908/1215/2 2909/1216/2
f 2910/1217/1 2911/1218/1 2912/1219/1
f 2910/1217/1 2912/1219/1 2913/1220/1
f 2914/1221/4 2915/1222/4 2911/1218/4
f 2914/1221/4 2911/1218/4 2910/1217/4
f 2916/1223/3 2917/1224/3 2915/1222/3
f 2916/1223/3 2915/1222/3 2914/1221/3
f 2918/1225/2 2919/1226/2 2920/1227/2
f 2918/1225/2 2920/1227/2 2921/1228/2
f 2922/1229/1 2923/1230/1 2924/1231/1
f 2922/1229/1 2924/1231/1 2925/1232/1
f 2926/1233/4 2927/1234/4 2923/1230/4
f 2926/1233/4 2923/1230/4 2922/1229/4
f 2928/1235/3 2929/1236/3 2927/1234/3
f 2928/1235/3 2927/1234/3 2926/1233/3
f 2918/1225/458 2909/1216/458 2908/1215/458
f 2918/1225/458 2908/1215/458 2919/1226/458
f 2923/1230/523 2910/1217/523 2913/1220/523
f 2923/1230/523 2913/1220/523 2924/1231/523
f 2930/1237/6 2931/1238/6 2921/1228/6
f 2930/1237/6 2921/1228/6 2920/1227/6
f 2927/1234/461 2914/1221/461 2910/1217/461
f 2927/1234/461 2910/1217/461 2923/1230/461
f 2929/1236/524 2916/1223/524 2914/1221/524
f 2929/1236/524 2914/1221/524 2927/1234/524
f 2932/1239/2 2907/1214/2 2906/1213/2
f 2932/1239/2 2906/1213/2 2933/1240/2
f 2912/1219/1 2911/1218/1 2934/1241/1
f 2912/1219/1 2934/1241/1 2935/1242/1
f 2911/1218/4 2915/1222/4 2936/1243/4
f 2911/1218/4 2936/1243/4 2934/1241/4
f 2915/1222/3 2917/1224/3 2937/1244/3
f 2915/1222/3 2937/1244/3 2936/1243/3
f 2938/1245/2 2939/1246/2 2940/1247/2
f 2938/1245/2 2940/1247/2 2941/1248/2
f 2942/1249/1 2943/1250/1 2944/1251/1
f 2942/1249/1 2944/1251/1 2945/1252/1
f 2943/1250/4 2946/1253/4 2947/1254/4
f 2943/1250/4 2947/1254/4 2944/1251/4
f 2946/1253/3 2948/1255/3 2949/1256/3
f 2946/1253/3 2949/1256/3 2947/1254/3
f 2932/1239/464 2933/1240/464 2940/1247/464
f 2932/1239/464 2940/1247/464 2939/1246/464
f 2935/1242/525 2934/1241/525 2943/1250/525
f 2935/1242/525 2943/1250/525 2942/1249/525
f 2950/1257/5 2938/1245/5 2941/1248/5
f 2950/1257/5 2941/1248/5 2951/1258/5
f 2934/1241/466 2936/1243/466 2946/1253/466
f 2934/1241/466 2946/1253/466 2943/1250/466
f 2936/1243/526 2937/1244/526 2948/1255/526
f 2936/1243/526 2948/1255/526 2946/1253/526
f 2952/1213/2 2953/1214/2 2954/1215/2
f 2952/1213/2 2954/1215/2 2955/1216/2
f 2956/1217/3 2957/1218/3 2958/1219/3
f 2956/1217/3 2958/1219/3 2959/1220/3
f 2960/1221/4 2961/1222/4 2957/1218/4
f 2960/1221/4 2957/1218/4 2956/1217/4
f 2962/1223/1 2963/1224/1 2961/1222/1
f 2962/1223/1 2961/1222/1 2960/1221/1
f 2964/1225/2 2965/1226/2 2966/1227/2
f 2964/1225/2 2966/1227/2 2967/1228/2
f 2968/1229/3 2969/1230/3 2970/1231/3
f 2968/1229/3 2970/1231/3 2971/1232/3
f 2972/1233/4 2973/1234/4 2969/1230/4
f 2972/1233/4 2969/1230/4 2968/1229/4
f 2974/1235/1 2975/1236/1 2973/1234/1
f 2974/1235/1 2973/1234/1 2972/1233/1
f 2964/1225/502 2955/1216/484 2954/1215/484
f 2964/1225/502 2954/1215/484 2965/1226/502
f 2969/1230/519 2956/1217/519 2959/1220/519
f 2969/1230/519 2959/1220/519 2970/1231/519
f 2976/1237/5 2977/1238/5 2967/1228/5
f 2976/1237/5 2967/1228/5 2966/1227/5
f 2973/1234/527 2960/1221/485 2956/1217/485
f 2973/1234/527 2956/1217/485 2969/1230/527
f 2975/1236/520 2962/1223/520 2960/1221/520
f 2975/1236/520 2960/1221/520 2973/1234/520
f 2978/1239/2 2953/1214/2 2952/1213/2
f 2978/1239/2 2952/1213/2 2979/1240/2
f 2958/1219/3 2957/1218/3 2980/1241/3
f 2958/1219/3 2980/1241/3 2981/1242/3
f 2957/1218/4 2961/1222/4 2982/1243/4
f 2957/1218/4 2982/1243/4 2980/1241/4
f 2961/1222/1 2963/1224/1 2983/1244/1
f 2961/1222/1 2983/1244/1 2982/1243/1
f 2984/1245/2 2985/1246/2 2986/1247/2
f 2984/1245/2 2986/1247/2 2987/1248/2
f 2988/1249/3 2989/1250/3 2990/1251/3
f 2988/1249/3 2990/1251/3 2991/1252/3
f 2989/1250/4 2992/1253/4 2993/1254/4
f 2989/1250/4 2993/1254/4 2990/1251/4
f 2992/1253/1 2994/1255/1 2995/1256/1
f 2992/1253/1 2995/1256/1 2993/1254/1
f 2978/1239/481 2979/1240/481 2986/1247/481
f 2978/1239/481 2986/1247/481 2985/1246/481
f 2981/1242/516 2980/1241/516 2989/1250/516
f 2981/1242/516 2989/1250/516 2988/1249/516
f 2996/1257/6 2984/1245/6 2987/1248/6
f 2996/1257/6 2987/1248/6 2997/1258/6
f 2980/1241/482 2982/1243/482 2992/1253/482
f 2980/1241/482 2992/1253/482 2989/1250/482
f 2982/1243/518 2983/1244/518 2994/1255/518
f 2982/1243/518 2994/1255/518 2992/1253/518
f 2882/1259/27 2998/1260/27 2999/1261/27
f 2882/1259/27 2999/1261/27 2883/1262/27
f 2886/1263/28 3000/1264/28 3001/1265/28
f 2886/1263/28 3001/1265/28 2887/1266/28
f 2887/1266/113 3001/1265/113 3002/1267/113
f 2887/1266/113 3002/1267/113 2889/1268/113
f 2889/1268/521 3002/1267/521 3003/1269/521
f 2889/1268/521 3003/1269/521 2891/1270/521
f 2891/1270/469 3003/1269/469 3004/1271/469
f 2891/1270/469 3004/1271/469 2893/1272/469
f 2893/1272/468 3004/1271/468 3005/1273/468
f 2893/1272/468 3005/1273/468 2895/1274/468
f 2895/1274/522 3005/1273/522 3006/1275/522
f 2895/1274/522 3006/1275/522 2897/1276/522
f 2897/1276/117 3006/1275/117 2998/1260/117
f 2897/1276/117 2998/1260/117 2882/1259/117
f 3007/1277/5 2998/1260/5 3008/1278/5
f 3009/1279/5 3010/1280/5 3008/1278/5
f 3011/1281/5 3009/1279/5 3008/1278/5
f 3012/1282/5 3011/1281/5 3008/1278/5
f 3013/1283/90 3012/1282/90 3008/1278/90
f 3014/1284/483 3013/1283/483 3008/1278/483
f 3006/1275/5 3014/1284/5 3008/1278/5
f 2998/1260/5 3006/1275/5 3008/1278/5
f 2952/1213/2 2953/1214/2 2954/1215/2
f 2952/1213/2 2954/1215/2 2955/1216/2
f 2956/1217/3 2957/1218/3 2958/1219/3
f 2956/1217/3 2958/1219/3 2959/1220/3
f 2960/1221/4 2961/1222/4 2957/1218/4
f 2960/1221/4 2957/1218/4 2956/1217/4
f 2962/1223/1 2963/1224/1 2961/1222/1
f 2962/1223/1 2961/1222/1 2960/1221/1
f 2964/1225/2 2965/1226/2 2966/1227/2
f 2964/1225/2 2966/1227/2 2967/1228/2
f 2968/1229/3 2969/1230/3 2970/1231/3
f 2968/1229/3 2970/1231/3 2971/1232/3
f 2972/1233/4 2973/1234/4 2969/1230/4
f 2972/1233/4 2969/1230/4 2968/1229/4
f 2974/1235/1 2975/1236/1 2973/1234/1
f 2974/1235/1 2973/1234/1 2972/1233/1
f 2964/1225/502 2955/1216/484 2954/1215/484
f 2964/1225/502 2954/1215/484 2965/1226/502
f 2969/1230/519 2956/1217/519 2959/1220/519
f 2969/1230/519 2959/1220/519 2970/1231/519
f 2976/1237/5 2977/1238/5 2967/1228/5
f 2976/1237/5 2967/1228/5 2966/1227/5
f 2973/1234/527 2960/1221/485 2956/1217/485
f 2973/1234/527 2956/1217/485 2969/1230/527
f 2975/1236/520 2962/1223/520 2960/1221/520
f 2975/1236/520 2960/1221/520 2973/1234/520
f 2978/1239/2 2953/1214/2 2952/1213/2
f 2978/1239/2 2952/1213/2 2979/1240/2
f 2958/1219/3 2957/1218/3 2980/1241/3
f 2958/1219/3 2980/1241/3 2981/1242/3
f 2957/1218/4 2961/1222/4 2982/1243/4
f 2957/1218/4 2982/1243/4 2980/1241/4
f 2961/1222/1 2963/1224/1 2983/1244/1
f 2961/1222/1 2983/1244/1 2982/1243/1
f 2984/1245/2 2985/1246/2 2986/1247/2
f 2984/1245/2 2986/1247/2 2987/1248/2
f 2988/1249/3 2989/1250/3 2990/1251/3
f 2988/1249/3 2990/1251/3 2991/1252/3
f 2989/1250/4 2992/1253/4 2993/1254/4
f 2989/1250/4 2993/1254/4 2990/1251/4
f 2992/1253/1 2994/1255/1 2995/1256/1
f 2992/1253/1 2995/1256/1 2993/1254/1
f 2978/1239/481 2979/1240/481 2986/1247/481
f 2978/1239/481 2986/1247/481 2985/1246/481
f 2981/1242/516 2980/1241/516 2989/1250/516
f 2981/1242/516 2989/1250/516 2988/1249/516
f 2996/1257/6 2984/1245/6 2987/1248/6
f 2996/1257/6 2987/1248/6 2997/1258/6
f 2980/1241/482 2982/1243/482 2992/1253/482
f 2980/1241/482 2992/1253/482 2989/1250/482
f 2982/1243/518 2983/1244/518 2994/1255/518
f 2982/1243/518 2994/1255/518 2992/1253/518
f 3015/1215/2 3016/1214/2 3017/1213/2
f 3015/1215/2 3017/1213/2 3018/1216/2
f 3019/1219/1 3020/1218/1 3021/1217/1
f 3019/1219/1 3021/1217/1 3022/1220/1
f 3020/1218/4 3023/1222/4 3024/1221/4
f 3020/1218/4 3024/1221/4 3021/1217/4
f 3023/1222/3 3025/1224/3 3026/1223/3
f 3023/1222/3 3026/1223/3 3024/1221/3
f 3027/1227/2 3028/1226/2 3029/1225/2
f 3027/1227/2 3029/1225/2 3030/1228/2
f 3031/1231/1 3032/1230/1 3033/1229/1
f 3031/1231/1 3033/1229/1 3034/1232/1
f 3032/1230/4 3035/1234/4 3036/1233/4
f 3032/1230/4 3036/1233/4 3033/1229/4
f 3035/1234/3 3037/1236/3 3038/1235/3
f 3035/1234/3 3038/1235/3 3036/1233/3
f 3015/1215/479 3018/1216/479 3029/1225/528
f 3015/1215/479 3029/1225/528 3028/1226/528
f 3022/1220/525 3021/1217/525 3032/1230/525
f 3022/1220/525 3032/1230/525 3031/1231/525
f 3030/1228/5 3039/1238/5 3040/1237/5
f 3030/1228/5 3040/1237/5 3027/1227/5
f 3021/1217/480 3024/1221/480 3035/1234/529
f 3021/1217/480 3035/1234/529 3032/1230/529
f 3024/1221/526 3026/1223/526 3037/1236/526
f 3024/1221/526 3037/1236/526 3035/1234/526
f 3017/1213/2 3016/1214/2 3041/1239/2
f 3017/1213/2 3041/1239/2 3042/1240/2
f 3043/1241/1 3020/1218/1 3019/1219/1
f 3043/1241/1 3019/1219/1 3044/1242/1
f 3045/1243/4 3023/1222/4 3020/1218/4
f 3045/1243/4 3020/1218/4 3043/1241/4
f 3046/1244/3 3025/1224/3 3023/1222/3
f 3046/1244/3 3023/1222/3 3045/1243/3
f 3047/1247/2 3048/1246/2 3049/1245/2
f 3047/1247/2 3049/1245/2 3050/1248/2
f 3051/1251/1 3052/1250/1 3053/1249/1
f 3051/1251/1 3053/1249/1 3054/1252/1
f 3055/1254/4 3056/1253/4 3052/1250/4
f 3055/1254/4 3052/1250/4 3051/1251/4
f 3057/1256/3 3058/1255/3 3056/1253/3
f 3057/1256/3 3056/1253/3 3055/1254/3
f 3047/1247/486 3042/1240/486 3041/1239/486
f 3047/1247/486 3041/1239/486 3048/1246/486
f 3052/1250/523 3043/1241/523 3044/1242/523
f 3052/1250/523 3044/1242/523 3053/1249/523
f 3050/1248/6 3049/1245/6 3059/1257/6
f 3050/1248/6 3059/1257/6 3060/1258/6
f 3056/1253/487 3045/1243/487 3043/1241/487
f 3056/1253/487 3043/1241/487 3052/1250/487
f 3058/1255/524 3046/1244/524 3045/1243/524
f 3058/1255/524 3045/1243/524 3056/1253/524
f 3061/1215/2 3062/1214/2 3063/1213/2
f 3061/1215/2 3063/1213/2 3064/1216/2
f 3065/1219/3 3066/1218/3 3067/1217/3
f 3065/1219/3 3067/1217/3 3068/1220/3
f 3066/1218/4 3069/1222/4 3070/1221/4
f 3066/1218/4 3070/1221/4 3067/1217/4
f 3069/1222/1 3071/1224/1 3072/1223/1
f 3069/1222/1 3072/1223/1 3070/1221/1
f 3073/1227/2 3074/1226/2 3075/1225/2
f 3073/1227/2 3075/1225/2 3076/1228/2
f 3077/1231/3 3078/1230/3 3079/1229/3
f 3077/1231/3 3079/1229/3 3080/1232/3
f 3078/1230/4 3081/1234/4 3082/1233/4
f 3078/1230/4 3082/1233/4 3079/1229/4
f 3081/1234/1 3083/1236/1 3084/1235/1
f 3081/1234/1 3084/1235/1 3082/1233/1
f 3061/1215/497 3064/1216/497 3075/1225/497
f 3061/1215/497 3075/1225/497 3074/1226/497
f 3068/1220/530 3067/1217/530 3078/1230/530
f 3068/1220/530 3078/1230/530 3077/1231/530
f 3076/1228/6 3085/1238/6 3086/1237/6
f 3076/1228/6 3086/1237/6 3073/1227/6
f 3067/1217/499 3070/1221/499 3081/1234/499
f 3067/1217/499 3081/1234/499 3078/1230/499
f 3070/1221/531 3072/1223/531 3083/1236/531
f 3070/1221/531 3083/1236/531 3081/1234/531
f 3063/1213/2 3062/1214/2 3087/1239/2
f 3063/1213/2 3087/1239/2 3088/1240/2
f 3089/1241/3 3066/1218/3 3065/1219/3
f 3089/1241/3 3065/1219/3 3090/1242/3
f 3091/1243/4 3069/1222/4 3066/1218/4
f 3091/1243/4 3066/1218/4 3089/1241/4
f 3092/1244/1 3071/1224/1 3069/1222/1
f 3092/1244/1 3069/1222/1 3091/1243/1
f 3093/1247/2 3094/1246/2 3095/1245/2
f 3093/1247/2 3095/1245/2 3096/1248/2
f 3097/1251/3 3098/1250/3 3099/1249/3
f 3097/1251/3 3099/1249/3 3100/1252/3
f 3101/1254/4 3102/1253/4 3098/1250/4
f 3101/1254/4 3098/1250/4 3097/1251/4
f 3103/1256/1 3104/1255/1 3102/1253/1
f 3103/1256/1 3102/1253/1 3101/1254/1
f 3093/1247/464 3088/1240/464 3087/1239/464
f 3093/1247/464 3087/1239/464 3094/1246/464
f 3098/1250/532 3089/1241/533 3090/1242/533
f 3098/1250/532 3090/1242/533 3099/1249/532
f 3096/1248/5 3095/1245/5 3105/1257/5
f 3096/1248/5 3105/1257/5 3106/1258/5
f 3102/1253/466 3091/1243/466 3089/1241/466
f 3102/1253/466 3089/1241/466 3098/1250/466
f 3104/1255/534 3092/1244/534 3091/1243/534
f 3104/1255/534 3091/1243/534 3102/1253/534
f 3107/1261/27 3108/1260/27 3109/1259/27
f 3107/1261/27 3109/1259/27 3110/1262/27
f 3111/1265/28 3112/1264/28 3113/1263/28
f 3111/1265/28 3113/1263/28 3114/1266/28
f 3115/1267/535 3111/1265/535 3114/1266/535
f 3115/1267/535 3114/1266/535 3116/1268/535
f 3117/1269/521 3115/1267/521 3116/1268/521
f 3117/1269/521 3116/1268/521 3118/1270/521
f 3119/1271/469 3117/1269/469 3118/1270/469
f 3119/1271/469 3118/1270/469 3120/1272/469
f 3121/1273/468 3119/1271/468 3120/1272/468
f 3121/1273/468 3120/1272/468 3122/1274/468
f 3123/1275/522 3121/1273/522 3122/1274/522
f 3123/1275/522 3122/1274/522 3124/1276/522
f 3108/1260/536 3123/1275/536 3124/1276/536
f 3108/1260/536 3124/1276/536 3109/1259/536
f 3125/1277/37 3126/1278/37 3108/1260/37
f 3127/1279/38 3126/1278/38 3128/1280/38
f 3129/1281/6 3126/1278/6 3127/1279/6
f 3130/1282/6 3126/1278/6 3129/1281/6
f 3131/1283/6 3126/1278/6 3130/1282/6
f 3132/1284/6 3126/1278/6 3131/1283/6
f 3123/1275/6 3126/1278/6 3132/1284/6
f 3108/1260/6 3126/1278/6 3123/1275/6
f 3061/1215/2 3062/1214/2 3063/1213/2
f 3061/1215/2 3063/1213/2 3064/1216/2
f 3065/1219/3 3066/1218/3 3067/1217/3
f 3065/1219/3 3067/1217/3 3068/1220/3
f 3066/1218/4 3069/1222/4 3070/1221/4
f 3066/1218/4 3070/1221/4 3067/1217/4
f 3069/1222/1 3071/1224/1 3072/1223/1
f 3069/1222/1 3072/1223/1 3070/1221/1
f 3073/1227/2 3074/1226/2 3075/1225/2
f 3073/1227/2 3075/1225/2 3076/1228/2
f 3077/1231/3 3078/1230/3 3079/1229/3
f 3077/1231/3 3079/1229/3 3080/1232/3
f 3078/1230/4 3081/1234/4 3082/1233/4
f 3078/1230/4 3082/1233/4 3079/1229/4
f 3081/1234/1 3083/1236/1 3084/1235/1
f 3081/1234/1 3084/1235/1 3082/1233/1
f 3061/1215/497 3064/1216/497 3075/1225/497
f 3061/1215/497 3075/1225/497 3074/1226/497
f 3068/1220/530 3067/1217/530 3078/1230/530
f 3068/1220/530 3078/1230/530 3077/1231/530
f 3076/1228/6 3085/1238/6 3086/1237/6
f 3076/1228/6 3086/1237/6 3073/1227/6
f 3067/1217/499 3070/1221/499 3081/1234/499
f 3067/1217/499 3081/1234/499 3078/1230/499
f 3070/1221/531 3072/1223/531 3083/1236/531
f 3070/1221/531 3083/1236/531 3081/1234/531
f 3063/1213/2 3062/1214/2 3087/1239/2
f 3063/1213/2 3087/1239/2 3088/1240/2
f 3089/1241/3 3066/1218/3 3065/1219/3
f 3089/1241/3 3065/1219/3 3090/1242/3
f 3091/1243/4 3069/1222/4 3066/1218/4
f 3091/1243/4 3066/1218/4 3089/1241/4
f 3092/1244/1 3071/1224/1 3069/1222/1
f 3092/1244/1 3069/1222/1 3091/1243/1
f 3093/1247/2 3094/1246/2 3095/1245/2
f 3093/1247/2 3095/1245/2 3096/1248/2
f 3097/1251/3 3098/1250/3 3099/1249/3
f 3097/1251/3 3099/1249/3 3100/1252/3
f 3101/1254/4 3102/1253/4 3098/1250/4
f 3101/1254/4 3098/1250/4 3097/1251/4
f 3103/1256/1 3104/1255/1 3102/1253/1
f 3103/1256/1 3102/1253/1 3101/1254/1
f 3093/1247/464 3088/1240/464 3087/1239/464
f 3093/1247/464 3087/1239/464 3094/1246/464
f 3098/1250/532 3089/1241/533 3090/1242/533
f 3098/1250/532 3090/1242/533 3099/1249/532
f 3096/1248/5 3095/1245/5 3105/1257/5
f 3096/1248/5 3105/1257/5 3106/1258/5
f 3102/1253/466 3091/1243/466 3089/1241/466
f 3102/1253/466 3089/1241/466 3098/1250/466
f 3104/1255/534 3092/1244/534 3091/1243/534
f 3104/1255/534 3091/1243/534 3102/1253/534
f 3133/1213/2 3134/1214/2 3135/1215/2
f 3133/1213/2 3135/1215/2 3136/1216/2
f 3137/1217/1 3138/1218/1 3139/1219/1
f 3137/1217/1 3139/1219/1 3140/1220/1
f 3141/1221/4 3142/1222/4 3138/1218/4
f 3141/1221/4 3138/1218/4 3137/1217/4
f 3143/1223/3 3144/1224/3 3142/1222/3
f 3143/1223/3 3142/1222/3 3141/1221/3
f 3145/1225/2 3146/1226/2 3147/1227/2
f 3145/1225/2 3147/1227/2 3148/1228/2
f 3149/1229/1 3150/1230/1 3151/1231/1
f 3149/1229/1 3151/1231/1 3152/1232/1
f 3153/1233/4 3154/1234/4 3150/1230/4
f 3153/1233/4 3150/1230/4 3149/1229/4
f 3155/1235/3 3156/1236/3 3154/1234/3
f 3155/1235/3 3154/1234/3 3153/1233/3
f 3145/1225/537 3136/1216/537 3135/1215/537
f 3145/1225/537 3135/1215/537 3146/1226/537
f 3150/1230/538 3137/1217/538 3140/1220/538
f 3150/1230/538 3140/1220/538 3151/1231/538
f 3157/1237/6 3158/1238/6 3148/1228/6
f 3157/1237/6 3148/1228/6 3147/1227/6
f 3154/1234/539 3141/1221/539 3137/1217/539
f 3154/1234/539 3137/1217/539 3150/1230/539
f 3156/1236/540 3143/1223/540 3141/1221/540
f 3156/1236/540 3141/1221/540 3154/1234/540
f 3159/1239/2 3134/1214/2 3133/1213/2
f 3159/1239/2 3133/1213/2 3160/1240/2
f 3139/1219/1 3138/1218/1 3161/1241/1
f 3139/1219/1 3161/1241/1 3162/1242/1
f 3138/1218/4 3142/1222/4 3163/1243/4
f 3138/1218/4 3163/1243/4 3161/1241/4
f 3142/1222/3 3144/1224/3 3164/1244/3
f 3142/1222/3 3164/1244/3 3163/1243/3
f 3165/1245/2 3166/1246/2 3167/1247/2
f 3165/1245/2 3167/1247/2 3168/1248/2
f 3169/1249/1 3170/1250/1 3171/1251/1
f 3169/1249/1 3171/1251/1 3172/1252/1
f 3170/1250/4 3173/1253/4 3174/1254/4
f 3170/1250/4 3174/1254/4 3171/1251/4
f 3173/1253/3 3175/1255/3 3176/1256/3
f 3173/1253/3 3176/1256/3 3174/1254/3
f 3159/1239/464 3160/1240/464 3167/1247/464
f 3159/1239/464 3167/1247/464 3166/1246/464
f 3162/1242/541 3161/1241/541 3170/1250/541
f 3162/1242/541 3170/1250/541 3169/1249/541
f 3177/1257/5 3165/1245/5 3168/1248/5
f 3177/1257/5 3168/1248/5 3178/1258/5
f 3161/1241/466 3163/1243/466 3173/1253/466
f 3161/1241/466 3173/1253/466 3170/1250/466
f 3163/1243/532 3164/1244/532 3175/1255/533
f 3163/1243/532 3175/1255/533 3173/1253/533
f 3179/1213/2 3180/1214/2 3181/1215/2
f 3179/1213/2 3181/1215/2 3182/1216/2
f 3183/1217/3 3184/1218/3 3185/1219/3
f 3183/1217/3 3185/1219/3 3186/1220/3
f 3187/1221/4 3188/1222/4 3184/1218/4
f 3187/1221/4 3184/1218/4 3183/1217/4
f 3189/1223/1 3190/1224/1 3188/1222/1
f 3189/1223/1 3188/1222/1 3187/1221/1
f 3191/1225/2 3192/1226/2 3193/1227/2
f 3191/1225/2 3193/1227/2 3194/1228/2
f 3195/1229/3 3196/1230/3 3197/1231/3
f 3195/1229/3 3197/1231/3 3198/1232/3
f 3199/1233/4 3200/1234/4 3196/1230/4
f 3199/1233/4 3196/1230/4 3195/1229/4
f 3201/1235/1 3202/1236/1 3200/1234/1
f 3201/1235/1 3200/1234/1 3199/1233/1
f 3191/1225/484 3182/1216/484 3181/1215/484
f 3191/1225/484 3181/1215/484 3192/1226/484
f 3196/1230/532 3183/1217/533 3186/1220/533
f 3196/1230/532 3186/1220/533 3197/1231/532
f 3203/1237/5 3204/1238/5 3194/1228/5
f 3203/1237/5 3194/1228/5 3193/1227/5
f 3200/1234/527 3187/1221/527 3183/1217/527
f 3200/1234/527 3183/1217/527 3196/1230/527
f 3202/1236/534 3189/1223/534 3187/1221/534
f 3202/1236/534 3187/1221/534 3200/1234/534
f 3205/1239/2 3180/1214/2 3179/1213/2
f 3205/1239/2 3179/1213/2 3206/1240/2
f 3185/1219/3 3184/1218/3 3207/1241/3
f 3185/1219/3 3207/1241/3 3208/1242/3
f 3184/1218/4 3188/1222/4 3209/1243/4
f 3184/1218/4 3209/1243/4 3207/1241/4
f 3188/1222/1 3190/1224/1 3210/1244/1
f 3188/1222/1 3210/1244/1 3209/1243/1
f 3211/1245/2 3212/1246/2 3213/1247/2
f 3211/1245/2 3213/1247/2 3214/1248/2
f 3215/1249/3 3216/1250/3 3217/1251/3
f 3215/1249/3 3217/1251/3 3218/1252/3
f 3216/1250/4 3219/1253/4 3220/1254/4
f 3216/1250/4 3220/1254/4 3217/1251/4
f 3219/1253/1 3221/1255/1 3222/1256/1
f 3219/1253/1 3222/1256/1 3220/1254/1
f 3205/1239/481 3206/1240/481 3213/1247/481
f 3205/1239/481 3213/1247/481 3212/1246/481
f 3208/1242/530 3207/1241/530 3216/1250/530
f 3208/1242/530 3216/1250/530 3215/1249/530
f 3223/1257/6 3211/1245/6 3214/1248/6
f 3223/1257/6 3214/1248/6 3224/1258/6
f 3207/1241/482 3209/1243/482 3219/1253/482
f 3207/1241/482 3219/1253/482 3216/1250/482
f 3209/1243/531 3210/1244/531 3221/1255/531
f 3209/1243/531 3221/1255/531 3219/1253/531
f 3109/1259/27 3225/1260/27 3226/1261/27
f 3109/1259/27 3226/1261/27 3110/1262/27
f 3113/1263/28 3227/1264/28 3228/1265/28
f 3113/1263/28 3228/1265/28 3114/1266/28
f 3114/1266/535 3228/1265/535 3229/1267/535
f 3114/1266/535 3229/1267/535 3116/1268/535
f 3116/1268/521 3229/1267/521 3230/1269/521
f 3116/1268/521 3230/1269/521 3118/1270/521
f 3118/1270/469 3230/1269/469 3231/1271/469
f 3118/1270/469 3231/1271/469 3120/1272/469
f 3120/1272/468 3231/1271/468 3232/1273/468
f 3120/1272/468 3232/1273/468 3122/1274/468
f 3122/1274/522 3232/1273/522 3233/1275/522
f 3122/1274/522 3233/1275/522 3124/1276/522
f 3124/1276/536 3233/1275/536 3225/1260/536
f 3124/1276/536 3225/1260/536 3109/1259/536
f 3234/1277/5 3225/1260/5 3235/1278/5
f 3236/1279/5 3237/1280/5 3235/1278/5
f 3238/1281/5 3236/1279/5 3235/1278/5
f 3239/1282/5 3238/1281/5 3235/1278/5
f 3240/1283/90 3239/1282/90 3235/1278/90
f 3241/1284/483 3240/1283/483 3235/1278/483
f 3233/1275/5 3241/1284/5 3235/1278/5
f 3225/1260/5 3233/1275/5 3235/1278/5
f 3179/1213/2 3180/1214/2 3181/1215/2
f 3179/1213/2 3181/1215/2 3182/1216/2
f 3183/1217/3 3184/1218/3 3185/1219/3
f 3183/1217/3 3185/1219/3 3186/1220/3
f 3187/1221/4 3188/1222/4 3184/1218/4
f 3187/1221/4 3184/1218/4 3183/1217/4
f 3189/1223/1 3190/1224/1 3188/1222/1
f 3189/1223/1 3188/1222/1 3187/1221/1
f 3191/1225/2 3192/1226/2 3193/1227/2
f 3191/1225/2 3193/1227/2 3194/1228/2
f 3195/1229/3 3196/1230/3 3197/1231/3
f 3195/1229/3 3197/1231/3 3198/1232/3
f 3199/1233/4 3200/1234/4 3196/1230/4
f 3199/1233/4 3196/1230/4 3195/1229/4
f 3201/1235/1 3202/1236/1 3200/1234/1
f 3201/1235/1 3200/1234/1 3199/1233/1
f 3191/1225/484 3182/1216/484 3181/1215/484
f 3191/1225/484 3181/1215/484 3192/1226/484
f 3196/1230/532 3183/1217/533 3186/1220/533
f 3196/1230/532 3186/1220/533 3197/1231/532
f 3203/1237/5 3204/1238/5 3194/1228/5
f 3203/1237/5 3194/1228/5 3193/1227/5
f 3200/1234/527 3187/1221/527 3183/1217/527
f 3200/1234/527 3183/1217/527 3196/1230/527
f 3202/1236/534 3189/1223/534 3187/1221/534
f 3202/1236/534 3187/1221/534 3200/1234/534
f 3205/1239/2 3180/1214/2 3179/1213/2
f 3205/1239/2 3179/1213/2 3206/1240/2
f 3185/1219/3 3184/1218/3 3207/1241/3
f 3185/1219/3 3207/1241/3 3208/1242/3
f 3184/1218/4 3188/1222/4 3209/1243/4
f 3184/1218/4 3209/1243/4 3207/1241/4
f 3188/1222/1 3190/1224/1 3210/1244/1
f 3188/1222/1 3210/1244/1 3209/1243/1
f 3211/1245/2 3212/1246/2 3213/1247/2
f 3211/1245/2 3213/1247/2 3214/1248/2
f 3215/1249/3 3216/1250/3 3217/1251/3
f 3215/1249/3 3217/1251/3 3218/1252/3
f 3216/1250/4 3219/1253/4 3220/1254/4
f 3216/1250/4 3220/1254/4 3217/1251/4
f 3219/1253/1 3221/1255/1 3222/1256/1
f 3219/1253/1 3222/1256/1 3220/1254/1
f 3205/1239/481 3206/1240/481 3213/1247/481
f 3205/1239/481 3213/1247/481 3212/1246/481
f 3208/1242/530 3207/1241/530 3216/1250/530
f 3208/1242/530 3216/1250/530 3215/1249/530
f 3223/1257/6 3211/1245/6 3214/1248/6
f 3223/1257/6 3214/1248/6 3224/1258/6
f 3207/1241/482 3209/1243/482 3219/1253/482
f 3207/1241/482 3219/1253/482 3216/1250/482
f 3209/1243/531 3210/1244/531 3221/1255/531
f 3209/1243/531 3221/1255/531 3219/1253/531
f 3242/1215/2 3243/1214/2 3244/1213/2
f 3242/1215/2 3244/1213/2 3245/1216/2
f 3246/1219/1 3247/1218/1 3248/1217/1
f 3246/1219/1 3248/1217/1 3249/1220/1
f 3247/1218/4 3250/1222/4 3251/1221/4
f 3247/1218/4 3251/1221/4 3248/1217/4
f 3250/1222/3 3252/1224/3 3253/1223/3
f 3250/1222/3 3253/1223/3 3251/1221/3
f 3254/1227/2 3255/1226/2 3256/1225/2
f 3254/1227/2 3256/1225/2 3257/1228/2
f 3258/1231/1 3259/1230/1 3260/1229/1
f 3258/1231/1 3260/1229/1 3261/1232/1
f 3259/1230/4 3262/1234/4 3263/1233/4
f 3259/1230/4 3263/1233/4 3260/1229/4
f 3262/1234/3 3264/1236/3 3265/1235/3
f 3262/1234/3 3265/1235/3 3263/1233/3
f 3242/1215/479 3245/1216/479 3256/1225/479
f 3242/1215/479 3256/1225/479 3255/1226/479
f 3249/1220/541 3248/1217/541 3259/1230/541
f 3249/1220/541 3259/1230/541 3258/1231/541
f 3257/1228/5 3266/1238/5 3267/1237/5
f 3257/1228/5 3267/1237/5 3254/1227/5
f 3248/1217/480 3251/1221/480 3262/1234/480
f 3248/1217/480 3262/1234/480 3259/1230/480
f 3251/1221/532 3253/1223/532 3264/1236/533
f 3251/1221/532 3264/1236/533 3262/1234/533
f 3244/1213/2 3243/1214/2 3268/1239/2
f 3244/1213/2 3268/1239/2 3269/1240/2
f 3270/1241/1 3247/1218/1 3246/1219/1
f 3270/1241/1 3246/1219/1 3271/1242/1
f 3272/1243/4 3250/1222/4 3247/1218/4
f 3272/1243/4 3247/1218/4 3270/1241/4
f 3273/1244/3 3252/1224/3 3250/1222/3
f 3273/1244/3 3250/1222/3 3272/1243/3
f 3274/1247/2 3275/1246/2 3276/1245/2
f 3274/1247/2 3276/1245/2 3277/1248/2
f 3278/1251/1 3279/1250/1 3280/1249/1
f 3278/1251/1 3280/1249/1 3281/1252/1
f 3282/1254/4 3283/1253/4 3279/1250/4
f 3282/1254/4 3279/1250/4 3278/1251/4
f 3284/1256/3 3285/1255/3 3283/1253/3
f 3284/1256/3 3283/1253/3 3282/1254/3
f 3274/1247/481 3269/1240/481 3268/1239/481
f 3274/1247/481 3268/1239/481 3275/1246/481
f 3279/1250/538 3270/1241/538 3271/1242/538
f 3279/1250/538 3271/1242/538 3280/1249/538
f 3277/1248/6 3276/1245/6 3286/1257/6
f 3277/1248/6 3286/1257/6 3287/1258/6
f 3283/1253/482 3272/1243/482 3270/1241/482
f 3283/1253/482 3270/1241/482 3279/1250/482
f 3285/1255/540 3273/1244/540 3272/1243/540
f 3285/1255/540 3272/1243/540 3283/1253/540
f 3288/1287/1 3289/1286/1 3290/1285/1
f 3288/1287/1 3290/1285/1 3291/1288/1
f 3292/1291/2 3293/1290/2 3294/1289/2
f 3292/1291/2 3294/1289/2 3295/1292/2
f 3296/1294/3 3297/1293/3 3294/1289/3
f 3296/1294/3 3294/1289/3 3293/1290/3
f 3296/1294/4 3298/1296/4 3299/1295/4
f 3296/1294/4 3299/1295/4 3297/1293/4
f 3297/1293/6 3300/1298/6 3301/1297/6
f 3297/1293/6 3301/1297/6 3294/1289/6
f 3289/1286/5 3296/1294/5 3293/1290/5
f 3289/1286/5 3293/1290/5 3290/1285/5
f 3302/1301/1 3303/1300/1 3304/1299/1
f 3302/1301/1 3304/1299/1 3305/1302/1
f 3305/1302/2 3304/1299/2 3306/1303/2
f 3305/1302/2 3306/1303/2 3307/1304/2
f 3308/1307/3 3309/1306/3 3310/1305/3
f 3308/1307/3 3310/1305/3 3311/1308/3
f 3311/1308/4 3310/1305/4 3303/1300/4
f 3311/1308/4 3303/1300/4 3302/1301/4
f 3311/1308/6 3302/1301/6 3312/1309/6
f 3311/1308/6 3312/1309/6 3313/1310/6
f 3303/1300/5 3310/1305/5 3314/1311/5
f 3303/1300/5 3314/1311/5 3315/1312/5
f 3316/1/1 3317/2/1 3318/3/1
f 3316/1/1 3318/3/1 3319/4/1
f 3320/5/2 3316/1/2 3319/4/2
f 3320/5/2 3319/4/2 3321/6/2
f 3322/7/3 3320/5/3 3321/6/3
f 3322/7/3 3321/6/3 3323/8/3
f 3324/9/4 3325/10/4 3326/11/4
f 3324/9/4 3326/11/4 3327/12/4
f 3319/4/5 3327/12/5 3326/11/5
f 3319/4/5 3326/11/5 3321/6/5
f 3320/5/6 3328/13/6 3329/14/6
f 3320/5/6 3329/14/6 3316/1/6
f 3330/1287/1 3331/1286/1 3332/1285/1
f 3330/1287/1 3332/1285/1 3333/1288/1
f 3334/1291/2 3335/1290/2 3336/1289/2
f 3334/1291/2 3336/1289/2 3337/1292/2
f 3338/1294/3 3339/1293/3 3336/1289/3
f 3338/1294/3 3336/1289/3 3335/1290/3
f 3338/1294/4 3340/1296/4 3341/1295/4
f 3338/1294/4 3341/1295/4 3339/1293/4
f 3339/1293/6 3342/1298/6 3343/1297/6
f 3339/1293/6 3343/1297/6 3336/1289/6
f 3331/1286/5 3338/1294/5 3335/1290/5
f 3331/1286/5 3335/1290/5 3332/1285/5
f 3344/15/1 3345/16/1 3346/17/1
f 3344/15/1 3346/17/1 3347/18/1
f 3347/18/2 3346/17/2 3348/19/2
f 3347/18/2 3348/19/2 3349/20/2
f 3349/20/3 3348/19/3 3350/21/3
f 3349/20/3 3350/21/3 3351/22/3
f 3352/23/4 3353/24/4 3354/25/4
f 3352/23/4 3354/25/4 3355/26/4
f 3356/27/6 3357/28/6 3347/18/6
f 3356/27/6 3347/18/6 3349/20/6
f 3354/25/5 3353/24/5 3348/19/5
f 3354/25/5 3348/19/5 3346/17/5
f 3358/29/1 3359/30/1 3360/31/1
f 3358/29/1 3360/31/1 3361/32/1
f 3362/33/2 3358/29/2 3361/32/2
f 3362/33/2 3361/32/2 3363/34/2
f 3364/35/3 3362/33/3 3363/34/3
f 3364/35/3 3363/34/3 3365/36/3
f 3366/37/4 3367/38/4 3368/39/4
f 3366/37/4 3368/39/4 3369/40/4
f 3361/32/5 3369/40/5 3368/39/5
f 3361/32/5 3368/39/5 3363/34/5
f 3362/33/6 3370/41/6 3371/42/6
f 3362/33/6 3371/42/6 3358/29/6
f 3372/43/1 3373/44/1 3374/45/1
f 3372/43/1 3374/45/1 3375/46/1
f 3375/46/2 3374/45/2 3376/47/2
f 3375/46/2 3376/47/2 3377/48/2
f 3377/48/3 3376/47/3 3378/49/3
f 3377/48/3 3378/49/3 3379/50/3
f 3380/51/4 3381/52/4 3382/53/4
f 3380/51/4 3382/53/4 3383/54/4
f 3384/55/6 3385/56/6 3375/46/6
f 3384/55/6 3375/46/6 3377/48/6
f 3382/53/5 3381/52/5 3376/47/5
f 3382/53/5 3376/47/5 3374/45/5
f 3386/57/1 3387/58/1 3388/59/1
f 3386/57/1 3388/59/1 3389/60/1
f 3390/61/2 3386/57/2 3389/60/2
f 3390/61/2 3389/60/2 3391/62/2
f 3392/63/3 3390/61/3 3391/62/3
f 3392/63/3 3391/62/3 3393/64/3
f 3394/65/4 3395/66/4 3396/67/4
f 3394/65/4 3396/67/4 3397/68/4
f 3389/60/5 3397/68/5 3396/67/5
f 3389/60/5 3396/67/5 3391/62/5
f 3390/61/6 3398/69/6 3399/70/6
f 3390/61/6 3399/70/6 3386/57/6
f 3400/71/1 3401/72/1 3402/73/1
f 3400/71/1 3402/73/1 3403/74/1
f 3403/74/2 3402/73/2 3404/75/2
f 3403/74/2 3404/75/2 3405/76/2
f 3405/76/3 3404/75/3 3406/77/3
f 3405/76/3 3406/77/3 3407/78/3
f 3408/79/4 3409/80/4 3410/81/4
f 3408/79/4 3410/81/4 3411/82/4
f 3412/83/6 3413/84/6 3403/74/6
f 3412/83/6 3403/74/6 3405/76/6
f 3410/81/5 3409/80/5 3404/75/5
f 3410/81/5 3404/75/5 3402/73/5
f 3414/1301/1 3415/1300/1 3416/1299/1
f 3414/1301/1 3416/1299/1 3417/1302/1
f 3417/1302/2 3416/1299/2 3418/1303/2
f 3417/1302/2 3418/1303/2 3419/1304/2
f 3420/1307/3 3421/1306/3 3422/1305/3
f 3420/1307/3 3422/1305/3 3423/1308/3
f 3423/1308/4 3422/1305/4 3415/1300/4
f 3423/1308/4 3415/1300/4 3414/1301/4
f 3423/1308/6 3414/1301/6 3424/1309/6
f 3423/1308/6 3424/1309/6 3425/1310/6
f 3415/1300/5 3422/1305/5 3426/1311/5
f 3415/1300/5 3426/1311/5 3427/1312/5
f 3428/1285/1 3429/1286/1 3430/1287/1
f 3428/1285/1 3430/1287/1 3431/1288/1
f 3432/1289/4 3433/1290/4 3434/1291/4
f 3432/1289/4 3434/1291/4 3435/1292/4
f 3432/1289/3 3436/1293/3 3437/1294/3
f 3432/1289/3 3437/1294/3 3433/1290/3
f 3438/1295/2 3439/1296/2 3437/1294/2
f 3438/1295/2 3437/1294/2 3436/1293/2
f 3440/1297/6 3441/1298/6 3436/1293/6
f 3440/1297/6 3436/1293/6 3432/1289/6
f 3433/1290/5 3437/1294/5 3429/1286/5
f 3433/1290/5 3429/1286/5 3428/1285/5
f 3442/1299/1 3443/1300/1 3444/1301/1
f 3442/1299/1 3444/1301/1 3445/1302/1
f 3446/1303/4 3442/1299/4 3445/1302/4
f 3446/1303/4 3445/1302/4 3447/1304/4
f 3448/1305/3 3449/1306/3 3450/1307/3
f 3448/1305/3 3450/1307/3 3451/1308/3
f 3443/1300/2 3448/1305/2 3451/1308/2
f 3443/1300/2 3451/1308/2 3444/1301/2
f 3452/1309/6 3444/1301/6 3451/1308/6
f 3452/1309/6 3451/1308/6 3453/1310/6
f 3454/1311/5 3448/1305/5 3443/1300/5
f 3454/1311/5 3443/1300/5 3455/1312/5
f 3456/3/1 3457/2/1 3458/1/1
f 3456/3/1 3458/1/1 3459/4/1
f 3459/4/4 3458/1/4 3460/5/4
f 3459/4/4 3460/5/4 3461/6/4
f 3461/6/3 3460/5/3 3462/7/3
f 3461/6/3 3462/7/3 3463/8/3
f 3464/11/2 3465/10/2 3466/9/2
f 3464/11/2 3466/9/2 3467/12/2
f 3464/11/5 3467/12/5 3459/4/5
f 3464/11/5 3459/4/5 3461/6/5
f 3468/14/6 3469/13/6 3460/5/6
f 3468/14/6 3460/5/6 3458/1/6
f 3470/1285/1 3471/1286/1 3472/1287/1
f 3470/1285/1 3472/1287/1 3473/1288/1
f 3474/1289/4 3475/1290/4 3476/1291/4
f 3474/1289/4 3476/1291/4 3477/1292/4
f 3474/1289/3 3478/1293/3 3479/1294/3
f 3474/1289/3 3479/1294/3 3475/1290/3
f 3480/1295/2 3481/1296/2 3479/1294/2
f 3480/1295/2 3479/1294/2 3478/1293/2
f 3482/1297/6 3483/1298/6 3478/1293/6
f 3482/1297/6 3478/1293/6 3474/1289/6
f 3475/1290/5 3479/1294/5 3471/1286/5
f 3475/1290/5 3471/1286/5 3470/1285/5
f 3484/17/1 3485/16/1 3486/15/1
f 3484/17/1 3486/15/1 3487/18/1
f 3488/19/4 3484/17/4 3487/18/4
f 3488/19/4 3487/18/4 3489/20/4
f 3490/21/3 3488/19/3 3489/20/3
f 3490/21/3 3489/20/3 3491/22/3
f 3492/25/2 3493/24/2 3494/23/2
f 3492/25/2 3494/23/2 3495/26/2
f 3487/18/6 3496/28/6 3497/27/6
f 3487/18/6 3497/27/6 3489/20/6
f 3488/19/5 3493/24/5 3492/25/5
f 3488/19/5 3492/25/5 3484/17/5
f 3498/31/1 3499/30/1 3500/29/1
f 3498/31/1 3500/29/1 3501/32/1
f 3501/32/4 3500/29/4 3502/33/4
f 3501/32/4 3502/33/4 3503/34/4
f 3503/34/3 3502/33/3 3504/35/3
f 3503/34/3 3504/35/3 3505/36/3
f 3506/39/2 3507/38/2 3508/37/2
f 3506/39/2 3508/37/2 3509/40/2
f 3506/39/5 3509/40/5 3501/32/5
f 3506/39/5 3501/32/5 3503/34/5
f 3510/42/6 3511/41/6 3502/33/6
f 3510/42/6 3502/33/6 3500/29/6
f 3512/45/1 3513/44/1 3514/43/1
f 3512/45/1 3514/43/1 3515/46/1
f 3516/47/4 3512/45/4 3515/46/4
f 3516/47/4 3515/46/4 3517/48/4
f 3518/49/3 3516/47/3 3517/48/3
f 3518/49/3 3517/48/3 3519/50/3
f 3520/53/2 3521/52/2 3522/51/2
f 3520/53/2 3522/51/2 3523/54/2
f 3515/46/6 3524/56/6 3525/55/6
f 3515/46/6 3525/55/6 3517/48/6
f 3516/47/5 3521/52/5 3520/53/5
f 3516/47/5 3520/53/5 3512/45/5
f 3526/59/1 3527/58/1 3528/57/1
f 3526/59/1 3528/57/1 3529/60/1
f 3529/60/4 3528/57/4 3530/61/4
f 3529/60/4 3530/61/4 3531/62/4
f 3531/62/3 3530/61/3 3532/63/3
f 3531/62/3 3532/63/3 3533/64/3
f 3534/67/2 3535/66/2 3536/65/2
f 3534/67/2 3536/65/2 3537/68/2
f 3534/67/5 3537/68/5 3529/60/5
f 3534/67/5 3529/60/5 3531/62/5
f 3538/70/6 3539/69/6 3530/61/6
f 3538/70/6 3530/61/6 3528/57/6
f 3540/73/1 3541/72/1 3542/71/1
f 3540/73/1 3542/71/1 3543/74/1
f 3544/75/4 3540/73/4 3543/74/4
f 3544/75/4 3543/74/4 3545/76/4
f 3546/77/3 3544/75/3 3545/76/3
f 3546/77/3 3545/76/3 3547/78/3
f 3548/81/2 3549/80/2 3550/79/2
f 3548/81/2 3550/79/2 3551/82/2
f 3543/74/6 3552/84/6 3553/83/6
f 3543/74/6 3553/83/6 3545/76/6
f 3544/75/5 3549/80/5 3548/81/5
f 3544/75/5 3548/81/5 3540/73/5
f 3554/1299/1 3555/1300/1 3556/1301/1
f 3554/1299/1 3556/1301/1 3557/1302/1
f 3558/1303/4 3554/1299/4 3557/1302/4
f 3558/1303/4 3557/1302/4 3559/1304/4
f 3560/1305/3 3561/1306/3 3562/1307/3
f 3560/1305/3 3562/1307/3 3563/1308/3
f 3555/1300/2 3560/1305/2 3563/1308/2
f 3555/1300/2 3563/1308/2 3556/1301/2
f 3564/1309/6 3556/1301/6 3563/1308/6
f 3564/1309/6 3563/1308/6 3565/1310/6
f 3566/1311/5 3560/1305/5 3555/1300/5
f 3566/1311/5 3555/1300/5 3567/1312/5
f 3568/85/542 3569/86/542 3570/87/542
f 3568/85/542 3570/87/542 3571/88/542
f 3572/89/448 3573/90/448 3574/91/448
f 3572/89/448 3574/91/448 3575/92/448
f 3570/87/6 3576/93/6 3577/94/6
f 3570/87/6 3577/94/6 3571/88/6
f 3568/85/5 3573/90/5 3572/89/5
f 3568/85/5 3572/89/5 3569/86/5
f 3578/95/542 3579/96/542 3580/97/542
f 3578/95/542 3580/97/542 3581/98/542
f 3582/99/448 3583/100/448 3584/101/448
f 3582/99/448 3584/101/448 3585/102/448
f 3580/97/9 3585/102/9 3584/101/9
f 3580/97/9 3584/101/9 3581/98/9
f 3578/95/5 3586/103/5 3587/104/5
f 3578/95/5 3587/104/5 3579/96/5
f 3588/97/543 3589/96/543 3590/95/543
f 3588/97/543 3590/95/543 3591/98/543
f 3592/101/511 3593/100/511 3594/99/511
f 3592/101/511 3594/99/511 3595/102/511
f 3592/101/505 3595/102/505 3588/97/505
f 3592/101/505 3588/97/505 3591/98/505
f 3596/104/5 3597/103/5 3590/95/5
f 3596/104/5 3590/95/5 3589/96/5
f 3598/87/543 3599/86/543 3600/85/543
f 3598/87/543 3600/85/543 3601/88/543
f 3602/91/511 3603/90/511 3604/89/511
f 3602/91/511 3604/89/511 3605/92/511
f 3606/94/6 3607/93/6 3598/87/6
f 3606/94/6 3598/87/6 3601/88/6
f 3604/89/5 3603/90/5 3600/85/5
f 3604/89/5 3600/85/5 3599/86/5
# Vertices: 3607, normals: 543, texture coordinates: 1312, faces: 4308

